read_at,city,area,storage_id,name,day,hour,weekday,capacity,booked,free,status
2026-10-07 23:08,rome,termini,1109,Luggage Storage Termini,2026-10-08,0,weekday,300,11,289,read
2026-10-07 23:08,rome,termini,739,Luggage Storage Marsala - Termini,2026-10-08,0,weekday,200,2,198,read
2026-10-07 23:08,rome,trastevere,913,Luggage Storage Viale Trastevere,2026-10-08,0,weekday,80,0,80,read
2026-10-07 23:08,rome,via-del-corso,5660,Luggage Storage Via Del Corso,2026-10-08,0,weekday,25,0,25,read
2026-10-07 23:08,rome,termini,6473159,Luggage Storage Via Marghera / Via Dei Mille,2026-10-08,0,weekday,10,0,10,read
2026-10-07 23:08,rome,termini,6472955,Luggage Storage Milazzo / Termini Station,2026-10-08,0,weekday,100,0,100,read
2026-10-07 23:08,rome,termini,6472954,Luggage Storage Marsala / Milazzo,2026-10-08,0,weekday,100,0,100,read
2026-10-07 23:08,rome,termini,6472953,Luggage Storage Milazzo / Magenta,2026-10-08,0,weekday,100,0,100,read
2026-10-07 23:08,rome,ostiense,6470454,Luggage Storage Basilica S. Paolo,2026-10-08,0,weekday,50,0,50,read
2026-10-07 23:08,rome,repubblica,6469637,Luggage Storage Via Quattro Fontane,2026-10-08,0,weekday,50,0,50,read
2026-10-07 23:08,rome,trastevere,6461932,Luggage Storage near Piazza Trilussa,2026-10-08,0,weekday,20,1,19,read
2026-10-07 23:08,rome,termini,6459912,Luggage Storage Amendola / Termini Station,2026-10-08,0,weekday,20,0,20,read
2026-10-07 23:08,rome,termini,6457349,Luggage Storage Termini Metro Station,2026-10-08,0,weekday,45,0,45,read
2026-10-07 23:08,rome,portuense,6454526,Luggage Storage Circonvallazione Gianicolense,2026-10-08,0,weekday,20,0,20,read
2026-10-07 23:08,rome,trastevere,5086,Luggage Storage Piazza Scotti,2026-10-08,0,weekday,50,0,50,read
2026-10-07 23:08,rome,aventino,3992,Luggage Storage Aventino,2026-10-08,0,weekday,100,0,100,read
2026-10-07 23:08,milan,palazzo-di-giustizia,6550,Luggage Storage Viale Regina Margherita,2026-10-08,0,weekday,30,0,30,read
2026-10-07 23:08,milan,san-babila,2709,Luggage Storage San Babila,2026-10-08,0,weekday,50,0,50,read
2026-10-07 23:08,milan,corso-buenos-aires,9020,Luggage Storage near Corso Buenos Aires,2026-10-08,0,weekday,20,0,20,read
2026-10-07 23:08,milan,milan-centrale-railway-station,6991,Luggage Storage Milano Porta Venezia,2026-10-08,0,weekday,45,0,45,read
2026-10-07 23:08,milan,missori,6473109,Luggage Storage Colonne / Vetra,2026-10-08,0,weekday,40,0,40,read
2026-10-07 23:08,milan,milan-centrale-railway-station,6471137,Luggage Storage Centrale / Filzi,2026-10-08,0,weekday,100,0,100,read
2026-10-07 23:08,milan,politecnico-di-milano-campus-bovisa-la-masa,6470851,Luggage Storage Milano Bovisa,2026-10-08,0,weekday,20,0,20,read
2026-10-07 23:08,milan,porta-romana,6469207,Luggage Storage Piazzale Libia,2026-10-08,0,weekday,20,0,20,read
2026-10-07 23:08,milan,navigli,6463299,Luggage Storage Corso S. Gottardo,2026-10-08,0,weekday,20,1,19,read
2026-10-07 23:08,milan,milano-repubblica-station,6462258,Luggage Storage near Milano Repubblica,2026-10-08,0,weekday,20,0,20,read
2026-10-07 23:08,milan,navigli,6459502,Luggage Storage Ripa Di Porta Ticinese,2026-10-08,0,weekday,35,0,35,read
2026-10-07 23:08,milan,bicocca,6459489,Luggage Storage Ponale,2026-10-08,0,weekday,20,0,20,read
2026-10-07 23:08,milan,lambrate,6459487,Luggage Storage Via Porpora,2026-10-08,0,weekday,20,0,20,read
2026-10-07 23:08,milan,porta-ticinese,6459398,Luggage Storage Porta Ticinese,2026-10-08,0,weekday,20,0,20,read
2026-10-07 23:08,milan,santa-maria-delle-grazie,6458624,Luggage Storage Via Solari,2026-10-08,0,weekday,20,0,20,read
2026-10-07 23:08,milan,porta-genova,6458616,Luggage Storage Conca Del Naviglio,2026-10-08,0,weekday,35,0,35,read
2026-10-07 23:08,milan,washington,6458560,Luggage Storage Wagner,2026-10-08,0,weekday,35,0,35,read
2026-10-07 23:08,milan,milano-repubblica-station,6458359,Luggage Storage Milano Repubblica Train Station,2026-10-08,0,weekday,100,0,100,read
2026-10-07 23:08,milan,niguarda,6457565,Luggage Storage Milan Segnano,2026-10-08,0,weekday,20,0,20,read
2026-10-07 23:08,milan,milan-centrale-railway-station,6456714,Luggage Storage near Mercato Centrale Milano,2026-10-08,0,weekday,50,0,50,read
2026-10-07 23:08,milan,milan-centrale-railway-station,6452762,Luggage Storage Milano Centrale / Via Ponte Seveso,2026-10-08,0,weekday,55,0,55,read
2026-10-07 23:08,naples,naples-centrale-train-station,188,Luggage Storage Naples Centrale,2026-10-08,0,weekday,300,0,300,read
2026-10-07 23:08,naples,naples-centrale-train-station,1835,Luggage Storage Naples Train Station,2026-10-08,0,weekday,45,0,45,read
2026-10-07 23:08,naples,monument-of-giuseppe-garibaldi,2697,Luggage Storage Corso Umberto I,2026-10-08,0,weekday,30,0,30,read
2026-10-07 23:08,naples,naples-city-center,5681,Luggage Storage near Sansevero Chapel,2026-10-08,0,weekday,50,0,50,read
2026-10-07 23:08,naples,napoli-porta-nolana,9071,Luggage Storage Duomo / Corso Umberto I,2026-10-08,0,weekday,60,0,60,read
2026-10-07 23:08,naples,mergellina-port,6717,Luggage Storage Via Piedigrotta,2026-10-08,0,weekday,50,0,50,read
2026-10-07 23:08,naples,vomero,6473629,Luggage Storage Arenella,2026-10-08,0,weekday,20,0,20,read
2026-10-07 23:08,naples,vomero,6473440,Luggage Storage Piazza Degli Artisti,2026-10-08,0,weekday,30,0,30,read
2026-10-07 23:08,naples,municipio,6470807,Luggage Storage Piazza Plebiscito,2026-10-08,0,weekday,50,0,50,read
2026-10-07 23:08,naples,via-chiaia,6470110,Luggage Storage Chiaia,2026-10-08,0,weekday,100,0,100,read
2026-10-07 23:08,naples,universita,6461871,Luggage Storage Molo Immacolatella Vecchia,2026-10-08,0,weekday,30,0,30,read
2026-10-07 23:08,naples,naples-city-center,5972,Luggage Storage Diana Theatre,2026-10-08,0,weekday,15,0,15,read
2026-10-07 23:08,naples,santa-lucia,5763,Luggage Storage Santa Lucia,2026-10-08,0,weekday,100,0,100,read
2026-10-07 23:08,florence,santa-maria-novella,884,Luggage Storage Santa Maria Novella,2026-10-08,0,weekday,140,10,130,read
2026-10-07 23:08,florence,basilica-of-santa-maria-novella,6461934,Luggage Storage Via Ghibellina,2026-10-08,0,weekday,20,0,20,read
2026-10-07 23:08,turin,museo-pietro-micca,7213,Luggage Storage Porta Susa Railway Station,2026-10-08,0,weekday,95,0,95,read
2026-10-07 23:08,turin,city-center,6472386,Luggage Storage Rossini Tram Stop,2026-10-08,0,weekday,40,0,40,read
2026-10-07 23:08,catania,borgo-sanzio,6458945,Luggage Storage Orto Botanico di Catania,2026-10-08,0,weekday,20,0,20,read
2026-10-07 23:08,catania,catania-airport,6454786,Luggage Storage near Catania Airport,2026-10-08,0,weekday,50,2,48,read
2026-10-07 23:08,catania,city-center,6453899,Luggage Storage Catania Centrale,2026-10-08,0,weekday,35,0,35,read
2026-10-07 23:08,venice,venice-marco-polo-airport,6452148,Luggage Storage near Venice Marco Polo Area,2026-10-08,0,weekday,45,0,45,read
2026-10-07 23:08,bari,altamura,6455039,Luggage Storage Altamura St Mary'S Cathedral,2026-10-08,0,weekday,10,0,10,read
2026-10-07 23:08,bari,fiera-del-levante,1377,Luggage Storage Via Napoli,2026-10-08,0,weekday,30,0,30,read
2026-10-07 23:08,palermo,palermo-city-center,7123,Luggage Storage Monte Di Pietà,2026-10-08,0,weekday,30,0,30,read
2026-10-07 23:08,bologna,bologna-centrale-railway-station,6460518,Luggage Storage near Bologna Station,2026-10-08,0,weekday,55,0,55,read
2026-10-07 23:08,lecce,railway-station,6408,Luggage Storage Lecce Train Station,2026-10-08,0,weekday,70,1,69,read
2026-10-07 23:08,syracuse,station,6539,Luggage Storage Syracuse Railway Station,2026-10-08,0,weekday,30,0,30,read
2026-10-07 23:08,rimini,rimini-train-station,226,Luggage Storage Rimini Train Station,2026-10-08,0,weekday,300,0,300,read
2026-10-07 23:08,rimini,lungomare-augusto-murri,3797,Luggage Storage Rimini Beach,2026-10-08,0,weekday,15,0,15,read
2026-10-07 23:08,rimini,federico-fellini-international-airport,6460885,Luggage Storage Rimini Miramare,2026-10-08,0,weekday,20,0,20,read
2026-10-07 23:08,rimini,bellariva,6453303,Luggage Storage Viale Regina Elena,2026-10-08,0,weekday,50,0,50,read
2026-10-07 23:08,sorrento,sorrento-train-station,6579,Luggage Storage Piazza Tasso,2026-10-08,0,weekday,30,0,30,read
2026-10-07 23:08,sorrento,sorrento-train-station,6461804,Luggage Storage Piazza Lauro,2026-10-08,0,weekday,30,0,30,read
2026-10-07 23:08,sorrento,sant-agnello,6459956,Luggage Storage Sant'Agnello,2026-10-08,0,weekday,20,0,20,read
2026-10-07 23:08,la-spezia,la-spezia-centrale,6459699,Luggage Storage La Spezia Station,2026-10-08,0,weekday,60,,,unavailable
2026-10-07 23:08,mestre,mestre-train-station,5326,Luggage Storage Mestre Train Station,2026-10-08,0,weekday,100,2,98,read
2026-10-07 23:08,perugia,central-station,6460204,Luggage Storage Perugia Station 24H,2026-10-08,0,weekday,20,0,20,read
2026-10-07 23:08,reggio-calabria,villa-san-giovanni,5948,Luggage Storage Villa San Giovanni Station,2026-10-08,0,weekday,50,0,50,read
2026-10-07 23:08,ferrara,city-center,873,Luggage Storage Ferrara City Center,2026-10-08,0,weekday,15,0,15,read
2026-10-07 23:08,ferrara,city-center,6451982,Luggage Storage Viale Cavour / Ferrara Castle,2026-10-08,0,weekday,50,0,50,read
2026-10-07 23:08,parma,city-center,6473550,Luggage Storage Arch of San Lazzaro,2026-10-08,0,weekday,10,0,10,read
2026-10-07 23:08,polignano-a-mare,city-center,6455631,Luggage Storage San Vito Beach,2026-10-08,0,weekday,10,0,10,read
2026-10-07 23:08,ravenna,main-station,6453186,Luggage Storage Via Molinetto,2026-10-08,0,weekday,20,0,20,read
2026-10-07 23:08,trieste,trieste-train-station,3904,Luggage Storage near Trieste Central Station,2026-10-08,0,weekday,45,0,45,read
2026-10-07 23:08,ancona,ancona-train-station,458,Luggage Storage Ancona Train Station,2026-10-08,0,weekday,100,0,100,read
2026-10-07 23:08,padua,main-station,7281,Luggage Storage Via Sarpi,2026-10-08,0,weekday,60,0,60,read
2026-10-07 23:08,imola,city-center,6467886,Luggage Storage Piazza Matteotti,2026-10-08,0,weekday,200,0,200,read
2026-10-07 23:08,sassari,city-center,7623,Luggage Storage Viale Dante,2026-10-08,0,weekday,20,0,20,read
2026-10-07 23:08,caltanissetta,caltanissetta-centrale,7727,Luggage Storage Caltanissetta Train Station,2026-10-08,0,weekday,10,0,10,read
2026-10-07 23:08,milazzo,port,6471045,Luggage Storage Via dei Mille,2026-10-08,0,weekday,200,0,200,read
2026-10-07 23:08,prato,prato-centrale,4478,Luggage Storage Prato City Center,2026-10-08,0,weekday,40,0,40,read
2026-10-07 23:08,lamezia-terme,train-station,6452912,Luggage Storage Lamezia Terme Centrale,2026-10-08,0,weekday,30,0,30,read
2026-10-07 23:08,sanremo,city-center,7763,Luggage Storage Sanremo City Center,2026-10-08,0,weekday,20,0,20,read
2026-10-07 23:08,ventimiglia,city-center-ventimiglia,6469655,Luggage Storage Ventimiglia Railway Station,2026-10-08,0,weekday,50,0,50,read
2026-10-07 23:08,trani,trani-transit-station,6936,Luggage Storage Trani Port,2026-10-08,0,weekday,50,0,50,read
2026-10-08 00:06,rome,termini,1109,Luggage Storage Termini,2026-10-08,1,weekday,300,11,289,read
2026-10-08 00:06,rome,termini,739,Luggage Storage Marsala - Termini,2026-10-08,1,weekday,200,,,unavailable
2026-10-08 00:06,rome,trastevere,913,Luggage Storage Viale Trastevere,2026-10-08,1,weekday,80,0,80,read
2026-10-08 00:06,rome,via-del-corso,5660,Luggage Storage Via Del Corso,2026-10-08,1,weekday,25,0,25,read
2026-10-08 00:06,rome,termini,6473159,Luggage Storage Via Marghera / Via Dei Mille,2026-10-08,1,weekday,10,0,10,read
2026-10-08 00:06,rome,termini,6472955,Luggage Storage Milazzo / Termini Station,2026-10-08,1,weekday,100,0,100,read
2026-10-08 00:06,rome,termini,6472954,Luggage Storage Marsala / Milazzo,2026-10-08,1,weekday,100,0,100,read
2026-10-08 00:06,rome,termini,6472953,Luggage Storage Milazzo / Magenta,2026-10-08,1,weekday,100,0,100,read
2026-10-08 00:06,rome,ostiense,6470454,Luggage Storage Basilica S. Paolo,2026-10-08,1,weekday,50,,,unavailable
2026-10-08 00:06,rome,repubblica,6469637,Luggage Storage Via Quattro Fontane,2026-10-08,1,weekday,50,0,50,read
2026-10-08 00:06,rome,trastevere,6461932,Luggage Storage near Piazza Trilussa,2026-10-08,1,weekday,20,,,unavailable
2026-10-08 00:06,rome,termini,6459912,Luggage Storage Amendola / Termini Station,2026-10-08,1,weekday,20,0,20,read
2026-10-08 00:06,rome,termini,6457349,Luggage Storage Termini Metro Station,2026-10-08,1,weekday,45,0,45,read
2026-10-08 00:06,rome,portuense,6454526,Luggage Storage Circonvallazione Gianicolense,2026-10-08,1,weekday,20,,,unavailable
2026-10-08 00:06,rome,trastevere,5086,Luggage Storage Piazza Scotti,2026-10-08,1,weekday,50,0,50,read
2026-10-08 00:06,rome,aventino,3992,Luggage Storage Aventino,2026-10-08,1,weekday,100,0,100,read
2026-10-08 00:06,milan,palazzo-di-giustizia,6550,Luggage Storage Viale Regina Margherita,2026-10-08,1,weekday,30,0,30,read
2026-10-08 00:06,milan,san-babila,2709,Luggage Storage San Babila,2026-10-08,1,weekday,50,0,50,read
2026-10-08 00:06,milan,corso-buenos-aires,9020,Luggage Storage near Corso Buenos Aires,2026-10-08,1,weekday,20,0,20,read
2026-10-08 00:06,milan,milan-centrale-railway-station,6991,Luggage Storage Milano Porta Venezia,2026-10-08,1,weekday,45,0,45,read
2026-10-08 00:06,milan,missori,6473109,Luggage Storage Colonne / Vetra,2026-10-08,1,weekday,40,0,40,read
2026-10-08 00:06,milan,milan-centrale-railway-station,6471137,Luggage Storage Centrale / Filzi,2026-10-08,1,weekday,100,0,100,read
2026-10-08 00:06,milan,politecnico-di-milano-campus-bovisa-la-masa,6470851,Luggage Storage Milano Bovisa,2026-10-08,1,weekday,20,0,20,read
2026-10-08 00:06,milan,porta-romana,6469207,Luggage Storage Piazzale Libia,2026-10-08,1,weekday,20,,,unavailable
2026-10-08 00:06,milan,navigli,6463299,Luggage Storage Corso S. Gottardo,2026-10-08,1,weekday,20,,,unavailable
2026-10-08 00:06,milan,milano-repubblica-station,6462258,Luggage Storage near Milano Repubblica,2026-10-08,1,weekday,20,0,20,read
2026-10-08 00:06,milan,navigli,6459502,Luggage Storage Ripa Di Porta Ticinese,2026-10-08,1,weekday,35,0,35,read
2026-10-08 00:06,milan,bicocca,6459489,Luggage Storage Ponale,2026-10-08,1,weekday,20,,,unavailable
2026-10-08 00:06,milan,lambrate,6459487,Luggage Storage Via Porpora,2026-10-08,1,weekday,20,,,unavailable
2026-10-08 00:06,milan,porta-ticinese,6459398,Luggage Storage Porta Ticinese,2026-10-08,1,weekday,20,,,unavailable
2026-10-08 00:06,milan,santa-maria-delle-grazie,6458624,Luggage Storage Via Solari,2026-10-08,1,weekday,20,,,unavailable
2026-10-08 00:06,milan,porta-genova,6458616,Luggage Storage Conca Del Naviglio,2026-10-08,1,weekday,35,,,unavailable
2026-10-08 00:06,milan,washington,6458560,Luggage Storage Wagner,2026-10-08,1,weekday,35,0,35,read
2026-10-08 00:06,milan,milano-repubblica-station,6458359,Luggage Storage Milano Repubblica Train Station,2026-10-08,1,weekday,100,0,100,read
2026-10-08 00:06,milan,niguarda,6457565,Luggage Storage Milan Segnano,2026-10-08,1,weekday,20,0,20,read
2026-10-08 00:06,milan,milan-centrale-railway-station,6456714,Luggage Storage near Mercato Centrale Milano,2026-10-08,1,weekday,50,0,50,read
2026-10-08 00:06,milan,milan-centrale-railway-station,6452762,Luggage Storage Milano Centrale / Via Ponte Seveso,2026-10-08,1,weekday,55,0,55,read
2026-10-08 00:06,naples,naples-centrale-train-station,188,Luggage Storage Naples Centrale,2026-10-08,1,weekday,300,0,300,read
2026-10-08 00:06,naples,naples-centrale-train-station,1835,Luggage Storage Naples Train Station,2026-10-08,1,weekday,45,0,45,read
2026-10-08 00:06,naples,monument-of-giuseppe-garibaldi,2697,Luggage Storage Corso Umberto I,2026-10-08,1,weekday,30,0,30,read
2026-10-08 00:06,naples,naples-city-center,5681,Luggage Storage near Sansevero Chapel,2026-10-08,1,weekday,50,0,50,read
2026-10-08 00:06,naples,napoli-porta-nolana,9071,Luggage Storage Duomo / Corso Umberto I,2026-10-08,1,weekday,60,0,60,read
2026-10-08 00:06,naples,mergellina-port,6717,Luggage Storage Via Piedigrotta,2026-10-08,1,weekday,50,0,50,read
2026-10-08 00:06,naples,vomero,6473629,Luggage Storage Arenella,2026-10-08,1,weekday,20,0,20,read
2026-10-08 00:06,naples,vomero,6473440,Luggage Storage Piazza Degli Artisti,2026-10-08,1,weekday,30,0,30,read
2026-10-08 00:06,naples,municipio,6470807,Luggage Storage Piazza Plebiscito,2026-10-08,1,weekday,50,,,unavailable
2026-10-08 00:06,naples,via-chiaia,6470110,Luggage Storage Chiaia,2026-10-08,1,weekday,100,0,100,read
2026-10-08 00:06,naples,universita,6461871,Luggage Storage Molo Immacolatella Vecchia,2026-10-08,1,weekday,30,0,30,read
2026-10-08 00:06,naples,naples-city-center,5972,Luggage Storage Diana Theatre,2026-10-08,1,weekday,15,0,15,read
2026-10-08 00:06,naples,santa-lucia,5763,Luggage Storage Santa Lucia,2026-10-08,1,weekday,100,0,100,read
2026-10-08 00:06,florence,santa-maria-novella,884,Luggage Storage Santa Maria Novella,2026-10-08,1,weekday,140,10,130,read
2026-10-08 00:06,florence,basilica-of-santa-maria-novella,6461934,Luggage Storage Via Ghibellina,2026-10-08,1,weekday,20,0,20,read
2026-10-08 00:06,turin,museo-pietro-micca,7213,Luggage Storage Porta Susa Railway Station,2026-10-08,1,weekday,95,0,95,read
2026-10-08 00:06,turin,city-center,6472386,Luggage Storage Rossini Tram Stop,2026-10-08,1,weekday,40,,,unavailable
2026-10-08 00:06,catania,borgo-sanzio,6458945,Luggage Storage Orto Botanico di Catania,2026-10-08,1,weekday,20,0,20,read
2026-10-08 00:06,catania,catania-airport,6454786,Luggage Storage near Catania Airport,2026-10-08,1,weekday,50,2,48,read
2026-10-08 00:06,catania,city-center,6453899,Luggage Storage Catania Centrale,2026-10-08,1,weekday,35,0,35,read
2026-10-08 00:06,venice,venice-marco-polo-airport,6452148,Luggage Storage near Venice Marco Polo Area,2026-10-08,1,weekday,45,0,45,read
2026-10-08 00:06,bari,altamura,6455039,Luggage Storage Altamura St Mary'S Cathedral,2026-10-08,1,weekday,10,0,10,read
2026-10-08 00:06,bari,fiera-del-levante,1377,Luggage Storage Via Napoli,2026-10-08,1,weekday,30,0,30,read
2026-10-08 00:06,palermo,palermo-city-center,7123,Luggage Storage Monte Di Pietà,2026-10-08,1,weekday,30,0,30,read
2026-10-08 00:06,bologna,bologna-centrale-railway-station,6460518,Luggage Storage near Bologna Station,2026-10-08,1,weekday,55,0,55,read
2026-10-08 00:06,lecce,railway-station,6408,Luggage Storage Lecce Train Station,2026-10-08,1,weekday,70,1,69,read
2026-10-08 00:06,syracuse,station,6539,Luggage Storage Syracuse Railway Station,2026-10-08,1,weekday,30,0,30,read
2026-10-08 00:06,rimini,rimini-train-station,226,Luggage Storage Rimini Train Station,2026-10-08,1,weekday,300,0,300,read
2026-10-08 00:06,rimini,lungomare-augusto-murri,3797,Luggage Storage Rimini Beach,2026-10-08,1,weekday,15,0,15,read
2026-10-08 00:06,rimini,federico-fellini-international-airport,6460885,Luggage Storage Rimini Miramare,2026-10-08,1,weekday,20,0,20,read
2026-10-08 00:06,rimini,bellariva,6453303,Luggage Storage Viale Regina Elena,2026-10-08,1,weekday,50,0,50,read
2026-10-08 00:06,sorrento,sorrento-train-station,6579,Luggage Storage Piazza Tasso,2026-10-08,1,weekday,30,0,30,read
2026-10-08 00:06,sorrento,sorrento-train-station,6461804,Luggage Storage Piazza Lauro,2026-10-08,1,weekday,30,0,30,read
2026-10-08 00:06,sorrento,sant-agnello,6459956,Luggage Storage Sant'Agnello,2026-10-08,1,weekday,20,0,20,read
2026-10-08 00:06,la-spezia,la-spezia-centrale,6459699,Luggage Storage La Spezia Station,2026-10-08,1,weekday,60,,,unavailable
2026-10-08 00:06,mestre,mestre-train-station,5326,Luggage Storage Mestre Train Station,2026-10-08,1,weekday,100,2,98,read
2026-10-08 00:06,perugia,central-station,6460204,Luggage Storage Perugia Station 24H,2026-10-08,1,weekday,20,0,20,read
2026-10-08 00:06,reggio-calabria,villa-san-giovanni,5948,Luggage Storage Villa San Giovanni Station,2026-10-08,1,weekday,50,0,50,read
2026-10-08 00:06,ferrara,city-center,873,Luggage Storage Ferrara City Center,2026-10-08,1,weekday,15,0,15,read
2026-10-08 00:06,ferrara,city-center,6451982,Luggage Storage Viale Cavour / Ferrara Castle,2026-10-08,1,weekday,50,0,50,read
2026-10-08 00:06,parma,city-center,6473550,Luggage Storage Arch of San Lazzaro,2026-10-08,1,weekday,10,0,10,read
2026-10-08 00:06,polignano-a-mare,city-center,6455631,Luggage Storage San Vito Beach,2026-10-08,1,weekday,10,,,unavailable
2026-10-08 00:06,ravenna,main-station,6453186,Luggage Storage Via Molinetto,2026-10-08,1,weekday,20,0,20,read
2026-10-08 00:06,trieste,trieste-train-station,3904,Luggage Storage near Trieste Central Station,2026-10-08,1,weekday,45,0,45,read
2026-10-08 00:06,ancona,ancona-train-station,458,Luggage Storage Ancona Train Station,2026-10-08,1,weekday,100,0,100,read
2026-10-08 00:06,padua,main-station,7281,Luggage Storage Via Sarpi,2026-10-08,1,weekday,60,0,60,read
2026-10-08 00:06,imola,city-center,6467886,Luggage Storage Piazza Matteotti,2026-10-08,1,weekday,200,0,200,read
2026-10-08 00:06,sassari,city-center,7623,Luggage Storage Viale Dante,2026-10-08,1,weekday,20,0,20,read
2026-10-08 00:06,caltanissetta,caltanissetta-centrale,7727,Luggage Storage Caltanissetta Train Station,2026-10-08,1,weekday,10,0,10,read
2026-10-08 00:06,milazzo,port,6471045,Luggage Storage Via dei Mille,2026-10-08,1,weekday,200,0,200,read
2026-10-08 00:06,prato,prato-centrale,4478,Luggage Storage Prato City Center,2026-10-08,1,weekday,40,0,40,read
2026-10-08 00:06,lamezia-terme,train-station,6452912,Luggage Storage Lamezia Terme Centrale,2026-10-08,1,weekday,30,0,30,read
2026-10-08 00:06,sanremo,city-center,7763,Luggage Storage Sanremo City Center,2026-10-08,1,weekday,20,0,20,read
2026-10-08 00:06,ventimiglia,city-center-ventimiglia,6469655,Luggage Storage Ventimiglia Railway Station,2026-10-08,1,weekday,50,,,unavailable
2026-10-08 00:06,trani,trani-transit-station,6936,Luggage Storage Trani Port,2026-10-08,1,weekday,50,0,50,read
2026-10-08 01:07,rome,termini,1109,Luggage Storage Termini,2026-10-08,2,weekday,300,11,289,read
2026-10-08 01:07,rome,termini,739,Luggage Storage Marsala - Termini,2026-10-08,2,weekday,200,,,unavailable
2026-10-08 01:07,rome,trastevere,913,Luggage Storage Viale Trastevere,2026-10-08,2,weekday,80,0,80,read
2026-10-08 01:07,rome,via-del-corso,5660,Luggage Storage Via Del Corso,2026-10-08,2,weekday,25,0,25,read
2026-10-08 01:07,rome,termini,6473159,Luggage Storage Via Marghera / Via Dei Mille,2026-10-08,2,weekday,10,0,10,read
2026-10-08 01:07,rome,termini,6472955,Luggage Storage Milazzo / Termini Station,2026-10-08,2,weekday,100,0,100,read
2026-10-08 01:07,rome,termini,6472954,Luggage Storage Marsala / Milazzo,2026-10-08,2,weekday,100,0,100,read
2026-10-08 01:07,rome,termini,6472953,Luggage Storage Milazzo / Magenta,2026-10-08,2,weekday,100,0,100,read
2026-10-08 01:07,rome,ostiense,6470454,Luggage Storage Basilica S. Paolo,2026-10-08,2,weekday,50,,,unavailable
2026-10-08 01:07,rome,repubblica,6469637,Luggage Storage Via Quattro Fontane,2026-10-08,2,weekday,50,,,unavailable
2026-10-08 01:07,rome,trastevere,6461932,Luggage Storage near Piazza Trilussa,2026-10-08,2,weekday,20,,,unavailable
2026-10-08 01:07,rome,termini,6459912,Luggage Storage Amendola / Termini Station,2026-10-08,2,weekday,20,,,unavailable
2026-10-08 01:07,rome,termini,6457349,Luggage Storage Termini Metro Station,2026-10-08,2,weekday,45,0,45,read
2026-10-08 01:07,rome,portuense,6454526,Luggage Storage Circonvallazione Gianicolense,2026-10-08,2,weekday,20,,,unavailable
2026-10-08 01:07,rome,trastevere,5086,Luggage Storage Piazza Scotti,2026-10-08,2,weekday,50,,,unavailable
2026-10-08 01:07,rome,aventino,3992,Luggage Storage Aventino,2026-10-08,2,weekday,100,0,100,read
2026-10-08 01:07,milan,palazzo-di-giustizia,6550,Luggage Storage Viale Regina Margherita,2026-10-08,2,weekday,30,0,30,read
2026-10-08 01:07,milan,san-babila,2709,Luggage Storage San Babila,2026-10-08,2,weekday,50,0,50,read
2026-10-08 01:07,milan,corso-buenos-aires,9020,Luggage Storage near Corso Buenos Aires,2026-10-08,2,weekday,20,0,20,read
2026-10-08 01:07,milan,milan-centrale-railway-station,6991,Luggage Storage Milano Porta Venezia,2026-10-08,2,weekday,45,0,45,read
2026-10-08 01:07,milan,missori,6473109,Luggage Storage Colonne / Vetra,2026-10-08,2,weekday,40,,,unavailable
2026-10-08 01:07,milan,milan-centrale-railway-station,6471137,Luggage Storage Centrale / Filzi,2026-10-08,2,weekday,100,,,unavailable
2026-10-08 01:07,milan,politecnico-di-milano-campus-bovisa-la-masa,6470851,Luggage Storage Milano Bovisa,2026-10-08,2,weekday,20,0,20,read
2026-10-08 01:07,milan,porta-romana,6469207,Luggage Storage Piazzale Libia,2026-10-08,2,weekday,20,,,unavailable
2026-10-08 01:07,milan,navigli,6463299,Luggage Storage Corso S. Gottardo,2026-10-08,2,weekday,20,,,unavailable
2026-10-08 01:07,milan,milano-repubblica-station,6462258,Luggage Storage near Milano Repubblica,2026-10-08,2,weekday,20,,,unavailable
2026-10-08 01:07,milan,navigli,6459502,Luggage Storage Ripa Di Porta Ticinese,2026-10-08,2,weekday,35,0,35,read
2026-10-08 01:07,milan,bicocca,6459489,Luggage Storage Ponale,2026-10-08,2,weekday,20,,,unavailable
2026-10-08 01:07,milan,lambrate,6459487,Luggage Storage Via Porpora,2026-10-08,2,weekday,20,,,unavailable
2026-10-08 01:07,milan,porta-ticinese,6459398,Luggage Storage Porta Ticinese,2026-10-08,2,weekday,20,,,unavailable
2026-10-08 01:07,milan,santa-maria-delle-grazie,6458624,Luggage Storage Via Solari,2026-10-08,2,weekday,20,,,unavailable
2026-10-08 01:07,milan,porta-genova,6458616,Luggage Storage Conca Del Naviglio,2026-10-08,2,weekday,35,,,unavailable
2026-10-08 01:07,milan,washington,6458560,Luggage Storage Wagner,2026-10-08,2,weekday,35,0,35,read
2026-10-08 01:07,milan,milano-repubblica-station,6458359,Luggage Storage Milano Repubblica Train Station,2026-10-08,2,weekday,100,0,100,read
2026-10-08 01:07,milan,niguarda,6457565,Luggage Storage Milan Segnano,2026-10-08,2,weekday,20,,,unavailable
2026-10-08 01:07,milan,milan-centrale-railway-station,6456714,Luggage Storage near Mercato Centrale Milano,2026-10-08,2,weekday,50,,,unavailable
2026-10-08 01:07,milan,milan-centrale-railway-station,6452762,Luggage Storage Milano Centrale / Via Ponte Seveso,2026-10-08,2,weekday,55,,,unavailable
2026-10-08 01:07,naples,naples-centrale-train-station,188,Luggage Storage Naples Centrale,2026-10-08,2,weekday,300,0,300,read
2026-10-08 01:07,naples,naples-centrale-train-station,1835,Luggage Storage Naples Train Station,2026-10-08,2,weekday,45,0,45,read
2026-10-08 01:07,naples,monument-of-giuseppe-garibaldi,2697,Luggage Storage Corso Umberto I,2026-10-08,2,weekday,30,0,30,read
2026-10-08 01:07,naples,naples-city-center,5681,Luggage Storage near Sansevero Chapel,2026-10-08,2,weekday,50,0,50,read
2026-10-08 01:07,naples,napoli-porta-nolana,9071,Luggage Storage Duomo / Corso Umberto I,2026-10-08,2,weekday,60,0,60,read
2026-10-08 01:07,naples,mergellina-port,6717,Luggage Storage Via Piedigrotta,2026-10-08,2,weekday,50,0,50,read
2026-10-08 01:07,naples,vomero,6473629,Luggage Storage Arenella,2026-10-08,2,weekday,20,0,20,read
2026-10-08 01:07,naples,vomero,6473440,Luggage Storage Piazza Degli Artisti,2026-10-08,2,weekday,30,0,30,read
2026-10-08 01:07,naples,municipio,6470807,Luggage Storage Piazza Plebiscito,2026-10-08,2,weekday,50,,,unavailable
2026-10-08 01:07,naples,via-chiaia,6470110,Luggage Storage Chiaia,2026-10-08,2,weekday,100,0,100,read
2026-10-08 01:07,naples,universita,6461871,Luggage Storage Molo Immacolatella Vecchia,2026-10-08,2,weekday,30,0,30,read
2026-10-08 01:07,naples,naples-city-center,5972,Luggage Storage Diana Theatre,2026-10-08,2,weekday,15,,,unavailable
2026-10-08 01:07,naples,santa-lucia,5763,Luggage Storage Santa Lucia,2026-10-08,2,weekday,100,0,100,read
2026-10-08 01:07,florence,santa-maria-novella,884,Luggage Storage Santa Maria Novella,2026-10-08,2,weekday,140,10,130,read
2026-10-08 01:07,florence,basilica-of-santa-maria-novella,6461934,Luggage Storage Via Ghibellina,2026-10-08,2,weekday,20,0,20,read
2026-10-08 01:07,turin,museo-pietro-micca,7213,Luggage Storage Porta Susa Railway Station,2026-10-08,2,weekday,95,0,95,read
2026-10-08 01:07,turin,city-center,6472386,Luggage Storage Rossini Tram Stop,2026-10-08,2,weekday,40,,,unavailable
2026-10-08 01:07,catania,borgo-sanzio,6458945,Luggage Storage Orto Botanico di Catania,2026-10-08,2,weekday,20,,,unavailable
2026-10-08 01:07,catania,catania-airport,6454786,Luggage Storage near Catania Airport,2026-10-08,2,weekday,50,2,48,read
2026-10-08 01:07,catania,city-center,6453899,Luggage Storage Catania Centrale,2026-10-08,2,weekday,35,0,35,read
2026-10-08 01:07,venice,venice-marco-polo-airport,6452148,Luggage Storage near Venice Marco Polo Area,2026-10-08,2,weekday,45,0,45,read
2026-10-08 01:07,bari,altamura,6455039,Luggage Storage Altamura St Mary'S Cathedral,2026-10-08,2,weekday,10,,,unavailable
2026-10-08 01:07,bari,fiera-del-levante,1377,Luggage Storage Via Napoli,2026-10-08,2,weekday,30,0,30,read
2026-10-08 01:07,palermo,palermo-city-center,7123,Luggage Storage Monte Di Pietà,2026-10-08,2,weekday,30,,,unavailable
2026-10-08 01:07,bologna,bologna-centrale-railway-station,6460518,Luggage Storage near Bologna Station,2026-10-08,2,weekday,55,,,unavailable
2026-10-08 01:07,lecce,railway-station,6408,Luggage Storage Lecce Train Station,2026-10-08,2,weekday,70,1,69,read
2026-10-08 01:07,syracuse,station,6539,Luggage Storage Syracuse Railway Station,2026-10-08,2,weekday,30,0,30,read
2026-10-08 01:07,rimini,rimini-train-station,226,Luggage Storage Rimini Train Station,2026-10-08,2,weekday,300,0,300,read
2026-10-08 01:07,rimini,lungomare-augusto-murri,3797,Luggage Storage Rimini Beach,2026-10-08,2,weekday,15,0,15,read
2026-10-08 01:07,rimini,federico-fellini-international-airport,6460885,Luggage Storage Rimini Miramare,2026-10-08,2,weekday,20,0,20,read
2026-10-08 01:07,rimini,bellariva,6453303,Luggage Storage Viale Regina Elena,2026-10-08,2,weekday,50,0,50,read
2026-10-08 01:07,sorrento,sorrento-train-station,6579,Luggage Storage Piazza Tasso,2026-10-08,2,weekday,30,,,unavailable
2026-10-08 01:07,sorrento,sorrento-train-station,6461804,Luggage Storage Piazza Lauro,2026-10-08,2,weekday,30,0,30,read
2026-10-08 01:07,sorrento,sant-agnello,6459956,Luggage Storage Sant'Agnello,2026-10-08,2,weekday,20,0,20,read
2026-10-08 01:07,la-spezia,la-spezia-centrale,6459699,Luggage Storage La Spezia Station,2026-10-08,2,weekday,60,,,unavailable
2026-10-08 01:07,mestre,mestre-train-station,5326,Luggage Storage Mestre Train Station,2026-10-08,2,weekday,100,2,98,read
2026-10-08 01:07,perugia,central-station,6460204,Luggage Storage Perugia Station 24H,2026-10-08,2,weekday,20,0,20,read
2026-10-08 01:07,reggio-calabria,villa-san-giovanni,5948,Luggage Storage Villa San Giovanni Station,2026-10-08,2,weekday,50,0,50,read
2026-10-08 01:07,ferrara,city-center,873,Luggage Storage Ferrara City Center,2026-10-08,2,weekday,15,0,15,read
2026-10-08 01:07,ferrara,city-center,6451982,Luggage Storage Viale Cavour / Ferrara Castle,2026-10-08,2,weekday,50,0,50,read
2026-10-08 01:07,parma,city-center,6473550,Luggage Storage Arch of San Lazzaro,2026-10-08,2,weekday,10,0,10,read
2026-10-08 01:07,polignano-a-mare,city-center,6455631,Luggage Storage San Vito Beach,2026-10-08,2,weekday,10,,,unavailable
2026-10-08 01:07,ravenna,main-station,6453186,Luggage Storage Via Molinetto,2026-10-08,2,weekday,20,0,20,read
2026-10-08 01:07,trieste,trieste-train-station,3904,Luggage Storage near Trieste Central Station,2026-10-08,2,weekday,45,0,45,read
2026-10-08 01:07,ancona,ancona-train-station,458,Luggage Storage Ancona Train Station,2026-10-08,2,weekday,100,0,100,read
2026-10-08 01:07,padua,main-station,7281,Luggage Storage Via Sarpi,2026-10-08,2,weekday,60,0,60,read
2026-10-08 01:07,imola,city-center,6467886,Luggage Storage Piazza Matteotti,2026-10-08,2,weekday,200,0,200,read
2026-10-08 01:07,sassari,city-center,7623,Luggage Storage Viale Dante,2026-10-08,2,weekday,20,0,20,read
2026-10-08 01:07,caltanissetta,caltanissetta-centrale,7727,Luggage Storage Caltanissetta Train Station,2026-10-08,2,weekday,10,0,10,read
2026-10-08 01:07,milazzo,port,6471045,Luggage Storage Via dei Mille,2026-10-08,2,weekday,200,0,200,read
2026-10-08 01:07,prato,prato-centrale,4478,Luggage Storage Prato City Center,2026-10-08,2,weekday,40,0,40,read
2026-10-08 01:07,lamezia-terme,train-station,6452912,Luggage Storage Lamezia Terme Centrale,2026-10-08,2,weekday,30,0,30,read
2026-10-08 01:07,sanremo,city-center,7763,Luggage Storage Sanremo City Center,2026-10-08,2,weekday,20,0,20,read
2026-10-08 01:07,ventimiglia,city-center-ventimiglia,6469655,Luggage Storage Ventimiglia Railway Station,2026-10-08,2,weekday,50,,,unavailable
2026-10-08 01:07,trani,trani-transit-station,6936,Luggage Storage Trani Port,2026-10-08,2,weekday,50,,,unavailable
2026-10-08 02:04,rome,termini,1109,Luggage Storage Termini,2026-10-08,3,weekday,300,11,289,read
2026-10-08 02:04,rome,termini,739,Luggage Storage Marsala - Termini,2026-10-08,3,weekday,200,,,unavailable
2026-10-08 02:04,rome,trastevere,913,Luggage Storage Viale Trastevere,2026-10-08,3,weekday,80,0,80,read
2026-10-08 02:04,rome,via-del-corso,5660,Luggage Storage Via Del Corso,2026-10-08,3,weekday,25,0,25,read
2026-10-08 02:04,rome,termini,6473159,Luggage Storage Via Marghera / Via Dei Mille,2026-10-08,3,weekday,10,0,10,read
2026-10-08 02:04,rome,termini,6472955,Luggage Storage Milazzo / Termini Station,2026-10-08,3,weekday,100,0,100,read
2026-10-08 02:04,rome,termini,6472954,Luggage Storage Marsala / Milazzo,2026-10-08,3,weekday,100,0,100,read
2026-10-08 02:04,rome,termini,6472953,Luggage Storage Milazzo / Magenta,2026-10-08,3,weekday,100,0,100,read
2026-10-08 02:04,rome,ostiense,6470454,Luggage Storage Basilica S. Paolo,2026-10-08,3,weekday,50,,,unavailable
2026-10-08 02:04,rome,repubblica,6469637,Luggage Storage Via Quattro Fontane,2026-10-08,3,weekday,50,,,unavailable
2026-10-08 02:04,rome,trastevere,6461932,Luggage Storage near Piazza Trilussa,2026-10-08,3,weekday,20,,,unavailable
2026-10-08 02:04,rome,termini,6459912,Luggage Storage Amendola / Termini Station,2026-10-08,3,weekday,20,,,unavailable
2026-10-08 02:04,rome,termini,6457349,Luggage Storage Termini Metro Station,2026-10-08,3,weekday,45,0,45,read
2026-10-08 02:04,rome,portuense,6454526,Luggage Storage Circonvallazione Gianicolense,2026-10-08,3,weekday,20,,,unavailable
2026-10-08 02:04,rome,trastevere,5086,Luggage Storage Piazza Scotti,2026-10-08,3,weekday,50,,,unavailable
2026-10-08 02:04,rome,aventino,3992,Luggage Storage Aventino,2026-10-08,3,weekday,100,0,100,read
2026-10-08 02:04,milan,palazzo-di-giustizia,6550,Luggage Storage Viale Regina Margherita,2026-10-08,3,weekday,30,0,30,read
2026-10-08 02:04,milan,san-babila,2709,Luggage Storage San Babila,2026-10-08,3,weekday,50,0,50,read
2026-10-08 02:04,milan,corso-buenos-aires,9020,Luggage Storage near Corso Buenos Aires,2026-10-08,3,weekday,20,0,20,read
2026-10-08 02:04,milan,milan-centrale-railway-station,6991,Luggage Storage Milano Porta Venezia,2026-10-08,3,weekday,45,0,45,read
2026-10-08 02:04,milan,missori,6473109,Luggage Storage Colonne / Vetra,2026-10-08,3,weekday,40,,,unavailable
2026-10-08 02:04,milan,milan-centrale-railway-station,6471137,Luggage Storage Centrale / Filzi,2026-10-08,3,weekday,100,,,unavailable
2026-10-08 02:04,milan,politecnico-di-milano-campus-bovisa-la-masa,6470851,Luggage Storage Milano Bovisa,2026-10-08,3,weekday,20,0,20,read
2026-10-08 02:04,milan,porta-romana,6469207,Luggage Storage Piazzale Libia,2026-10-08,3,weekday,20,,,unavailable
2026-10-08 02:04,milan,navigli,6463299,Luggage Storage Corso S. Gottardo,2026-10-08,3,weekday,20,,,unavailable
2026-10-08 02:04,milan,milano-repubblica-station,6462258,Luggage Storage near Milano Repubblica,2026-10-08,3,weekday,20,,,unavailable
2026-10-08 02:04,milan,navigli,6459502,Luggage Storage Ripa Di Porta Ticinese,2026-10-08,3,weekday,35,,,unavailable
2026-10-08 02:04,milan,bicocca,6459489,Luggage Storage Ponale,2026-10-08,3,weekday,20,,,unavailable
2026-10-08 02:04,milan,lambrate,6459487,Luggage Storage Via Porpora,2026-10-08,3,weekday,20,,,unavailable
2026-10-08 02:04,milan,porta-ticinese,6459398,Luggage Storage Porta Ticinese,2026-10-08,3,weekday,20,,,unavailable
2026-10-08 02:04,milan,santa-maria-delle-grazie,6458624,Luggage Storage Via Solari,2026-10-08,3,weekday,20,,,unavailable
2026-10-08 02:04,milan,porta-genova,6458616,Luggage Storage Conca Del Naviglio,2026-10-08,3,weekday,35,,,unavailable
2026-10-08 02:04,milan,washington,6458560,Luggage Storage Wagner,2026-10-08,3,weekday,35,0,35,read
2026-10-08 02:04,milan,milano-repubblica-station,6458359,Luggage Storage Milano Repubblica Train Station,2026-10-08,3,weekday,100,0,100,read
2026-10-08 02:04,milan,niguarda,6457565,Luggage Storage Milan Segnano,2026-10-08,3,weekday,20,,,unavailable
2026-10-08 02:04,milan,milan-centrale-railway-station,6456714,Luggage Storage near Mercato Centrale Milano,2026-10-08,3,weekday,50,,,unavailable
2026-10-08 02:04,milan,milan-centrale-railway-station,6452762,Luggage Storage Milano Centrale / Via Ponte Seveso,2026-10-08,3,weekday,55,,,unavailable
2026-10-08 02:04,naples,naples-centrale-train-station,188,Luggage Storage Naples Centrale,2026-10-08,3,weekday,300,0,300,read
2026-10-08 02:04,naples,naples-centrale-train-station,1835,Luggage Storage Naples Train Station,2026-10-08,3,weekday,45,0,45,read
2026-10-08 02:04,naples,monument-of-giuseppe-garibaldi,2697,Luggage Storage Corso Umberto I,2026-10-08,3,weekday,30,0,30,read
2026-10-08 02:04,naples,naples-city-center,5681,Luggage Storage near Sansevero Chapel,2026-10-08,3,weekday,50,0,50,read
2026-10-08 02:04,naples,napoli-porta-nolana,9071,Luggage Storage Duomo / Corso Umberto I,2026-10-08,3,weekday,60,0,60,read
2026-10-08 02:04,naples,mergellina-port,6717,Luggage Storage Via Piedigrotta,2026-10-08,3,weekday,50,0,50,read
2026-10-08 02:04,naples,vomero,6473629,Luggage Storage Arenella,2026-10-08,3,weekday,20,0,20,read
2026-10-08 02:04,naples,vomero,6473440,Luggage Storage Piazza Degli Artisti,2026-10-08,3,weekday,30,0,30,read
2026-10-08 02:04,naples,municipio,6470807,Luggage Storage Piazza Plebiscito,2026-10-08,3,weekday,50,,,unavailable
2026-10-08 02:04,naples,via-chiaia,6470110,Luggage Storage Chiaia,2026-10-08,3,weekday,100,0,100,read
2026-10-08 02:04,naples,universita,6461871,Luggage Storage Molo Immacolatella Vecchia,2026-10-08,3,weekday,30,0,30,read
2026-10-08 02:04,naples,naples-city-center,5972,Luggage Storage Diana Theatre,2026-10-08,3,weekday,15,,,unavailable
2026-10-08 02:04,naples,santa-lucia,5763,Luggage Storage Santa Lucia,2026-10-08,3,weekday,100,0,100,read
2026-10-08 02:04,florence,santa-maria-novella,884,Luggage Storage Santa Maria Novella,2026-10-08,3,weekday,140,10,130,read
2026-10-08 02:04,florence,basilica-of-santa-maria-novella,6461934,Luggage Storage Via Ghibellina,2026-10-08,3,weekday,20,,,unavailable
2026-10-08 02:04,turin,museo-pietro-micca,7213,Luggage Storage Porta Susa Railway Station,2026-10-08,3,weekday,95,0,95,read
2026-10-08 02:04,turin,city-center,6472386,Luggage Storage Rossini Tram Stop,2026-10-08,3,weekday,40,,,unavailable
2026-10-08 02:04,catania,borgo-sanzio,6458945,Luggage Storage Orto Botanico di Catania,2026-10-08,3,weekday,20,,,unavailable
2026-10-08 02:04,catania,catania-airport,6454786,Luggage Storage near Catania Airport,2026-10-08,3,weekday,50,2,48,read
2026-10-08 02:04,catania,city-center,6453899,Luggage Storage Catania Centrale,2026-10-08,3,weekday,35,,,unavailable
2026-10-08 02:04,venice,venice-marco-polo-airport,6452148,Luggage Storage near Venice Marco Polo Area,2026-10-08,3,weekday,45,0,45,read
2026-10-08 02:04,bari,altamura,6455039,Luggage Storage Altamura St Mary'S Cathedral,2026-10-08,3,weekday,10,,,unavailable
2026-10-08 02:04,bari,fiera-del-levante,1377,Luggage Storage Via Napoli,2026-10-08,3,weekday,30,0,30,read
2026-10-08 02:04,palermo,palermo-city-center,7123,Luggage Storage Monte Di Pietà,2026-10-08,3,weekday,30,,,unavailable
2026-10-08 02:04,bologna,bologna-centrale-railway-station,6460518,Luggage Storage near Bologna Station,2026-10-08,3,weekday,55,,,unavailable
2026-10-08 02:04,lecce,railway-station,6408,Luggage Storage Lecce Train Station,2026-10-08,3,weekday,70,1,69,read
2026-10-08 02:04,syracuse,station,6539,Luggage Storage Syracuse Railway Station,2026-10-08,3,weekday,30,0,30,read
2026-10-08 02:04,rimini,rimini-train-station,226,Luggage Storage Rimini Train Station,2026-10-08,3,weekday,300,0,300,read
2026-10-08 02:04,rimini,lungomare-augusto-murri,3797,Luggage Storage Rimini Beach,2026-10-08,3,weekday,15,0,15,read
2026-10-08 02:04,rimini,federico-fellini-international-airport,6460885,Luggage Storage Rimini Miramare,2026-10-08,3,weekday,20,0,20,read
2026-10-08 02:04,rimini,bellariva,6453303,Luggage Storage Viale Regina Elena,2026-10-08,3,weekday,50,,,unavailable
2026-10-08 02:04,sorrento,sorrento-train-station,6579,Luggage Storage Piazza Tasso,2026-10-08,3,weekday,30,,,unavailable
2026-10-08 02:04,sorrento,sorrento-train-station,6461804,Luggage Storage Piazza Lauro,2026-10-08,3,weekday,30,0,30,read
2026-10-08 02:04,sorrento,sant-agnello,6459956,Luggage Storage Sant'Agnello,2026-10-08,3,weekday,20,0,20,read
2026-10-08 02:04,la-spezia,la-spezia-centrale,6459699,Luggage Storage La Spezia Station,2026-10-08,3,weekday,60,,,unavailable
2026-10-08 02:04,mestre,mestre-train-station,5326,Luggage Storage Mestre Train Station,2026-10-08,3,weekday,100,2,98,read
2026-10-08 02:04,perugia,central-station,6460204,Luggage Storage Perugia Station 24H,2026-10-08,3,weekday,20,0,20,read
2026-10-08 02:04,reggio-calabria,villa-san-giovanni,5948,Luggage Storage Villa San Giovanni Station,2026-10-08,3,weekday,50,0,50,read
2026-10-08 02:04,ferrara,city-center,873,Luggage Storage Ferrara City Center,2026-10-08,3,weekday,15,0,15,read
2026-10-08 02:04,ferrara,city-center,6451982,Luggage Storage Viale Cavour / Ferrara Castle,2026-10-08,3,weekday,50,0,50,read
2026-10-08 02:04,parma,city-center,6473550,Luggage Storage Arch of San Lazzaro,2026-10-08,3,weekday,10,0,10,read
2026-10-08 02:04,polignano-a-mare,city-center,6455631,Luggage Storage San Vito Beach,2026-10-08,3,weekday,10,,,unavailable
2026-10-08 02:04,ravenna,main-station,6453186,Luggage Storage Via Molinetto,2026-10-08,3,weekday,20,0,20,read
2026-10-08 02:04,trieste,trieste-train-station,3904,Luggage Storage near Trieste Central Station,2026-10-08,3,weekday,45,0,45,read
2026-10-08 02:04,ancona,ancona-train-station,458,Luggage Storage Ancona Train Station,2026-10-08,3,weekday,100,0,100,read
2026-10-08 02:04,padua,main-station,7281,Luggage Storage Via Sarpi,2026-10-08,3,weekday,60,0,60,read
2026-10-08 02:04,imola,city-center,6467886,Luggage Storage Piazza Matteotti,2026-10-08,3,weekday,200,0,200,read
2026-10-08 02:04,sassari,city-center,7623,Luggage Storage Viale Dante,2026-10-08,3,weekday,20,0,20,read
2026-10-08 02:04,caltanissetta,caltanissetta-centrale,7727,Luggage Storage Caltanissetta Train Station,2026-10-08,3,weekday,10,,,unavailable
2026-10-08 02:04,milazzo,port,6471045,Luggage Storage Via dei Mille,2026-10-08,3,weekday,200,0,200,read
2026-10-08 02:04,prato,prato-centrale,4478,Luggage Storage Prato City Center,2026-10-08,3,weekday,40,0,40,read
2026-10-08 02:04,lamezia-terme,train-station,6452912,Luggage Storage Lamezia Terme Centrale,2026-10-08,3,weekday,30,0,30,read
2026-10-08 02:04,sanremo,city-center,7763,Luggage Storage Sanremo City Center,2026-10-08,3,weekday,20,0,20,read
2026-10-08 02:04,ventimiglia,city-center-ventimiglia,6469655,Luggage Storage Ventimiglia Railway Station,2026-10-08,3,weekday,50,,,unavailable
2026-10-08 02:04,trani,trani-transit-station,6936,Luggage Storage Trani Port,2026-10-08,3,weekday,50,,,unavailable
2026-10-08 03:11,rome,termini,1109,Luggage Storage Termini,2026-10-08,4,weekday,300,11,289,read
2026-10-08 03:11,rome,termini,739,Luggage Storage Marsala - Termini,2026-10-08,4,weekday,200,,,unavailable
2026-10-08 03:11,rome,trastevere,913,Luggage Storage Viale Trastevere,2026-10-08,4,weekday,80,0,80,read
2026-10-08 03:11,rome,via-del-corso,5660,Luggage Storage Via Del Corso,2026-10-08,4,weekday,25,0,25,read
2026-10-08 03:11,rome,termini,6473159,Luggage Storage Via Marghera / Via Dei Mille,2026-10-08,4,weekday,10,0,10,read
2026-10-08 03:11,rome,termini,6472955,Luggage Storage Milazzo / Termini Station,2026-10-08,4,weekday,100,0,100,read
2026-10-08 03:11,rome,termini,6472954,Luggage Storage Marsala / Milazzo,2026-10-08,4,weekday,100,0,100,read
2026-10-08 03:11,rome,termini,6472953,Luggage Storage Milazzo / Magenta,2026-10-08,4,weekday,100,0,100,read
2026-10-08 03:11,rome,ostiense,6470454,Luggage Storage Basilica S. Paolo,2026-10-08,4,weekday,50,,,unavailable
2026-10-08 03:11,rome,repubblica,6469637,Luggage Storage Via Quattro Fontane,2026-10-08,4,weekday,50,,,unavailable
2026-10-08 03:11,rome,trastevere,6461932,Luggage Storage near Piazza Trilussa,2026-10-08,4,weekday,20,,,unavailable
2026-10-08 03:11,rome,termini,6459912,Luggage Storage Amendola / Termini Station,2026-10-08,4,weekday,20,,,unavailable
2026-10-08 03:11,rome,termini,6457349,Luggage Storage Termini Metro Station,2026-10-08,4,weekday,45,0,45,read
2026-10-08 03:11,rome,portuense,6454526,Luggage Storage Circonvallazione Gianicolense,2026-10-08,4,weekday,20,,,unavailable
2026-10-08 03:11,rome,trastevere,5086,Luggage Storage Piazza Scotti,2026-10-08,4,weekday,50,,,unavailable
2026-10-08 03:11,rome,aventino,3992,Luggage Storage Aventino,2026-10-08,4,weekday,100,0,100,read
2026-10-08 03:11,milan,palazzo-di-giustizia,6550,Luggage Storage Viale Regina Margherita,2026-10-08,4,weekday,30,0,30,read
2026-10-08 03:11,milan,san-babila,2709,Luggage Storage San Babila,2026-10-08,4,weekday,50,0,50,read
2026-10-08 03:11,milan,corso-buenos-aires,9020,Luggage Storage near Corso Buenos Aires,2026-10-08,4,weekday,20,0,20,read
2026-10-08 03:11,milan,milan-centrale-railway-station,6991,Luggage Storage Milano Porta Venezia,2026-10-08,4,weekday,45,0,45,read
2026-10-08 03:11,milan,missori,6473109,Luggage Storage Colonne / Vetra,2026-10-08,4,weekday,40,,,unavailable
2026-10-08 03:11,milan,milan-centrale-railway-station,6471137,Luggage Storage Centrale / Filzi,2026-10-08,4,weekday,100,,,unavailable
2026-10-08 03:11,milan,politecnico-di-milano-campus-bovisa-la-masa,6470851,Luggage Storage Milano Bovisa,2026-10-08,4,weekday,20,0,20,read
2026-10-08 03:11,milan,porta-romana,6469207,Luggage Storage Piazzale Libia,2026-10-08,4,weekday,20,,,unavailable
2026-10-08 03:11,milan,navigli,6463299,Luggage Storage Corso S. Gottardo,2026-10-08,4,weekday,20,,,unavailable
2026-10-08 03:11,milan,milano-repubblica-station,6462258,Luggage Storage near Milano Repubblica,2026-10-08,4,weekday,20,,,unavailable
2026-10-08 03:11,milan,navigli,6459502,Luggage Storage Ripa Di Porta Ticinese,2026-10-08,4,weekday,35,,,unavailable
2026-10-08 03:11,milan,bicocca,6459489,Luggage Storage Ponale,2026-10-08,4,weekday,20,,,unavailable
2026-10-08 03:11,milan,lambrate,6459487,Luggage Storage Via Porpora,2026-10-08,4,weekday,20,,,unavailable
2026-10-08 03:11,milan,porta-ticinese,6459398,Luggage Storage Porta Ticinese,2026-10-08,4,weekday,20,,,unavailable
2026-10-08 03:11,milan,santa-maria-delle-grazie,6458624,Luggage Storage Via Solari,2026-10-08,4,weekday,20,,,unavailable
2026-10-08 03:11,milan,porta-genova,6458616,Luggage Storage Conca Del Naviglio,2026-10-08,4,weekday,35,,,unavailable
2026-10-08 03:11,milan,washington,6458560,Luggage Storage Wagner,2026-10-08,4,weekday,35,0,35,read
2026-10-08 03:11,milan,milano-repubblica-station,6458359,Luggage Storage Milano Repubblica Train Station,2026-10-08,4,weekday,100,0,100,read
2026-10-08 03:11,milan,niguarda,6457565,Luggage Storage Milan Segnano,2026-10-08,4,weekday,20,,,unavailable
2026-10-08 03:11,milan,milan-centrale-railway-station,6456714,Luggage Storage near Mercato Centrale Milano,2026-10-08,4,weekday,50,,,unavailable
2026-10-08 03:11,milan,milan-centrale-railway-station,6452762,Luggage Storage Milano Centrale / Via Ponte Seveso,2026-10-08,4,weekday,55,,,unavailable
2026-10-08 03:11,naples,naples-centrale-train-station,188,Luggage Storage Naples Centrale,2026-10-08,4,weekday,300,0,300,read
2026-10-08 03:11,naples,naples-centrale-train-station,1835,Luggage Storage Naples Train Station,2026-10-08,4,weekday,45,0,45,read
2026-10-08 03:11,naples,monument-of-giuseppe-garibaldi,2697,Luggage Storage Corso Umberto I,2026-10-08,4,weekday,30,0,30,read
2026-10-08 03:11,naples,naples-city-center,5681,Luggage Storage near Sansevero Chapel,2026-10-08,4,weekday,50,0,50,read
2026-10-08 03:11,naples,napoli-porta-nolana,9071,Luggage Storage Duomo / Corso Umberto I,2026-10-08,4,weekday,60,0,60,read
2026-10-08 03:11,naples,mergellina-port,6717,Luggage Storage Via Piedigrotta,2026-10-08,4,weekday,50,0,50,read
2026-10-08 03:11,naples,vomero,6473629,Luggage Storage Arenella,2026-10-08,4,weekday,20,0,20,read
2026-10-08 03:11,naples,vomero,6473440,Luggage Storage Piazza Degli Artisti,2026-10-08,4,weekday,30,0,30,read
2026-10-08 03:11,naples,municipio,6470807,Luggage Storage Piazza Plebiscito,2026-10-08,4,weekday,50,,,unavailable
2026-10-08 03:11,naples,via-chiaia,6470110,Luggage Storage Chiaia,2026-10-08,4,weekday,100,0,100,read
2026-10-08 03:11,naples,universita,6461871,Luggage Storage Molo Immacolatella Vecchia,2026-10-08,4,weekday,30,0,30,read
2026-10-08 03:11,naples,naples-city-center,5972,Luggage Storage Diana Theatre,2026-10-08,4,weekday,15,,,unavailable
2026-10-08 03:11,naples,santa-lucia,5763,Luggage Storage Santa Lucia,2026-10-08,4,weekday,100,0,100,read
2026-10-08 03:11,florence,santa-maria-novella,884,Luggage Storage Santa Maria Novella,2026-10-08,4,weekday,140,10,130,read
2026-10-08 03:11,florence,basilica-of-santa-maria-novella,6461934,Luggage Storage Via Ghibellina,2026-10-08,4,weekday,20,,,unavailable
2026-10-08 03:11,turin,museo-pietro-micca,7213,Luggage Storage Porta Susa Railway Station,2026-10-08,4,weekday,95,0,95,read
2026-10-08 03:11,turin,city-center,6472386,Luggage Storage Rossini Tram Stop,2026-10-08,4,weekday,40,,,unavailable
2026-10-08 03:11,catania,borgo-sanzio,6458945,Luggage Storage Orto Botanico di Catania,2026-10-08,4,weekday,20,,,unavailable
2026-10-08 03:11,catania,catania-airport,6454786,Luggage Storage near Catania Airport,2026-10-08,4,weekday,50,2,48,read
2026-10-08 03:11,catania,city-center,6453899,Luggage Storage Catania Centrale,2026-10-08,4,weekday,35,,,unavailable
2026-10-08 03:11,venice,venice-marco-polo-airport,6452148,Luggage Storage near Venice Marco Polo Area,2026-10-08,4,weekday,45,0,45,read
2026-10-08 03:11,bari,altamura,6455039,Luggage Storage Altamura St Mary'S Cathedral,2026-10-08,4,weekday,10,,,unavailable
2026-10-08 03:11,bari,fiera-del-levante,1377,Luggage Storage Via Napoli,2026-10-08,4,weekday,30,0,30,read
2026-10-08 03:11,palermo,palermo-city-center,7123,Luggage Storage Monte Di Pietà,2026-10-08,4,weekday,30,,,unavailable
2026-10-08 03:11,bologna,bologna-centrale-railway-station,6460518,Luggage Storage near Bologna Station,2026-10-08,4,weekday,55,,,unavailable
2026-10-08 03:11,lecce,railway-station,6408,Luggage Storage Lecce Train Station,2026-10-08,4,weekday,70,1,69,read
2026-10-08 03:11,syracuse,station,6539,Luggage Storage Syracuse Railway Station,2026-10-08,4,weekday,30,0,30,read
2026-10-08 03:11,rimini,rimini-train-station,226,Luggage Storage Rimini Train Station,2026-10-08,4,weekday,300,0,300,read
2026-10-08 03:11,rimini,lungomare-augusto-murri,3797,Luggage Storage Rimini Beach,2026-10-08,4,weekday,15,0,15,read
2026-10-08 03:11,rimini,federico-fellini-international-airport,6460885,Luggage Storage Rimini Miramare,2026-10-08,4,weekday,20,0,20,read
2026-10-08 03:11,rimini,bellariva,6453303,Luggage Storage Viale Regina Elena,2026-10-08,4,weekday,50,,,unavailable
2026-10-08 03:11,sorrento,sorrento-train-station,6579,Luggage Storage Piazza Tasso,2026-10-08,4,weekday,30,,,unavailable
2026-10-08 03:11,sorrento,sorrento-train-station,6461804,Luggage Storage Piazza Lauro,2026-10-08,4,weekday,30,0,30,read
2026-10-08 03:11,sorrento,sant-agnello,6459956,Luggage Storage Sant'Agnello,2026-10-08,4,weekday,20,0,20,read
2026-10-08 03:11,la-spezia,la-spezia-centrale,6459699,Luggage Storage La Spezia Station,2026-10-08,4,weekday,60,,,unavailable
2026-10-08 03:11,mestre,mestre-train-station,5326,Luggage Storage Mestre Train Station,2026-10-08,4,weekday,100,2,98,read
2026-10-08 03:11,perugia,central-station,6460204,Luggage Storage Perugia Station 24H,2026-10-08,4,weekday,20,0,20,read
2026-10-08 03:11,reggio-calabria,villa-san-giovanni,5948,Luggage Storage Villa San Giovanni Station,2026-10-08,4,weekday,50,0,50,read
2026-10-08 03:11,ferrara,city-center,873,Luggage Storage Ferrara City Center,2026-10-08,4,weekday,15,0,15,read
2026-10-08 03:11,ferrara,city-center,6451982,Luggage Storage Viale Cavour / Ferrara Castle,2026-10-08,4,weekday,50,0,50,read
2026-10-08 03:11,parma,city-center,6473550,Luggage Storage Arch of San Lazzaro,2026-10-08,4,weekday,10,0,10,read
2026-10-08 03:11,polignano-a-mare,city-center,6455631,Luggage Storage San Vito Beach,2026-10-08,4,weekday,10,,,unavailable
2026-10-08 03:11,ravenna,main-station,6453186,Luggage Storage Via Molinetto,2026-10-08,4,weekday,20,0,20,read
2026-10-08 03:11,trieste,trieste-train-station,3904,Luggage Storage near Trieste Central Station,2026-10-08,4,weekday,45,0,45,read
2026-10-08 03:11,ancona,ancona-train-station,458,Luggage Storage Ancona Train Station,2026-10-08,4,weekday,100,0,100,read
2026-10-08 03:11,padua,main-station,7281,Luggage Storage Via Sarpi,2026-10-08,4,weekday,60,0,60,read
2026-10-08 03:11,imola,city-center,6467886,Luggage Storage Piazza Matteotti,2026-10-08,4,weekday,200,0,200,read
2026-10-08 03:11,sassari,city-center,7623,Luggage Storage Viale Dante,2026-10-08,4,weekday,20,0,20,read
2026-10-08 03:11,caltanissetta,caltanissetta-centrale,7727,Luggage Storage Caltanissetta Train Station,2026-10-08,4,weekday,10,,,unavailable
2026-10-08 03:11,milazzo,port,6471045,Luggage Storage Via dei Mille,2026-10-08,4,weekday,200,0,200,read
2026-10-08 03:11,prato,prato-centrale,4478,Luggage Storage Prato City Center,2026-10-08,4,weekday,40,0,40,read
2026-10-08 03:11,lamezia-terme,train-station,6452912,Luggage Storage Lamezia Terme Centrale,2026-10-08,4,weekday,30,0,30,read
2026-10-08 03:11,sanremo,city-center,7763,Luggage Storage Sanremo City Center,2026-10-08,4,weekday,20,0,20,read
2026-10-08 03:11,ventimiglia,city-center-ventimiglia,6469655,Luggage Storage Ventimiglia Railway Station,2026-10-08,4,weekday,50,,,unavailable
2026-10-08 03:11,trani,trani-transit-station,6936,Luggage Storage Trani Port,2026-10-08,4,weekday,50,,,unavailable
2026-10-08 04:08,rome,termini,1109,Luggage Storage Termini,2026-10-08,5,weekday,300,11,289,read
2026-10-08 04:08,rome,tiburtina,4763,Luggage Storage Tiburtina Terminal,2026-10-08,5,weekday,65,0,65,read
2026-10-08 04:08,rome,termini,739,Luggage Storage Marsala - Termini,2026-10-08,5,weekday,200,,,unavailable
2026-10-08 04:08,rome,trastevere,913,Luggage Storage Viale Trastevere,2026-10-08,5,weekday,80,0,80,read
2026-10-08 04:08,rome,via-del-corso,5660,Luggage Storage Via Del Corso,2026-10-08,5,weekday,25,0,25,read
2026-10-08 04:08,rome,termini,6473159,Luggage Storage Via Marghera / Via Dei Mille,2026-10-08,5,weekday,10,0,10,read
2026-10-08 04:08,rome,termini,6472955,Luggage Storage Milazzo / Termini Station,2026-10-08,5,weekday,100,0,100,read
2026-10-08 04:08,rome,termini,6472954,Luggage Storage Marsala / Milazzo,2026-10-08,5,weekday,100,0,100,read
2026-10-08 04:08,rome,termini,6472953,Luggage Storage Milazzo / Magenta,2026-10-08,5,weekday,100,0,100,read
2026-10-08 04:08,rome,ostiense,6470454,Luggage Storage Basilica S. Paolo,2026-10-08,5,weekday,50,,,unavailable
2026-10-08 04:08,rome,repubblica,6469637,Luggage Storage Via Quattro Fontane,2026-10-08,5,weekday,50,,,unavailable
2026-10-08 04:08,rome,trastevere,6461932,Luggage Storage near Piazza Trilussa,2026-10-08,5,weekday,20,,,unavailable
2026-10-08 04:08,rome,termini,6459912,Luggage Storage Amendola / Termini Station,2026-10-08,5,weekday,20,,,unavailable
2026-10-08 04:08,rome,termini,6457349,Luggage Storage Termini Metro Station,2026-10-08,5,weekday,45,0,45,read
2026-10-08 04:08,rome,portuense,6454526,Luggage Storage Circonvallazione Gianicolense,2026-10-08,5,weekday,20,,,unavailable
2026-10-08 04:08,rome,trastevere,5086,Luggage Storage Piazza Scotti,2026-10-08,5,weekday,50,,,unavailable
2026-10-08 04:08,rome,aventino,3992,Luggage Storage Aventino,2026-10-08,5,weekday,100,0,100,read
2026-10-08 04:08,milan,palazzo-di-giustizia,6550,Luggage Storage Viale Regina Margherita,2026-10-08,5,weekday,30,0,30,read
2026-10-08 04:08,milan,san-babila,2709,Luggage Storage San Babila,2026-10-08,5,weekday,50,0,50,read
2026-10-08 04:08,milan,corso-buenos-aires,9020,Luggage Storage near Corso Buenos Aires,2026-10-08,5,weekday,20,0,20,read
2026-10-08 04:08,milan,milan-centrale-railway-station,6991,Luggage Storage Milano Porta Venezia,2026-10-08,5,weekday,45,0,45,read
2026-10-08 04:08,milan,missori,6473109,Luggage Storage Colonne / Vetra,2026-10-08,5,weekday,40,,,unavailable
2026-10-08 04:08,milan,milan-centrale-railway-station,6471137,Luggage Storage Centrale / Filzi,2026-10-08,5,weekday,100,,,unavailable
2026-10-08 04:08,milan,politecnico-di-milano-campus-bovisa-la-masa,6470851,Luggage Storage Milano Bovisa,2026-10-08,5,weekday,20,0,20,read
2026-10-08 04:08,milan,porta-romana,6469207,Luggage Storage Piazzale Libia,2026-10-08,5,weekday,20,,,unavailable
2026-10-08 04:08,milan,navigli,6463299,Luggage Storage Corso S. Gottardo,2026-10-08,5,weekday,20,,,unavailable
2026-10-08 04:08,milan,milano-repubblica-station,6462258,Luggage Storage near Milano Repubblica,2026-10-08,5,weekday,20,,,unavailable
2026-10-08 04:08,milan,niguarda,6461262,Luggage Storage near Niguarda,2026-10-08,5,weekday,20,0,20,read
2026-10-08 04:08,milan,navigli,6459502,Luggage Storage Ripa Di Porta Ticinese,2026-10-08,5,weekday,35,,,unavailable
2026-10-08 04:08,milan,bicocca,6459489,Luggage Storage Ponale,2026-10-08,5,weekday,20,,,unavailable
2026-10-08 04:08,milan,lambrate,6459487,Luggage Storage Via Porpora,2026-10-08,5,weekday,20,,,unavailable
2026-10-08 04:08,milan,porta-ticinese,6459398,Luggage Storage Porta Ticinese,2026-10-08,5,weekday,20,,,unavailable
2026-10-08 04:08,milan,santa-maria-delle-grazie,6458624,Luggage Storage Via Solari,2026-10-08,5,weekday,20,,,unavailable
2026-10-08 04:08,milan,porta-genova,6458616,Luggage Storage Conca Del Naviglio,2026-10-08,5,weekday,35,,,unavailable
2026-10-08 04:08,milan,washington,6458560,Luggage Storage Wagner,2026-10-08,5,weekday,35,0,35,read
2026-10-08 04:08,milan,milano-repubblica-station,6458359,Luggage Storage Milano Repubblica Train Station,2026-10-08,5,weekday,100,,,unavailable
2026-10-08 04:08,milan,niguarda,6457565,Luggage Storage Milan Segnano,2026-10-08,5,weekday,20,,,unavailable
2026-10-08 04:08,milan,milan-centrale-railway-station,6456714,Luggage Storage near Mercato Centrale Milano,2026-10-08,5,weekday,50,,,unavailable
2026-10-08 04:08,milan,milan-centrale-railway-station,6452762,Luggage Storage Milano Centrale / Via Ponte Seveso,2026-10-08,5,weekday,55,,,unavailable
2026-10-08 04:08,naples,naples-centrale-train-station,188,Luggage Storage Naples Centrale,2026-10-08,5,weekday,300,0,300,read
2026-10-08 04:08,naples,naples-centrale-train-station,1835,Luggage Storage Naples Train Station,2026-10-08,5,weekday,45,0,45,read
2026-10-08 04:08,naples,monument-of-giuseppe-garibaldi,2697,Luggage Storage Corso Umberto I,2026-10-08,5,weekday,30,0,30,read
2026-10-08 04:08,naples,naples-city-center,5681,Luggage Storage near Sansevero Chapel,2026-10-08,5,weekday,50,0,50,read
2026-10-08 04:08,naples,napoli-porta-nolana,9071,Luggage Storage Duomo / Corso Umberto I,2026-10-08,5,weekday,60,0,60,read
2026-10-08 04:08,naples,mergellina-port,6717,Luggage Storage Via Piedigrotta,2026-10-08,5,weekday,50,0,50,read
2026-10-08 04:08,naples,vomero,6473629,Luggage Storage Arenella,2026-10-08,5,weekday,20,0,20,read
2026-10-08 04:08,naples,vomero,6473440,Luggage Storage Piazza Degli Artisti,2026-10-08,5,weekday,30,0,30,read
2026-10-08 04:08,naples,municipio,6470807,Luggage Storage Piazza Plebiscito,2026-10-08,5,weekday,50,,,unavailable
2026-10-08 04:08,naples,via-chiaia,6470110,Luggage Storage Chiaia,2026-10-08,5,weekday,100,0,100,read
2026-10-08 04:08,naples,universita,6461871,Luggage Storage Molo Immacolatella Vecchia,2026-10-08,5,weekday,30,0,30,read
2026-10-08 04:08,naples,naples-city-center,5972,Luggage Storage Diana Theatre,2026-10-08,5,weekday,15,,,unavailable
2026-10-08 04:08,naples,santa-lucia,5763,Luggage Storage Santa Lucia,2026-10-08,5,weekday,100,0,100,read
2026-10-08 04:08,florence,santa-maria-novella,884,Luggage Storage Santa Maria Novella,2026-10-08,5,weekday,140,10,130,read
2026-10-08 04:08,florence,basilica-of-santa-maria-novella,6461934,Luggage Storage Via Ghibellina,2026-10-08,5,weekday,20,,,unavailable
2026-10-08 04:08,turin,museo-pietro-micca,7213,Luggage Storage Porta Susa Railway Station,2026-10-08,5,weekday,95,0,95,read
2026-10-08 04:08,turin,city-center,6472386,Luggage Storage Rossini Tram Stop,2026-10-08,5,weekday,40,,,unavailable
2026-10-08 04:08,catania,borgo-sanzio,6458945,Luggage Storage Orto Botanico di Catania,2026-10-08,5,weekday,20,,,unavailable
2026-10-08 04:08,catania,catania-airport,6454786,Luggage Storage near Catania Airport,2026-10-08,5,weekday,50,2,48,read
2026-10-08 04:08,catania,city-center,6453899,Luggage Storage Catania Centrale,2026-10-08,5,weekday,35,,,unavailable
2026-10-08 04:08,venice,venice-marco-polo-airport,6452148,Luggage Storage near Venice Marco Polo Area,2026-10-08,5,weekday,45,0,45,read
2026-10-08 04:08,bari,altamura,6455039,Luggage Storage Altamura St Mary'S Cathedral,2026-10-08,5,weekday,10,,,unavailable
2026-10-08 04:08,bari,fiera-del-levante,1377,Luggage Storage Via Napoli,2026-10-08,5,weekday,30,0,30,read
2026-10-08 04:08,palermo,palermo-city-center,7123,Luggage Storage Monte Di Pietà,2026-10-08,5,weekday,30,,,unavailable
2026-10-08 04:08,bologna,bologna-centrale-railway-station,6460518,Luggage Storage near Bologna Station,2026-10-08,5,weekday,55,,,unavailable
2026-10-08 04:08,lecce,railway-station,6408,Luggage Storage Lecce Train Station,2026-10-08,5,weekday,70,1,69,read
2026-10-08 04:08,syracuse,station,6539,Luggage Storage Syracuse Railway Station,2026-10-08,5,weekday,30,0,30,read
2026-10-08 04:08,rimini,rimini-train-station,226,Luggage Storage Rimini Train Station,2026-10-08,5,weekday,300,0,300,read
2026-10-08 04:08,rimini,lungomare-augusto-murri,3797,Luggage Storage Rimini Beach,2026-10-08,5,weekday,15,0,15,read
2026-10-08 04:08,rimini,federico-fellini-international-airport,6460885,Luggage Storage Rimini Miramare,2026-10-08,5,weekday,20,0,20,read
2026-10-08 04:08,rimini,bellariva,6453303,Luggage Storage Viale Regina Elena,2026-10-08,5,weekday,50,,,unavailable
2026-10-08 04:08,sorrento,sorrento-train-station,6579,Luggage Storage Piazza Tasso,2026-10-08,5,weekday,30,,,unavailable
2026-10-08 04:08,sorrento,sorrento-train-station,6461804,Luggage Storage Piazza Lauro,2026-10-08,5,weekday,30,0,30,read
2026-10-08 04:08,sorrento,sant-agnello,6459956,Luggage Storage Sant'Agnello,2026-10-08,5,weekday,20,0,20,read
2026-10-08 04:08,alghero,alghero-airport,6460125,Luggage Storage Alghero Airport,2026-10-08,5,weekday,30,4,26,read
2026-10-08 04:08,la-spezia,la-spezia-centrale,6459699,Luggage Storage La Spezia Station,2026-10-08,5,weekday,60,,,unavailable
2026-10-08 04:08,mestre,mestre-train-station,5326,Luggage Storage Mestre Train Station,2026-10-08,5,weekday,100,2,98,read
2026-10-08 04:08,perugia,central-station,6460204,Luggage Storage Perugia Station 24H,2026-10-08,5,weekday,20,0,20,read
2026-10-08 04:08,reggio-calabria,villa-san-giovanni,5948,Luggage Storage Villa San Giovanni Station,2026-10-08,5,weekday,50,0,50,read
2026-10-08 04:08,ferrara,city-center,873,Luggage Storage Ferrara City Center,2026-10-08,5,weekday,15,0,15,read
2026-10-08 04:08,ferrara,city-center,6451982,Luggage Storage Viale Cavour / Ferrara Castle,2026-10-08,5,weekday,50,0,50,read
2026-10-08 04:08,trento,main-station,3884,Luggage Storage Trento Railway Station,2026-10-08,5,weekday,40,0,40,read
2026-10-08 04:08,parma,city-center,6473550,Luggage Storage Arch of San Lazzaro,2026-10-08,5,weekday,10,0,10,read
2026-10-08 04:08,polignano-a-mare,city-center,6455631,Luggage Storage San Vito Beach,2026-10-08,5,weekday,10,,,unavailable
2026-10-08 04:08,ravenna,main-station,6453186,Luggage Storage Via Molinetto,2026-10-08,5,weekday,20,0,20,read
2026-10-08 04:08,trieste,trieste-train-station,3904,Luggage Storage near Trieste Central Station,2026-10-08,5,weekday,45,0,45,read
2026-10-08 04:08,ancona,ancona-train-station,458,Luggage Storage Ancona Train Station,2026-10-08,5,weekday,100,0,100,read
2026-10-08 04:08,padua,main-station,7281,Luggage Storage Via Sarpi,2026-10-08,5,weekday,60,0,60,read
2026-10-08 04:08,imola,city-center,6467886,Luggage Storage Piazza Matteotti,2026-10-08,5,weekday,200,0,200,read
2026-10-08 04:08,sassari,city-center,7623,Luggage Storage Viale Dante,2026-10-08,5,weekday,20,0,20,read
2026-10-08 04:08,assisi,city-center,7307,Luggage Storage Basilica Di Santa Maria Degli Angeli,2026-10-08,5,weekday,25,0,25,read
2026-10-08 04:08,caltanissetta,caltanissetta-centrale,7727,Luggage Storage Caltanissetta Train Station,2026-10-08,5,weekday,10,,,unavailable
2026-10-08 04:08,milazzo,port,6471045,Luggage Storage Via dei Mille,2026-10-08,5,weekday,200,0,200,read
2026-10-08 04:08,prato,prato-centrale,4478,Luggage Storage Prato City Center,2026-10-08,5,weekday,40,0,40,read
2026-10-08 04:08,lamezia-terme,train-station,6452912,Luggage Storage Lamezia Terme Centrale,2026-10-08,5,weekday,30,0,30,read
2026-10-08 04:08,sanremo,city-center,7763,Luggage Storage Sanremo City Center,2026-10-08,5,weekday,20,0,20,read
2026-10-08 04:08,sestri-levante,sestri-levante-train-station,6459773,Luggage Storage Sestri Levante Train Station,2026-10-08,5,weekday,35,0,35,read
2026-10-08 04:08,ventimiglia,city-center-ventimiglia,6469655,Luggage Storage Ventimiglia Railway Station,2026-10-08,5,weekday,50,,,unavailable
2026-10-08 04:08,trani,trani-transit-station,6936,Luggage Storage Trani Port,2026-10-08,5,weekday,50,,,unavailable
2026-10-08 05:07,rome,termini,1109,Luggage Storage Termini,2026-10-08,6,weekday,300,11,289,read
2026-10-08 05:07,rome,tiburtina,4763,Luggage Storage Tiburtina Terminal,2026-10-08,6,weekday,65,0,65,read
2026-10-08 05:07,rome,termini,739,Luggage Storage Marsala - Termini,2026-10-08,6,weekday,200,2,198,read
2026-10-08 05:07,rome,trastevere,913,Luggage Storage Viale Trastevere,2026-10-08,6,weekday,80,0,80,read
2026-10-08 05:07,rome,via-del-corso,5660,Luggage Storage Via Del Corso,2026-10-08,6,weekday,25,0,25,read
2026-10-08 05:07,rome,tiburtina,8637,Luggage Storage Monti Tiburtini Metro Station,2026-10-08,6,weekday,50,0,50,read
2026-10-08 05:07,rome,termini,6473159,Luggage Storage Via Marghera / Via Dei Mille,2026-10-08,6,weekday,10,0,10,read
2026-10-08 05:07,rome,termini,6472955,Luggage Storage Milazzo / Termini Station,2026-10-08,6,weekday,100,0,100,read
2026-10-08 05:07,rome,termini,6472954,Luggage Storage Marsala / Milazzo,2026-10-08,6,weekday,100,0,100,read
2026-10-08 05:07,rome,termini,6472953,Luggage Storage Milazzo / Magenta,2026-10-08,6,weekday,100,0,100,read
2026-10-08 05:07,rome,ostiense,6470455,Luggage Storage near Ostiense,2026-10-08,6,weekday,20,0,20,read
2026-10-08 05:07,rome,ostiense,6470454,Luggage Storage Basilica S. Paolo,2026-10-08,6,weekday,50,,,unavailable
2026-10-08 05:07,rome,repubblica,6469637,Luggage Storage Via Quattro Fontane,2026-10-08,6,weekday,50,,,unavailable
2026-10-08 05:07,rome,trastevere,6461932,Luggage Storage near Piazza Trilussa,2026-10-08,6,weekday,20,,,unavailable
2026-10-08 05:07,rome,termini,6459912,Luggage Storage Amendola / Termini Station,2026-10-08,6,weekday,20,,,unavailable
2026-10-08 05:07,rome,termini,6457349,Luggage Storage Termini Metro Station,2026-10-08,6,weekday,45,0,45,read
2026-10-08 05:07,rome,flaminio,6456650,Luggage Storage Mancini Bus Station,2026-10-08,6,weekday,25,0,25,read
2026-10-08 05:07,rome,portuense,6454526,Luggage Storage Circonvallazione Gianicolense,2026-10-08,6,weekday,20,,,unavailable
2026-10-08 05:07,rome,trastevere,5086,Luggage Storage Piazza Scotti,2026-10-08,6,weekday,50,,,unavailable
2026-10-08 05:07,rome,aventino,3992,Luggage Storage Aventino,2026-10-08,6,weekday,100,0,100,read
2026-10-08 05:07,milan,milan-centrale-railway-station,3521,Luggage Storage Milan Centrale Train Station,2026-10-08,6,weekday,300,0,300,read
2026-10-08 05:07,milan,palazzo-di-giustizia,6550,Luggage Storage Viale Regina Margherita,2026-10-08,6,weekday,30,0,30,read
2026-10-08 05:07,milan,san-babila,2709,Luggage Storage San Babila,2026-10-08,6,weekday,50,0,50,read
2026-10-08 05:07,milan,corso-buenos-aires,9020,Luggage Storage near Corso Buenos Aires,2026-10-08,6,weekday,20,0,20,read
2026-10-08 05:07,milan,milan-centrale-railway-station,6991,Luggage Storage Milano Porta Venezia,2026-10-08,6,weekday,45,0,45,read
2026-10-08 05:07,milan,missori,6473109,Luggage Storage Colonne / Vetra,2026-10-08,6,weekday,40,,,unavailable
2026-10-08 05:07,milan,milan-centrale-railway-station,6471137,Luggage Storage Centrale / Filzi,2026-10-08,6,weekday,100,,,unavailable
2026-10-08 05:07,milan,politecnico-di-milano-campus-bovisa-la-masa,6470851,Luggage Storage Milano Bovisa,2026-10-08,6,weekday,20,0,20,read
2026-10-08 05:07,milan,porta-romana,6469207,Luggage Storage Piazzale Libia,2026-10-08,6,weekday,20,,,unavailable
2026-10-08 05:07,milan,navigli,6463299,Luggage Storage Corso S. Gottardo,2026-10-08,6,weekday,20,1,19,read
2026-10-08 05:07,milan,milano-repubblica-station,6462258,Luggage Storage near Milano Repubblica,2026-10-08,6,weekday,20,,,unavailable
2026-10-08 05:07,milan,niguarda,6461262,Luggage Storage near Niguarda,2026-10-08,6,weekday,20,0,20,read
2026-10-08 05:07,milan,cerchiate,6460933,Luggage Storage Pero Cerchiate,2026-10-08,6,weekday,20,0,20,read
2026-10-08 05:07,milan,navigli,6459502,Luggage Storage Ripa Di Porta Ticinese,2026-10-08,6,weekday,35,,,unavailable
2026-10-08 05:07,milan,bicocca,6459489,Luggage Storage Ponale,2026-10-08,6,weekday,20,,,unavailable
2026-10-08 05:07,milan,lambrate,6459487,Luggage Storage Via Porpora,2026-10-08,6,weekday,20,,,unavailable
2026-10-08 05:07,milan,zone-7-of-milan,6459485,Luggage Storage Piazzale Brescia,2026-10-08,6,weekday,20,0,20,read
2026-10-08 05:07,milan,porta-ticinese,6459398,Luggage Storage Porta Ticinese,2026-10-08,6,weekday,20,,,unavailable
2026-10-08 05:07,milan,santa-maria-delle-grazie,6458624,Luggage Storage Via Solari,2026-10-08,6,weekday,20,,,unavailable
2026-10-08 05:07,milan,porta-genova,6458616,Luggage Storage Conca Del Naviglio,2026-10-08,6,weekday,35,,,unavailable
2026-10-08 05:07,milan,washington,6458560,Luggage Storage Wagner,2026-10-08,6,weekday,35,0,35,read
2026-10-08 05:07,milan,milano-repubblica-station,6458359,Luggage Storage Milano Repubblica Train Station,2026-10-08,6,weekday,100,,,unavailable
2026-10-08 05:07,milan,niguarda,6457565,Luggage Storage Milan Segnano,2026-10-08,6,weekday,20,,,unavailable
2026-10-08 05:07,milan,san-siro-stadium,6457232,Luggage Storage San Siro Stadium Metro Station,2026-10-08,6,weekday,35,0,35,read
2026-10-08 05:07,milan,milan-centrale-railway-station,6456714,Luggage Storage near Mercato Centrale Milano,2026-10-08,6,weekday,50,,,unavailable
2026-10-08 05:07,milan,milan-centrale-railway-station,6452762,Luggage Storage Milano Centrale / Via Ponte Seveso,2026-10-08,6,weekday,55,,,unavailable
2026-10-08 05:07,milan,san-siro-stadium,5779,Luggage Storage Via Novara,2026-10-08,6,weekday,50,0,50,read
2026-10-08 05:07,naples,naples-centrale-train-station,188,Luggage Storage Naples Centrale,2026-10-08,6,weekday,300,0,300,read
2026-10-08 05:07,naples,naples-centrale-train-station,1835,Luggage Storage Naples Train Station,2026-10-08,6,weekday,45,0,45,read
2026-10-08 05:07,naples,monument-of-giuseppe-garibaldi,2697,Luggage Storage Corso Umberto I,2026-10-08,6,weekday,30,0,30,read
2026-10-08 05:07,naples,naples-city-center,5681,Luggage Storage near Sansevero Chapel,2026-10-08,6,weekday,50,0,50,read
2026-10-08 05:07,naples,dante,9271,Luggage Storage Dante Metro Station,2026-10-08,6,weekday,30,0,30,read
2026-10-08 05:07,naples,napoli-porta-nolana,9071,Luggage Storage Duomo / Corso Umberto I,2026-10-08,6,weekday,60,0,60,read
2026-10-08 05:07,naples,mergellina-port,6717,Luggage Storage Via Piedigrotta,2026-10-08,6,weekday,50,0,50,read
2026-10-08 05:07,naples,vomero,6473629,Luggage Storage Arenella,2026-10-08,6,weekday,20,0,20,read
2026-10-08 05:07,naples,vomero,6473440,Luggage Storage Piazza Degli Artisti,2026-10-08,6,weekday,30,0,30,read
2026-10-08 05:07,naples,municipio,6470807,Luggage Storage Piazza Plebiscito,2026-10-08,6,weekday,50,,,unavailable
2026-10-08 05:07,naples,via-chiaia,6470110,Luggage Storage Chiaia,2026-10-08,6,weekday,100,0,100,read
2026-10-08 05:07,naples,universita,6461871,Luggage Storage Molo Immacolatella Vecchia,2026-10-08,6,weekday,30,0,30,read
2026-10-08 05:07,naples,napoli-porta-nolana,6460717,Luggage Storage Vespucci - Lucci,2026-10-08,6,weekday,15,0,15,read
2026-10-08 05:07,naples,naples-airport,6458533,Luggage Storage Naples Airport,2026-10-08,6,weekday,30,0,30,read
2026-10-08 05:07,naples,naples-centrale-train-station,6454591,Luggage Storage Metropark Terminal Bus Station,2026-10-08,6,weekday,100,0,100,read
2026-10-08 05:07,naples,naples-city-center,5972,Luggage Storage Diana Theatre,2026-10-08,6,weekday,15,,,unavailable
2026-10-08 05:07,naples,santa-lucia,5763,Luggage Storage Santa Lucia,2026-10-08,6,weekday,100,0,100,read
2026-10-08 05:07,florence,santa-maria-novella,884,Luggage Storage Santa Maria Novella,2026-10-08,6,weekday,140,10,130,read
2026-10-08 05:07,florence,basilica-of-santa-maria-novella,6461934,Luggage Storage Via Ghibellina,2026-10-08,6,weekday,20,,,unavailable
2026-10-08 05:07,florence,basilica-of-santa-maria-novella,6460614,Luggage Storage Via Guelfa / Piazza San Marco,2026-10-08,6,weekday,30,0,30,read
2026-10-08 05:07,turin,museo-pietro-micca,7213,Luggage Storage Porta Susa Railway Station,2026-10-08,6,weekday,95,0,95,read
2026-10-08 05:07,turin,city-center,6472386,Luggage Storage Rossini Tram Stop,2026-10-08,6,weekday,40,,,unavailable
2026-10-08 05:07,turin,lingotto,6451048,Luggage Storage Corso Unione Sovietica,2026-10-08,6,weekday,25,0,25,read
2026-10-08 05:07,catania,catania-centrale,6560,Luggage Storage Catania Bus Station,2026-10-08,6,weekday,100,0,100,read
2026-10-08 05:07,catania,borgo-sanzio,6458945,Luggage Storage Orto Botanico di Catania,2026-10-08,6,weekday,20,,,unavailable
2026-10-08 05:07,catania,catania-airport,6454786,Luggage Storage near Catania Airport,2026-10-08,6,weekday,50,2,48,read
2026-10-08 05:07,catania,city-center,6453899,Luggage Storage Catania Centrale,2026-10-08,6,weekday,35,,,unavailable
2026-10-08 05:07,catania,city-center,6452806,Luggage Storage Catania Harbor Pier,2026-10-08,6,weekday,10,0,10,read
2026-10-08 05:07,catania,catania-centrale,6452780,Luggage Storage Giovanni Xxiii Metro Station,2026-10-08,6,weekday,25,0,25,read
2026-10-08 05:07,venice,rialto,149,Luggage Storage Rialto Bridge,2026-10-08,6,weekday,300,0,300,read
2026-10-08 05:07,venice,piazzale-roma,5722,Luggage Storage Piazzale Roma,2026-10-08,6,weekday,100,0,100,read
2026-10-08 05:07,venice,venice-marco-polo-airport,6452148,Luggage Storage near Venice Marco Polo Area,2026-10-08,6,weekday,45,0,45,read
2026-10-08 05:07,bari,altamura,6455039,Luggage Storage Altamura St Mary'S Cathedral,2026-10-08,6,weekday,10,,,unavailable
2026-10-08 05:07,bari,fiera-del-levante,1377,Luggage Storage Via Napoli,2026-10-08,6,weekday,30,0,30,read
2026-10-08 05:07,palermo,palermo-city-center,7123,Luggage Storage Monte Di Pietà,2026-10-08,6,weekday,30,,,unavailable
2026-10-08 05:07,bologna,bologna-centrale-railway-station,6460518,Luggage Storage near Bologna Station,2026-10-08,6,weekday,55,,,unavailable
2026-10-08 05:07,pisa,pisa-centrale-train-station,6602,Luggage Storage Pisa Bus Station,2026-10-08,6,weekday,50,0,50,read
2026-10-08 05:07,lecce,railway-station,6408,Luggage Storage Lecce Train Station,2026-10-08,6,weekday,70,1,69,read
2026-10-08 05:07,syracuse,station,6539,Luggage Storage Syracuse Railway Station,2026-10-08,6,weekday,30,0,30,read
2026-10-08 05:07,rimini,rimini-train-station,226,Luggage Storage Rimini Train Station,2026-10-08,6,weekday,300,0,300,read
2026-10-08 05:07,rimini,lungomare-augusto-murri,3797,Luggage Storage Rimini Beach,2026-10-08,6,weekday,15,0,15,read
2026-10-08 05:07,rimini,lungomare-augusto-murri,6713,Luggage Storage Piazza Kennedy,2026-10-08,6,weekday,25,0,25,read
2026-10-08 05:07,rimini,federico-fellini-international-airport,6460885,Luggage Storage Rimini Miramare,2026-10-08,6,weekday,20,0,20,read
2026-10-08 05:07,rimini,bellariva,6453303,Luggage Storage Viale Regina Elena,2026-10-08,6,weekday,50,,,unavailable
2026-10-08 05:07,rimini,rimini-train-station,6453291,Luggage Storage Via Roma / Station,2026-10-08,6,weekday,15,0,15,read
2026-10-08 05:07,sorrento,sorrento-train-station,6579,Luggage Storage Piazza Tasso,2026-10-08,6,weekday,30,,,unavailable
2026-10-08 05:07,sorrento,sorrento-train-station,6461804,Luggage Storage Piazza Lauro,2026-10-08,6,weekday,30,0,30,read
2026-10-08 05:07,sorrento,sant-agnello,6459956,Luggage Storage Sant'Agnello,2026-10-08,6,weekday,20,0,20,read
2026-10-08 05:07,salerno,salerno-train-station,640,Luggage Storage Salerno Train Station,2026-10-08,6,weekday,100,0,100,read
2026-10-08 05:07,salerno,salerno-train-station,7600,Luggage Storage Salerno Railway Station,2026-10-08,6,weekday,50,3,47,read
2026-10-08 05:07,salerno,city-centre,9129,Luggage Storage Salerno Villa Comunale,2026-10-08,6,weekday,20,0,20,read
2026-10-08 05:07,alghero,alghero-airport,6460125,Luggage Storage Alghero Airport,2026-10-08,6,weekday,30,4,26,read
2026-10-08 05:07,la-spezia,la-spezia-centrale,6459699,Luggage Storage La Spezia Station,2026-10-08,6,weekday,60,,,unavailable
2026-10-08 05:07,mestre,mestre-train-station,5326,Luggage Storage Mestre Train Station,2026-10-08,6,weekday,100,2,98,read
2026-10-08 05:07,perugia,central-station,6460204,Luggage Storage Perugia Station 24H,2026-10-08,6,weekday,20,0,20,read
2026-10-08 05:07,perugia,bus-station,7238,Luggage Storage Perugia Bus Station,2026-10-08,6,weekday,25,0,25,read
2026-10-08 05:07,trapani,train-station,6526,Luggage Storage Museum Of Illusions,2026-10-08,6,weekday,10,0,10,read
2026-10-08 05:07,reggio-calabria,villa-san-giovanni,5948,Luggage Storage Villa San Giovanni Station,2026-10-08,6,weekday,50,0,50,read
2026-10-08 05:07,ferrara,city-center,873,Luggage Storage Ferrara City Center,2026-10-08,6,weekday,15,0,15,read
2026-10-08 05:07,ferrara,city-center,6451982,Luggage Storage Viale Cavour / Ferrara Castle,2026-10-08,6,weekday,50,0,50,read
2026-10-08 05:07,ferrara,railway-station,6452547,Luggage Storage Ferrara Train Station,2026-10-08,6,weekday,40,0,40,read
2026-10-08 05:07,trento,main-station,3884,Luggage Storage Trento Railway Station,2026-10-08,6,weekday,40,0,40,read
2026-10-08 05:07,messina,messina-centrale,9018,Luggage Storage Messina Train Station,2026-10-08,6,weekday,30,2,28,read
2026-10-08 05:07,aosta,train-station,3895,Luggage Storage Transit Station Aosta,2026-10-08,6,weekday,65,0,65,read
2026-10-08 05:07,brescia,train-station,7597,Luggage Storage Brescia Station,2026-10-08,6,weekday,20,0,20,read
2026-10-08 05:07,monza,monza-train-station,6462143,Luggage Storage Monza Railway Station,2026-10-08,6,weekday,20,0,20,read
2026-10-08 05:07,parma,city-center,6473550,Luggage Storage Arch of San Lazzaro,2026-10-08,6,weekday,10,0,10,read
2026-10-08 05:07,polignano-a-mare,city-center,6455631,Luggage Storage San Vito Beach,2026-10-08,6,weekday,10,,,unavailable
2026-10-08 05:07,ravenna,main-station,6453186,Luggage Storage Via Molinetto,2026-10-08,6,weekday,20,0,20,read
2026-10-08 05:07,savona,public-beach-lo-scaletto-dei-pescatori,6456768,Luggage Storage Lo Scaletto Dei Pescatori Beach,2026-10-08,6,weekday,20,0,20,read
2026-10-08 05:07,trieste,trieste-train-station,3904,Luggage Storage near Trieste Central Station,2026-10-08,6,weekday,45,0,45,read
2026-10-08 05:07,ancona,ancona-train-station,458,Luggage Storage Ancona Train Station,2026-10-08,6,weekday,100,0,100,read
2026-10-08 05:07,padua,main-station,7281,Luggage Storage Via Sarpi,2026-10-08,6,weekday,60,0,60,read
2026-10-08 05:07,imola,city-center,6467886,Luggage Storage Piazza Matteotti,2026-10-08,6,weekday,200,0,200,read
2026-10-08 05:07,sassari,city-center,7623,Luggage Storage Viale Dante,2026-10-08,6,weekday,20,0,20,read
2026-10-08 05:07,taranto,castello-aragonese,6852,Luggage Storage San Cataldo Cathedral,2026-10-08,6,weekday,50,0,50,read
2026-10-08 05:07,assisi,city-center,7307,Luggage Storage Basilica Di Santa Maria Degli Angeli,2026-10-08,6,weekday,25,0,25,read
2026-10-08 05:07,caltanissetta,caltanissetta-centrale,7727,Luggage Storage Caltanissetta Train Station,2026-10-08,6,weekday,10,,,unavailable
2026-10-08 05:07,olbia,train-station,7387,Luggage Storage Olbia Terranova Train Station,2026-10-08,6,weekday,100,0,100,read
2026-10-08 05:07,merano,merano-train-station,9956,Luggage Storage Merano Railway Station,2026-10-08,6,weekday,15,1,14,read
2026-10-08 05:07,milazzo,port,6471045,Luggage Storage Via dei Mille,2026-10-08,6,weekday,200,0,200,read
2026-10-08 05:07,ostuni,city-centre,6876,Luggage Storage Ostuni Train Station,2026-10-08,6,weekday,50,0,50,read
2026-10-08 05:07,prato,prato-centrale,4478,Luggage Storage Prato City Center,2026-10-08,6,weekday,40,0,40,read
2026-10-08 05:07,prato,prato-centrale,6471185,Luggage Storage Prato Centrale Railway Station,2026-10-08,6,weekday,10,0,10,read
2026-10-08 05:07,lamezia-terme,train-station,6452912,Luggage Storage Lamezia Terme Centrale,2026-10-08,6,weekday,30,0,30,read
2026-10-08 05:07,mantua,city-center,6385,Luggage Storage Social Theatre,2026-10-08,6,weekday,25,0,25,read
2026-10-08 05:07,massa,city-center,6458344,Luggage Storage Massa Centro Railway Station,2026-10-08,6,weekday,20,0,20,read
2026-10-08 05:07,sanremo,city-center,7763,Luggage Storage Sanremo City Center,2026-10-08,6,weekday,20,0,20,read
2026-10-08 05:07,sestri-levante,sestri-levante-train-station,6459773,Luggage Storage Sestri Levante Train Station,2026-10-08,6,weekday,35,0,35,read
2026-10-08 05:07,stromboli,ferry-terminal,6461846,Luggage Storage Scari Beach,2026-10-08,6,weekday,20,0,20,read
2026-10-08 05:07,ventimiglia,city-center-ventimiglia,6469655,Luggage Storage Ventimiglia Railway Station,2026-10-08,6,weekday,50,,,unavailable
2026-10-08 05:07,formia,city-center,6458650,Luggage Storage Formia Train Station,2026-10-08,6,weekday,10,0,10,read
2026-10-08 05:07,gorizia,gorizia-train-station,9040,Luggage Storage Gorizia Train Station,2026-10-08,6,weekday,25,0,25,read
2026-10-08 05:07,paola,paola-train-station,8993,Luggage Storage Paola Train Station,2026-10-08,6,weekday,10,0,10,read
2026-10-08 05:07,rovigo,rovigo-train-station,6457110,Luggage Storage Rovigo Train Station,2026-10-08,6,weekday,20,0,20,read
2026-10-08 05:07,trani,trani-transit-station,6936,Luggage Storage Trani Port,2026-10-08,6,weekday,50,,,unavailable
