aggiornato_il,circolo,copertura,tipo_giorno,fascia,giorni_rilevati,mezzore_rilevate,mezzore_occupate,quota_occupata
2026-09-22 15:58,Altino Sport Village,coperto,feriale,mattina,2,18,0,0.0
2026-09-22 15:58,Altino Sport Village,coperto,feriale,pomeriggio,3,18,6,0.333
2026-09-22 15:58,Altino Sport Village,coperto,feriale,pranzo,3,22,2,0.091
2026-09-22 15:58,Altino Sport Village,coperto,feriale,sera,3,34,24,0.706
2026-09-22 15:58,Altino Sport Village,coperto,festivo,mattina,1,4,0,0.0
2026-09-22 15:58,Altino Sport Village,coperto,festivo,pomeriggio,1,14,2,0.143
2026-09-22 15:58,Altino Sport Village,coperto,festivo,pranzo,1,4,4,1.0
2026-09-22 15:58,Altino Sport Village,coperto,festivo,sera,1,10,10,1.0
2026-09-22 15:58,Aquafit Padel,scoperto,feriale,mattina,2,18,0,0.0
2026-09-22 15:58,Aquafit Padel,scoperto,feriale,pomeriggio,3,34,4,0.118
2026-09-22 15:58,Aquafit Padel,scoperto,feriale,pranzo,3,22,0,0.0
2026-09-22 15:58,Aquafit Padel,scoperto,feriale,sera,3,36,22,0.611
2026-09-22 15:58,Aquafit Padel,scoperto,festivo,mattina,1,4,4,1.0
2026-09-22 15:58,Aquafit Padel,scoperto,festivo,pomeriggio,1,16,16,1.0
2026-09-22 15:58,Aquafit Padel,scoperto,festivo,pranzo,2,10,10,1.0
2026-09-22 15:58,Barchessa Padel e Pikleball,coperto,feriale,mattina,2,33,0,0.0
2026-09-22 15:58,Barchessa Padel e Pikleball,coperto,feriale,pomeriggio,3,27,13,0.481
2026-09-22 15:58,Barchessa Padel e Pikleball,coperto,feriale,pranzo,3,33,0,0.0
2026-09-22 15:58,Barchessa Padel e Pikleball,coperto,feriale,sera,3,45,45,1.0
2026-09-22 15:58,Barchessa Padel e Pikleball,coperto,festivo,mattina,1,6,0,0.0
2026-09-22 15:58,Barchessa Padel e Pikleball,coperto,festivo,pomeriggio,1,21,15,0.714
2026-09-22 15:58,Barchessa Padel e Pikleball,coperto,festivo,pranzo,1,6,1,0.167
2026-09-22 15:58,Barchessa Padel e Pikleball,coperto,festivo,sera,1,6,6,1.0
2026-09-22 15:58,H-FARM CAMPUS,scoperto,feriale,pomeriggio,1,2,0,0.0
2026-09-22 15:58,H-FARM CAMPUS,scoperto,feriale,sera,3,24,14,0.583
2026-09-22 15:58,H-FARM CAMPUS,scoperto,festivo,mattina,1,4,0,0.0
2026-09-22 15:58,H-FARM CAMPUS,scoperto,festivo,pomeriggio,1,14,0,0.0
2026-09-22 15:58,H-FARM CAMPUS,scoperto,festivo,pranzo,1,4,0,0.0
2026-09-22 15:58,H-FARM CAMPUS,scoperto,festivo,sera,1,14,8,0.571
2026-09-22 15:58,Marina Sporting,scoperto,feriale,mattina,2,22,19,0.864
2026-09-22 15:58,Marina Sporting,scoperto,feriale,pomeriggio,3,18,10,0.556
2026-09-22 15:58,Marina Sporting,scoperto,feriale,pranzo,3,22,14,0.636
2026-09-22 15:58,Marina Sporting,scoperto,feriale,sera,3,24,20,0.833
2026-09-22 15:58,Marina Sporting,scoperto,festivo,mattina,1,4,4,1.0
2026-09-22 15:58,Marina Sporting,scoperto,festivo,pomeriggio,1,14,0,0.0
2026-09-22 15:58,Marina Sporting,scoperto,festivo,pranzo,1,4,4,1.0
2026-09-22 15:58,Marina Sporting,scoperto,festivo,sera,1,14,12,0.857
2026-09-22 15:58,Padel Treviso,coperto,feriale,mattina,2,63,0,0.0
2026-09-22 15:58,Padel Treviso,coperto,feriale,pomeriggio,3,63,20,0.317
2026-09-22 15:58,Padel Treviso,coperto,feriale,pranzo,3,77,5,0.065
2026-09-22 15:58,Padel Treviso,coperto,feriale,sera,3,126,101,0.802
2026-09-22 15:58,Padel Treviso,coperto,festivo,mattina,1,14,1,0.071
2026-09-22 15:58,Padel Treviso,coperto,festivo,pomeriggio,1,56,13,0.232
2026-09-22 15:58,Padel Treviso,coperto,festivo,pranzo,2,35,1,0.029
2026-09-22 15:58,Padel Treviso,coperto,festivo,sera,1,21,21,1.0
2026-09-22 15:58,Padel Treviso,scoperto,feriale,mattina,2,45,0,0.0
2026-09-22 15:58,Padel Treviso,scoperto,feriale,pomeriggio,3,45,14,0.311
2026-09-22 15:58,Padel Treviso,scoperto,feriale,pranzo,3,55,3,0.055
2026-09-22 15:58,Padel Treviso,scoperto,feriale,sera,3,90,64,0.711
2026-09-22 15:58,Padel Treviso,scoperto,festivo,mattina,1,10,0,0.0
2026-09-22 15:58,Padel Treviso,scoperto,festivo,pomeriggio,1,40,16,0.4
2026-09-22 15:58,Padel Treviso,scoperto,festivo,pranzo,2,25,3,0.12
2026-09-22 15:58,Padel Treviso,scoperto,festivo,sera,1,15,15,1.0
2026-09-22 15:58,Padel by FitUP di Zero Branco,coperto,feriale,mattina,2,8,0,0.0
2026-09-22 15:58,Padel by FitUP di Zero Branco,coperto,feriale,pomeriggio,3,19,0,0.0
2026-09-22 15:58,Padel by FitUP di Zero Branco,coperto,feriale,pranzo,3,11,0,0.0
2026-09-22 15:58,Padel by FitUP di Zero Branco,coperto,feriale,sera,2,7,5,0.714
2026-09-22 15:58,Padel by FitUP di Zero Branco,coperto,festivo,mattina,1,2,2,1.0
2026-09-22 15:58,Padel by FitUP di Zero Branco,coperto,festivo,pranzo,1,2,2,1.0
2026-09-22 15:58,SPH - Treviso Sporting,coperto,feriale,mattina,2,44,2,0.045
2026-09-22 15:58,SPH - Treviso Sporting,coperto,feriale,pomeriggio,3,36,12,0.333
2026-09-22 15:58,SPH - Treviso Sporting,coperto,feriale,pranzo,3,44,1,0.023
2026-09-22 15:58,SPH - Treviso Sporting,coperto,feriale,sera,3,64,60,0.938
2026-09-22 15:58,SPH - Treviso Sporting,coperto,festivo,mattina,1,8,0,0.0
2026-09-22 15:58,SPH - Treviso Sporting,coperto,festivo,pomeriggio,1,28,9,0.321
2026-09-22 15:58,SPH - Treviso Sporting,coperto,festivo,pranzo,1,8,0,0.0
2026-09-22 15:58,SPH - Treviso Sporting,coperto,festivo,sera,1,8,8,1.0
2026-09-22 15:58,SPH - Treviso Sporting,scoperto,feriale,mattina,2,33,0,0.0
2026-09-22 15:58,SPH - Treviso Sporting,scoperto,feriale,pomeriggio,3,27,5,0.185
2026-09-22 15:58,SPH - Treviso Sporting,scoperto,feriale,pranzo,3,33,0,0.0
2026-09-22 15:58,SPH - Treviso Sporting,scoperto,feriale,sera,3,48,35,0.729
2026-09-22 15:58,SPH - Treviso Sporting,scoperto,festivo,mattina,1,6,0,0.0
2026-09-22 15:58,SPH - Treviso Sporting,scoperto,festivo,pomeriggio,1,21,3,0.143
2026-09-22 15:58,SPH - Treviso Sporting,scoperto,festivo,pranzo,1,6,0,0.0
2026-09-22 15:58,SPH - Treviso Sporting,scoperto,festivo,sera,1,6,6,1.0
2026-09-22 15:58,SPH - Venezia,coperto,feriale,mattina,2,55,8,0.145
2026-09-22 15:58,SPH - Venezia,coperto,feriale,pomeriggio,3,65,29,0.446
2026-09-22 15:58,SPH - Venezia,coperto,feriale,pranzo,3,55,10,0.182
2026-09-22 15:58,SPH - Venezia,coperto,feriale,sera,3,85,65,0.765
2026-09-22 15:58,SPH - Venezia,coperto,festivo,mattina,1,10,2,0.2
2026-09-22 15:58,SPH - Venezia,coperto,festivo,pomeriggio,1,40,4,0.1
2026-09-22 15:58,SPH - Venezia,coperto,festivo,pranzo,2,25,3,0.12
2026-09-22 15:58,SPH - Venezia,coperto,festivo,sera,1,20,20,1.0
2026-09-22 15:58,Sporting Club Mestre,coperto,feriale,mattina,3,24,4,0.167
2026-09-22 15:58,Sporting Club Mestre,coperto,feriale,pomeriggio,3,38,16,0.421
2026-09-22 15:58,Sporting Club Mestre,coperto,feriale,pranzo,3,24,4,0.167
2026-09-22 15:58,Sporting Club Mestre,coperto,feriale,sera,3,34,29,0.853
2026-09-22 15:58,Sporting Club Mestre,coperto,festivo,mattina,1,4,0,0.0
2026-09-22 15:58,Sporting Club Mestre,coperto,festivo,pomeriggio,1,16,15,0.938
2026-09-22 15:58,Sporting Club Mestre,coperto,festivo,pranzo,2,10,2,0.2
2026-09-22 15:58,Sporting Club Mestre,coperto,festivo,sera,1,2,2,1.0
2026-09-22 15:58,Sporting Club Mestre,scoperto,feriale,mattina,3,24,11,0.458
2026-09-22 15:58,Sporting Club Mestre,scoperto,feriale,pomeriggio,3,38,20,0.526
2026-09-22 15:58,Sporting Club Mestre,scoperto,feriale,pranzo,3,24,8,0.333
2026-09-22 15:58,Sporting Club Mestre,scoperto,feriale,sera,3,34,28,0.824
2026-09-22 15:58,Sporting Club Mestre,scoperto,festivo,mattina,1,4,4,1.0
2026-09-22 15:58,Sporting Club Mestre,scoperto,festivo,pomeriggio,1,16,13,0.812
2026-09-22 15:58,Sporting Club Mestre,scoperto,festivo,pranzo,2,10,5,0.5
2026-09-22 15:58,Sporting Club Mestre,scoperto,festivo,sera,1,2,2,1.0
