from,to,why
rome,roma,English name Radical and Bounce use for Roma
milan,milano,English name Radical and Bounce use for Milano
naples,napoli,English name for Napoli
florence,firenze,English name for Firenze
venice,venezia,English name for Venezia
turin,torino,English name for Torino
genoa,genova,English name for Genova
padua,padova,English name for Padova
mantua,mantova,English name for Mantova
mantua-d6,mantova,Bounce suffixed spelling of Mantova
syracuse,siracusa,English name for Siracusa
mestre,venezia,Mestre is mainland Venezia - kept apart at the neighbourhood level (Mestre Train Station, Mestre City Center, Marghera)
