read_at,city,shop_id,name,day,hour,weekday,locker_type,free,status
2026-09-29 22:44,Venezia,Maifermi-001,i-Vano Luggage Storage Venezia,2026-09-29,22,Tue,small,5,read
2026-09-29 22:44,Venezia,Maifermi-001,i-Vano Luggage Storage Venezia,2026-09-29,22,Tue,medium,12,read
2026-09-29 22:44,Venezia,Maifermi-001,i-Vano Luggage Storage Venezia,2026-09-29,22,Tue,large,12,read
2026-09-29 22:44,Napoli,Maifermi-002,i-Vano Luggage Storage Napoli,2026-09-29,22,Tue,small,3,read
2026-09-29 22:44,Napoli,Maifermi-002,i-Vano Luggage Storage Napoli,2026-09-29,22,Tue,medium,6,read
2026-09-29 22:44,Napoli,Maifermi-002,i-Vano Luggage Storage Napoli,2026-09-29,22,Tue,large,12,read
2026-09-29 22:44,Venezia,Maifermi-003,i-Vano Luggage Storage San Polo,2026-09-29,22,Tue,small,1,read
2026-09-29 22:44,Venezia,Maifermi-003,i-Vano Luggage Storage San Polo,2026-09-29,22,Tue,medium,10,read
2026-09-29 22:44,Venezia,Maifermi-003,i-Vano Luggage Storage San Polo,2026-09-29,22,Tue,large,7,read
2026-09-29 22:44,Palermo,Maifermi-004,i-Vano Luggage Storage Palermo,2026-09-29,22,Tue,small,5,read
2026-09-29 22:44,Palermo,Maifermi-004,i-Vano Luggage Storage Palermo,2026-09-29,22,Tue,medium,12,read
2026-09-29 22:44,Palermo,Maifermi-004,i-Vano Luggage Storage Palermo,2026-09-29,22,Tue,large,8,read
2026-09-29 22:44,Ortigia,Maifermi-005,i-Vano Luggage Storage Ortigia,2026-09-29,22,Tue,small,5,read
2026-09-29 22:44,Ortigia,Maifermi-005,i-Vano Luggage Storage Ortigia,2026-09-29,22,Tue,medium,6,read
2026-09-29 22:44,Ortigia,Maifermi-005,i-Vano Luggage Storage Ortigia,2026-09-29,22,Tue,large,4,read
2026-09-29 22:44,Roma,Maifermi-006,i-Vano Luggage Storage Roma,2026-09-29,22,Tue,small,5,read
2026-09-29 22:44,Roma,Maifermi-006,i-Vano Luggage Storage Roma,2026-09-29,22,Tue,medium,6,read
2026-09-29 22:44,Roma,Maifermi-006,i-Vano Luggage Storage Roma,2026-09-29,22,Tue,large,8,read
2026-09-29 22:44,Torino,Maifermi-007,i-Vano Luggage Storage Torino,2026-09-29,22,Tue,,,no-online-booking
2026-09-29 23:16,Venezia,Maifermi-001,i-Vano Luggage Storage Venezia,2026-09-29,23,Tue,small,5,read
2026-09-29 23:16,Venezia,Maifermi-001,i-Vano Luggage Storage Venezia,2026-09-29,23,Tue,medium,12,read
2026-09-29 23:16,Venezia,Maifermi-001,i-Vano Luggage Storage Venezia,2026-09-29,23,Tue,large,12,read
2026-09-29 23:16,Napoli,Maifermi-002,i-Vano Luggage Storage Napoli,2026-09-29,23,Tue,small,3,read
2026-09-29 23:16,Napoli,Maifermi-002,i-Vano Luggage Storage Napoli,2026-09-29,23,Tue,medium,6,read
2026-09-29 23:16,Napoli,Maifermi-002,i-Vano Luggage Storage Napoli,2026-09-29,23,Tue,large,12,read
2026-09-29 23:16,Venezia,Maifermi-003,i-Vano Luggage Storage San Polo,2026-09-29,23,Tue,small,1,read
2026-09-29 23:16,Venezia,Maifermi-003,i-Vano Luggage Storage San Polo,2026-09-29,23,Tue,medium,10,read
2026-09-29 23:16,Venezia,Maifermi-003,i-Vano Luggage Storage San Polo,2026-09-29,23,Tue,large,7,read
2026-09-29 23:16,Palermo,Maifermi-004,i-Vano Luggage Storage Palermo,2026-09-29,23,Tue,small,5,read
2026-09-29 23:16,Palermo,Maifermi-004,i-Vano Luggage Storage Palermo,2026-09-29,23,Tue,medium,12,read
2026-09-29 23:16,Palermo,Maifermi-004,i-Vano Luggage Storage Palermo,2026-09-29,23,Tue,large,8,read
2026-09-29 23:16,Ortigia,Maifermi-005,i-Vano Luggage Storage Ortigia,2026-09-29,23,Tue,small,5,read
2026-09-29 23:16,Ortigia,Maifermi-005,i-Vano Luggage Storage Ortigia,2026-09-29,23,Tue,medium,6,read
2026-09-29 23:16,Ortigia,Maifermi-005,i-Vano Luggage Storage Ortigia,2026-09-29,23,Tue,large,4,read
2026-09-29 23:16,Roma,Maifermi-006,i-Vano Luggage Storage Roma,2026-09-29,23,Tue,small,5,read
2026-09-29 23:16,Roma,Maifermi-006,i-Vano Luggage Storage Roma,2026-09-29,23,Tue,medium,6,read
2026-09-29 23:16,Roma,Maifermi-006,i-Vano Luggage Storage Roma,2026-09-29,23,Tue,large,8,read
2026-09-29 23:16,Torino,Maifermi-007,i-Vano Luggage Storage Torino,2026-09-29,23,Tue,,,no-online-booking
2026-09-29 23:40,Venezia,Maifermi-001,i-Vano Luggage Storage Venezia,2026-09-29,23,Tue,small,5,read
2026-09-29 23:40,Venezia,Maifermi-001,i-Vano Luggage Storage Venezia,2026-09-29,23,Tue,medium,12,read
2026-09-29 23:40,Venezia,Maifermi-001,i-Vano Luggage Storage Venezia,2026-09-29,23,Tue,large,12,read
2026-09-29 23:40,Napoli,Maifermi-002,i-Vano Luggage Storage Napoli,2026-09-29,23,Tue,small,3,read
2026-09-29 23:40,Napoli,Maifermi-002,i-Vano Luggage Storage Napoli,2026-09-29,23,Tue,medium,6,read
2026-09-29 23:40,Napoli,Maifermi-002,i-Vano Luggage Storage Napoli,2026-09-29,23,Tue,large,12,read
2026-09-29 23:40,Venezia,Maifermi-003,i-Vano Luggage Storage San Polo,2026-09-29,23,Tue,small,1,read
2026-09-29 23:40,Venezia,Maifermi-003,i-Vano Luggage Storage San Polo,2026-09-29,23,Tue,medium,10,read
2026-09-29 23:40,Venezia,Maifermi-003,i-Vano Luggage Storage San Polo,2026-09-29,23,Tue,large,7,read
2026-09-29 23:40,Palermo,Maifermi-004,i-Vano Luggage Storage Palermo,2026-09-29,23,Tue,small,5,read
2026-09-29 23:40,Palermo,Maifermi-004,i-Vano Luggage Storage Palermo,2026-09-29,23,Tue,medium,12,read
2026-09-29 23:40,Palermo,Maifermi-004,i-Vano Luggage Storage Palermo,2026-09-29,23,Tue,large,8,read
2026-09-29 23:40,Ortigia,Maifermi-005,i-Vano Luggage Storage Ortigia,2026-09-29,23,Tue,small,5,read
2026-09-29 23:40,Ortigia,Maifermi-005,i-Vano Luggage Storage Ortigia,2026-09-29,23,Tue,medium,6,read
2026-09-29 23:40,Ortigia,Maifermi-005,i-Vano Luggage Storage Ortigia,2026-09-29,23,Tue,large,4,read
2026-09-29 23:40,Roma,Maifermi-006,i-Vano Luggage Storage Roma,2026-09-29,23,Tue,small,5,read
2026-09-29 23:40,Roma,Maifermi-006,i-Vano Luggage Storage Roma,2026-09-29,23,Tue,medium,6,read
2026-09-29 23:40,Roma,Maifermi-006,i-Vano Luggage Storage Roma,2026-09-29,23,Tue,large,8,read
2026-09-29 23:40,Torino,Maifermi-007,i-Vano Luggage Storage Torino,2026-09-29,23,Tue,,,no-online-booking
2026-09-30 00:18,Venezia,Maifermi-001,i-Vano Luggage Storage Venezia,2026-09-30,0,Wed,small,5,read
2026-09-30 00:18,Venezia,Maifermi-001,i-Vano Luggage Storage Venezia,2026-09-30,0,Wed,medium,12,read
2026-09-30 00:18,Venezia,Maifermi-001,i-Vano Luggage Storage Venezia,2026-09-30,0,Wed,large,12,read
2026-09-30 00:18,Napoli,Maifermi-002,i-Vano Luggage Storage Napoli,2026-09-30,0,Wed,small,3,read
2026-09-30 00:18,Napoli,Maifermi-002,i-Vano Luggage Storage Napoli,2026-09-30,0,Wed,medium,6,read
2026-09-30 00:18,Napoli,Maifermi-002,i-Vano Luggage Storage Napoli,2026-09-30,0,Wed,large,12,read
2026-09-30 00:18,Venezia,Maifermi-003,i-Vano Luggage Storage San Polo,2026-09-30,0,Wed,small,1,read
2026-09-30 00:18,Venezia,Maifermi-003,i-Vano Luggage Storage San Polo,2026-09-30,0,Wed,medium,10,read
2026-09-30 00:18,Venezia,Maifermi-003,i-Vano Luggage Storage San Polo,2026-09-30,0,Wed,large,7,read
2026-09-30 00:18,Palermo,Maifermi-004,i-Vano Luggage Storage Palermo,2026-09-30,0,Wed,small,5,read
2026-09-30 00:18,Palermo,Maifermi-004,i-Vano Luggage Storage Palermo,2026-09-30,0,Wed,medium,12,read
2026-09-30 00:18,Palermo,Maifermi-004,i-Vano Luggage Storage Palermo,2026-09-30,0,Wed,large,8,read
2026-09-30 00:18,Ortigia,Maifermi-005,i-Vano Luggage Storage Ortigia,2026-09-30,0,Wed,small,5,read
2026-09-30 00:18,Ortigia,Maifermi-005,i-Vano Luggage Storage Ortigia,2026-09-30,0,Wed,medium,6,read
2026-09-30 00:18,Ortigia,Maifermi-005,i-Vano Luggage Storage Ortigia,2026-09-30,0,Wed,large,4,read
2026-09-30 00:18,Roma,Maifermi-006,i-Vano Luggage Storage Roma,2026-09-30,0,Wed,small,5,read
2026-09-30 00:18,Roma,Maifermi-006,i-Vano Luggage Storage Roma,2026-09-30,0,Wed,medium,6,read
2026-09-30 00:18,Roma,Maifermi-006,i-Vano Luggage Storage Roma,2026-09-30,0,Wed,large,8,read
2026-09-30 00:18,Torino,Maifermi-007,i-Vano Luggage Storage Torino,2026-09-30,0,Wed,,,no-online-booking
2026-09-30 01:16,Venezia,Maifermi-001,i-Vano Luggage Storage Venezia,2026-09-30,1,Wed,small,5,read
2026-09-30 01:16,Venezia,Maifermi-001,i-Vano Luggage Storage Venezia,2026-09-30,1,Wed,medium,12,read
2026-09-30 01:16,Venezia,Maifermi-001,i-Vano Luggage Storage Venezia,2026-09-30,1,Wed,large,12,read
2026-09-30 01:16,Napoli,Maifermi-002,i-Vano Luggage Storage Napoli,2026-09-30,1,Wed,small,3,read
2026-09-30 01:16,Napoli,Maifermi-002,i-Vano Luggage Storage Napoli,2026-09-30,1,Wed,medium,6,read
2026-09-30 01:16,Napoli,Maifermi-002,i-Vano Luggage Storage Napoli,2026-09-30,1,Wed,large,12,read
2026-09-30 01:16,Venezia,Maifermi-003,i-Vano Luggage Storage San Polo,2026-09-30,1,Wed,small,1,read
2026-09-30 01:16,Venezia,Maifermi-003,i-Vano Luggage Storage San Polo,2026-09-30,1,Wed,medium,10,read
2026-09-30 01:16,Venezia,Maifermi-003,i-Vano Luggage Storage San Polo,2026-09-30,1,Wed,large,7,read
2026-09-30 01:16,Palermo,Maifermi-004,i-Vano Luggage Storage Palermo,2026-09-30,1,Wed,small,5,read
2026-09-30 01:16,Palermo,Maifermi-004,i-Vano Luggage Storage Palermo,2026-09-30,1,Wed,medium,12,read
2026-09-30 01:16,Palermo,Maifermi-004,i-Vano Luggage Storage Palermo,2026-09-30,1,Wed,large,8,read
2026-09-30 01:16,Ortigia,Maifermi-005,i-Vano Luggage Storage Ortigia,2026-09-30,1,Wed,small,5,read
2026-09-30 01:16,Ortigia,Maifermi-005,i-Vano Luggage Storage Ortigia,2026-09-30,1,Wed,medium,6,read
2026-09-30 01:16,Ortigia,Maifermi-005,i-Vano Luggage Storage Ortigia,2026-09-30,1,Wed,large,4,read
2026-09-30 01:16,Roma,Maifermi-006,i-Vano Luggage Storage Roma,2026-09-30,1,Wed,small,5,read
2026-09-30 01:16,Roma,Maifermi-006,i-Vano Luggage Storage Roma,2026-09-30,1,Wed,medium,6,read
2026-09-30 01:16,Roma,Maifermi-006,i-Vano Luggage Storage Roma,2026-09-30,1,Wed,large,8,read
2026-09-30 01:16,Torino,Maifermi-007,i-Vano Luggage Storage Torino,2026-09-30,1,Wed,,,no-online-booking
2026-09-30 02:18,Venezia,Maifermi-001,i-Vano Luggage Storage Venezia,2026-09-30,2,Wed,small,5,read
2026-09-30 02:18,Venezia,Maifermi-001,i-Vano Luggage Storage Venezia,2026-09-30,2,Wed,medium,12,read
2026-09-30 02:18,Venezia,Maifermi-001,i-Vano Luggage Storage Venezia,2026-09-30,2,Wed,large,12,read
2026-09-30 02:18,Napoli,Maifermi-002,i-Vano Luggage Storage Napoli,2026-09-30,2,Wed,small,3,read
2026-09-30 02:18,Napoli,Maifermi-002,i-Vano Luggage Storage Napoli,2026-09-30,2,Wed,medium,6,read
2026-09-30 02:18,Napoli,Maifermi-002,i-Vano Luggage Storage Napoli,2026-09-30,2,Wed,large,12,read
2026-09-30 02:18,Venezia,Maifermi-003,i-Vano Luggage Storage San Polo,2026-09-30,2,Wed,small,1,read
2026-09-30 02:18,Venezia,Maifermi-003,i-Vano Luggage Storage San Polo,2026-09-30,2,Wed,medium,10,read
2026-09-30 02:18,Venezia,Maifermi-003,i-Vano Luggage Storage San Polo,2026-09-30,2,Wed,large,7,read
2026-09-30 02:18,Palermo,Maifermi-004,i-Vano Luggage Storage Palermo,2026-09-30,2,Wed,small,5,read
2026-09-30 02:18,Palermo,Maifermi-004,i-Vano Luggage Storage Palermo,2026-09-30,2,Wed,medium,12,read
2026-09-30 02:18,Palermo,Maifermi-004,i-Vano Luggage Storage Palermo,2026-09-30,2,Wed,large,8,read
2026-09-30 02:18,Ortigia,Maifermi-005,i-Vano Luggage Storage Ortigia,2026-09-30,2,Wed,small,5,read
2026-09-30 02:18,Ortigia,Maifermi-005,i-Vano Luggage Storage Ortigia,2026-09-30,2,Wed,medium,6,read
2026-09-30 02:18,Ortigia,Maifermi-005,i-Vano Luggage Storage Ortigia,2026-09-30,2,Wed,large,4,read
2026-09-30 02:18,Roma,Maifermi-006,i-Vano Luggage Storage Roma,2026-09-30,2,Wed,small,5,read
2026-09-30 02:18,Roma,Maifermi-006,i-Vano Luggage Storage Roma,2026-09-30,2,Wed,medium,6,read
2026-09-30 02:18,Roma,Maifermi-006,i-Vano Luggage Storage Roma,2026-09-30,2,Wed,large,8,read
2026-09-30 02:18,Torino,Maifermi-007,i-Vano Luggage Storage Torino,2026-09-30,2,Wed,,,no-online-booking
2026-09-30 03:20,Venezia,Maifermi-001,i-Vano Luggage Storage Venezia,2026-09-30,3,Wed,small,5,read
2026-09-30 03:20,Venezia,Maifermi-001,i-Vano Luggage Storage Venezia,2026-09-30,3,Wed,medium,11,read
2026-09-30 03:20,Venezia,Maifermi-001,i-Vano Luggage Storage Venezia,2026-09-30,3,Wed,large,12,read
2026-09-30 03:20,Napoli,Maifermi-002,i-Vano Luggage Storage Napoli,2026-09-30,3,Wed,small,3,read
2026-09-30 03:20,Napoli,Maifermi-002,i-Vano Luggage Storage Napoli,2026-09-30,3,Wed,medium,6,read
2026-09-30 03:20,Napoli,Maifermi-002,i-Vano Luggage Storage Napoli,2026-09-30,3,Wed,large,12,read
2026-09-30 03:20,Venezia,Maifermi-003,i-Vano Luggage Storage San Polo,2026-09-30,3,Wed,small,1,read
2026-09-30 03:20,Venezia,Maifermi-003,i-Vano Luggage Storage San Polo,2026-09-30,3,Wed,medium,10,read
2026-09-30 03:20,Venezia,Maifermi-003,i-Vano Luggage Storage San Polo,2026-09-30,3,Wed,large,7,read
2026-09-30 03:20,Palermo,Maifermi-004,i-Vano Luggage Storage Palermo,2026-09-30,3,Wed,small,5,read
2026-09-30 03:20,Palermo,Maifermi-004,i-Vano Luggage Storage Palermo,2026-09-30,3,Wed,medium,12,read
2026-09-30 03:20,Palermo,Maifermi-004,i-Vano Luggage Storage Palermo,2026-09-30,3,Wed,large,8,read
2026-09-30 03:20,Ortigia,Maifermi-005,i-Vano Luggage Storage Ortigia,2026-09-30,3,Wed,small,5,read
2026-09-30 03:20,Ortigia,Maifermi-005,i-Vano Luggage Storage Ortigia,2026-09-30,3,Wed,medium,6,read
2026-09-30 03:20,Ortigia,Maifermi-005,i-Vano Luggage Storage Ortigia,2026-09-30,3,Wed,large,4,read
2026-09-30 03:20,Roma,Maifermi-006,i-Vano Luggage Storage Roma,2026-09-30,3,Wed,small,5,read
2026-09-30 03:20,Roma,Maifermi-006,i-Vano Luggage Storage Roma,2026-09-30,3,Wed,medium,6,read
2026-09-30 03:20,Roma,Maifermi-006,i-Vano Luggage Storage Roma,2026-09-30,3,Wed,large,8,read
2026-09-30 03:20,Torino,Maifermi-007,i-Vano Luggage Storage Torino,2026-09-30,3,Wed,,,no-online-booking
2026-09-30 04:17,Venezia,Maifermi-001,i-Vano Luggage Storage Venezia,2026-09-30,4,Wed,small,5,read
2026-09-30 04:17,Venezia,Maifermi-001,i-Vano Luggage Storage Venezia,2026-09-30,4,Wed,medium,11,read
2026-09-30 04:17,Venezia,Maifermi-001,i-Vano Luggage Storage Venezia,2026-09-30,4,Wed,large,12,read
2026-09-30 04:17,Napoli,Maifermi-002,i-Vano Luggage Storage Napoli,2026-09-30,4,Wed,small,3,read
2026-09-30 04:17,Napoli,Maifermi-002,i-Vano Luggage Storage Napoli,2026-09-30,4,Wed,medium,6,read
2026-09-30 04:17,Napoli,Maifermi-002,i-Vano Luggage Storage Napoli,2026-09-30,4,Wed,large,12,read
2026-09-30 04:17,Venezia,Maifermi-003,i-Vano Luggage Storage San Polo,2026-09-30,4,Wed,small,1,read
2026-09-30 04:17,Venezia,Maifermi-003,i-Vano Luggage Storage San Polo,2026-09-30,4,Wed,medium,10,read
2026-09-30 04:17,Venezia,Maifermi-003,i-Vano Luggage Storage San Polo,2026-09-30,4,Wed,large,7,read
2026-09-30 04:17,Palermo,Maifermi-004,i-Vano Luggage Storage Palermo,2026-09-30,4,Wed,small,5,read
2026-09-30 04:17,Palermo,Maifermi-004,i-Vano Luggage Storage Palermo,2026-09-30,4,Wed,medium,12,read
2026-09-30 04:17,Palermo,Maifermi-004,i-Vano Luggage Storage Palermo,2026-09-30,4,Wed,large,8,read
2026-09-30 04:17,Ortigia,Maifermi-005,i-Vano Luggage Storage Ortigia,2026-09-30,4,Wed,small,5,read
2026-09-30 04:17,Ortigia,Maifermi-005,i-Vano Luggage Storage Ortigia,2026-09-30,4,Wed,medium,6,read
2026-09-30 04:17,Ortigia,Maifermi-005,i-Vano Luggage Storage Ortigia,2026-09-30,4,Wed,large,4,read
2026-09-30 04:17,Roma,Maifermi-006,i-Vano Luggage Storage Roma,2026-09-30,4,Wed,small,5,read
2026-09-30 04:17,Roma,Maifermi-006,i-Vano Luggage Storage Roma,2026-09-30,4,Wed,medium,6,read
2026-09-30 04:17,Roma,Maifermi-006,i-Vano Luggage Storage Roma,2026-09-30,4,Wed,large,8,read
2026-09-30 04:17,Torino,Maifermi-007,i-Vano Luggage Storage Torino,2026-09-30,4,Wed,,,no-online-booking
2026-09-30 05:19,Venezia,Maifermi-001,i-Vano Luggage Storage Venezia,2026-09-30,5,Wed,small,5,read
2026-09-30 05:19,Venezia,Maifermi-001,i-Vano Luggage Storage Venezia,2026-09-30,5,Wed,medium,11,read
2026-09-30 05:19,Venezia,Maifermi-001,i-Vano Luggage Storage Venezia,2026-09-30,5,Wed,large,12,read
2026-09-30 05:19,Napoli,Maifermi-002,i-Vano Luggage Storage Napoli,2026-09-30,5,Wed,small,3,read
2026-09-30 05:19,Napoli,Maifermi-002,i-Vano Luggage Storage Napoli,2026-09-30,5,Wed,medium,6,read
2026-09-30 05:19,Napoli,Maifermi-002,i-Vano Luggage Storage Napoli,2026-09-30,5,Wed,large,12,read
2026-09-30 05:19,Venezia,Maifermi-003,i-Vano Luggage Storage San Polo,2026-09-30,5,Wed,small,1,read
2026-09-30 05:19,Venezia,Maifermi-003,i-Vano Luggage Storage San Polo,2026-09-30,5,Wed,medium,10,read
2026-09-30 05:19,Venezia,Maifermi-003,i-Vano Luggage Storage San Polo,2026-09-30,5,Wed,large,7,read
2026-09-30 05:19,Palermo,Maifermi-004,i-Vano Luggage Storage Palermo,2026-09-30,5,Wed,small,5,read
2026-09-30 05:19,Palermo,Maifermi-004,i-Vano Luggage Storage Palermo,2026-09-30,5,Wed,medium,12,read
2026-09-30 05:19,Palermo,Maifermi-004,i-Vano Luggage Storage Palermo,2026-09-30,5,Wed,large,8,read
2026-09-30 05:19,Ortigia,Maifermi-005,i-Vano Luggage Storage Ortigia,2026-09-30,5,Wed,small,5,read
2026-09-30 05:19,Ortigia,Maifermi-005,i-Vano Luggage Storage Ortigia,2026-09-30,5,Wed,medium,6,read
2026-09-30 05:19,Ortigia,Maifermi-005,i-Vano Luggage Storage Ortigia,2026-09-30,5,Wed,large,4,read
2026-09-30 05:19,Roma,Maifermi-006,i-Vano Luggage Storage Roma,2026-09-30,5,Wed,small,5,read
2026-09-30 05:19,Roma,Maifermi-006,i-Vano Luggage Storage Roma,2026-09-30,5,Wed,medium,6,read
2026-09-30 05:19,Roma,Maifermi-006,i-Vano Luggage Storage Roma,2026-09-30,5,Wed,large,8,read
2026-09-30 05:19,Torino,Maifermi-007,i-Vano Luggage Storage Torino,2026-09-30,5,Wed,,,no-online-booking
2026-09-30 06:20,Venezia,Maifermi-001,i-Vano Luggage Storage Venezia,2026-09-30,6,Wed,small,5,read
2026-09-30 06:20,Venezia,Maifermi-001,i-Vano Luggage Storage Venezia,2026-09-30,6,Wed,medium,11,read
2026-09-30 06:20,Venezia,Maifermi-001,i-Vano Luggage Storage Venezia,2026-09-30,6,Wed,large,12,read
2026-09-30 06:20,Napoli,Maifermi-002,i-Vano Luggage Storage Napoli,2026-09-30,6,Wed,small,3,read
2026-09-30 06:20,Napoli,Maifermi-002,i-Vano Luggage Storage Napoli,2026-09-30,6,Wed,medium,6,read
2026-09-30 06:20,Napoli,Maifermi-002,i-Vano Luggage Storage Napoli,2026-09-30,6,Wed,large,12,read
2026-09-30 06:20,Venezia,Maifermi-003,i-Vano Luggage Storage San Polo,2026-09-30,6,Wed,small,1,read
2026-09-30 06:20,Venezia,Maifermi-003,i-Vano Luggage Storage San Polo,2026-09-30,6,Wed,medium,10,read
2026-09-30 06:20,Venezia,Maifermi-003,i-Vano Luggage Storage San Polo,2026-09-30,6,Wed,large,7,read
2026-09-30 06:20,Palermo,Maifermi-004,i-Vano Luggage Storage Palermo,2026-09-30,6,Wed,small,5,read
2026-09-30 06:20,Palermo,Maifermi-004,i-Vano Luggage Storage Palermo,2026-09-30,6,Wed,medium,12,read
2026-09-30 06:20,Palermo,Maifermi-004,i-Vano Luggage Storage Palermo,2026-09-30,6,Wed,large,8,read
2026-09-30 06:20,Ortigia,Maifermi-005,i-Vano Luggage Storage Ortigia,2026-09-30,6,Wed,small,5,read
2026-09-30 06:20,Ortigia,Maifermi-005,i-Vano Luggage Storage Ortigia,2026-09-30,6,Wed,medium,6,read
2026-09-30 06:20,Ortigia,Maifermi-005,i-Vano Luggage Storage Ortigia,2026-09-30,6,Wed,large,4,read
2026-09-30 06:20,Roma,Maifermi-006,i-Vano Luggage Storage Roma,2026-09-30,6,Wed,small,5,read
2026-09-30 06:20,Roma,Maifermi-006,i-Vano Luggage Storage Roma,2026-09-30,6,Wed,medium,6,read
2026-09-30 06:20,Roma,Maifermi-006,i-Vano Luggage Storage Roma,2026-09-30,6,Wed,large,8,read
2026-09-30 06:20,Torino,Maifermi-007,i-Vano Luggage Storage Torino,2026-09-30,6,Wed,,,no-online-booking
2026-09-30 07:19,Venezia,Maifermi-001,i-Vano Luggage Storage Venezia,2026-09-30,7,Wed,small,5,read
2026-09-30 07:19,Venezia,Maifermi-001,i-Vano Luggage Storage Venezia,2026-09-30,7,Wed,medium,11,read
2026-09-30 07:19,Venezia,Maifermi-001,i-Vano Luggage Storage Venezia,2026-09-30,7,Wed,large,12,read
2026-09-30 07:19,Napoli,Maifermi-002,i-Vano Luggage Storage Napoli,2026-09-30,7,Wed,small,3,read
2026-09-30 07:19,Napoli,Maifermi-002,i-Vano Luggage Storage Napoli,2026-09-30,7,Wed,medium,6,read
2026-09-30 07:19,Napoli,Maifermi-002,i-Vano Luggage Storage Napoli,2026-09-30,7,Wed,large,12,read
2026-09-30 07:19,Venezia,Maifermi-003,i-Vano Luggage Storage San Polo,2026-09-30,7,Wed,small,1,read
2026-09-30 07:19,Venezia,Maifermi-003,i-Vano Luggage Storage San Polo,2026-09-30,7,Wed,medium,10,read
2026-09-30 07:19,Venezia,Maifermi-003,i-Vano Luggage Storage San Polo,2026-09-30,7,Wed,large,7,read
2026-09-30 07:19,Palermo,Maifermi-004,i-Vano Luggage Storage Palermo,2026-09-30,7,Wed,small,5,read
2026-09-30 07:19,Palermo,Maifermi-004,i-Vano Luggage Storage Palermo,2026-09-30,7,Wed,medium,12,read
2026-09-30 07:19,Palermo,Maifermi-004,i-Vano Luggage Storage Palermo,2026-09-30,7,Wed,large,8,read
2026-09-30 07:19,Ortigia,Maifermi-005,i-Vano Luggage Storage Ortigia,2026-09-30,7,Wed,small,5,read
2026-09-30 07:19,Ortigia,Maifermi-005,i-Vano Luggage Storage Ortigia,2026-09-30,7,Wed,medium,6,read
2026-09-30 07:19,Ortigia,Maifermi-005,i-Vano Luggage Storage Ortigia,2026-09-30,7,Wed,large,4,read
2026-09-30 07:19,Roma,Maifermi-006,i-Vano Luggage Storage Roma,2026-09-30,7,Wed,small,5,read
2026-09-30 07:19,Roma,Maifermi-006,i-Vano Luggage Storage Roma,2026-09-30,7,Wed,medium,6,read
2026-09-30 07:19,Roma,Maifermi-006,i-Vano Luggage Storage Roma,2026-09-30,7,Wed,large,8,read
2026-09-30 07:19,Torino,Maifermi-007,i-Vano Luggage Storage Torino,2026-09-30,7,Wed,,,no-online-booking
