day,shop_id,name,city,locker_type,peak_seen,min_free,max_occupied,readings
2026-09-29,Maifermi-001,i-Vano Luggage Storage Venezia,Venezia,large,12,12,0,3
2026-09-29,Maifermi-001,i-Vano Luggage Storage Venezia,Venezia,medium,12,12,0,3
2026-09-29,Maifermi-001,i-Vano Luggage Storage Venezia,Venezia,small,5,5,0,3
2026-09-29,Maifermi-002,i-Vano Luggage Storage Napoli,Napoli,large,12,12,0,3
2026-09-29,Maifermi-002,i-Vano Luggage Storage Napoli,Napoli,medium,6,6,0,3
2026-09-29,Maifermi-002,i-Vano Luggage Storage Napoli,Napoli,small,3,3,0,3
2026-09-29,Maifermi-003,i-Vano Luggage Storage San Polo,Venezia,large,7,7,0,3
2026-09-29,Maifermi-003,i-Vano Luggage Storage San Polo,Venezia,medium,10,10,0,3
2026-09-29,Maifermi-003,i-Vano Luggage Storage San Polo,Venezia,small,1,1,0,3
2026-09-29,Maifermi-004,i-Vano Luggage Storage Palermo,Palermo,large,8,8,0,3
2026-09-29,Maifermi-004,i-Vano Luggage Storage Palermo,Palermo,medium,12,12,0,3
2026-09-29,Maifermi-004,i-Vano Luggage Storage Palermo,Palermo,small,5,5,0,3
2026-09-29,Maifermi-005,i-Vano Luggage Storage Ortigia,Ortigia,large,4,4,0,3
2026-09-29,Maifermi-005,i-Vano Luggage Storage Ortigia,Ortigia,medium,6,6,0,3
2026-09-29,Maifermi-005,i-Vano Luggage Storage Ortigia,Ortigia,small,5,5,0,3
2026-09-29,Maifermi-006,i-Vano Luggage Storage Roma,Roma,large,8,8,0,3
2026-09-29,Maifermi-006,i-Vano Luggage Storage Roma,Roma,medium,6,6,0,3
2026-09-29,Maifermi-006,i-Vano Luggage Storage Roma,Roma,small,5,5,0,3
2026-09-30,Maifermi-001,i-Vano Luggage Storage Venezia,Venezia,large,12,8,4,13
2026-09-30,Maifermi-001,i-Vano Luggage Storage Venezia,Venezia,medium,12,11,1,13
2026-09-30,Maifermi-001,i-Vano Luggage Storage Venezia,Venezia,small,5,5,0,13
2026-09-30,Maifermi-002,i-Vano Luggage Storage Napoli,Napoli,large,12,11,1,13
2026-09-30,Maifermi-002,i-Vano Luggage Storage Napoli,Napoli,medium,6,6,0,13
2026-09-30,Maifermi-002,i-Vano Luggage Storage Napoli,Napoli,small,3,3,0,13
2026-09-30,Maifermi-003,i-Vano Luggage Storage San Polo,Venezia,large,7,4,3,13
2026-09-30,Maifermi-003,i-Vano Luggage Storage San Polo,Venezia,medium,10,9,1,13
2026-09-30,Maifermi-003,i-Vano Luggage Storage San Polo,Venezia,small,1,1,0,13
2026-09-30,Maifermi-004,i-Vano Luggage Storage Palermo,Palermo,large,8,6,2,13
2026-09-30,Maifermi-004,i-Vano Luggage Storage Palermo,Palermo,medium,12,11,1,13
2026-09-30,Maifermi-004,i-Vano Luggage Storage Palermo,Palermo,small,5,4,1,13
2026-09-30,Maifermi-005,i-Vano Luggage Storage Ortigia,Ortigia,large,4,3,1,13
2026-09-30,Maifermi-005,i-Vano Luggage Storage Ortigia,Ortigia,medium,6,6,0,13
2026-09-30,Maifermi-005,i-Vano Luggage Storage Ortigia,Ortigia,small,5,5,0,13
2026-09-30,Maifermi-006,i-Vano Luggage Storage Roma,Roma,large,8,8,0,13
2026-09-30,Maifermi-006,i-Vano Luggage Storage Roma,Roma,medium,6,6,0,13
2026-09-30,Maifermi-006,i-Vano Luggage Storage Roma,Roma,small,5,5,0,13
