day,shop_id,slug,name,city,locker_type,peak_seen,min_free,max_occupied,readings
2026-09-28,57,termini-repubblica,Inizio,roma,M,10,10,0,2
2026-09-28,57,termini-repubblica,Inizio,roma,XL,11,10,1,2
2026-09-28,57,termini-repubblica,Inizio,roma,XXL,8,8,0,2
2026-09-28,58,campo-fiori-ghetto-ebraico,Inizio,roma,M,17,17,0,2
2026-09-28,58,campo-fiori-ghetto-ebraico,Inizio,roma,XL,19,19,0,2
2026-09-28,58,campo-fiori-ghetto-ebraico,Inizio,roma,XXL,14,14,0,2
2026-09-28,59,fori-colosseo-rione,Inizio,roma,M,10,10,0,2
2026-09-28,59,fori-colosseo-rione,Inizio,roma,XL,15,15,0,2
2026-09-28,59,fori-colosseo-rione,Inizio,roma,XXL,11,11,0,2
2026-09-28,60,piazza-navona-pantheon,Inizio,roma,M,4,4,0,2
2026-09-28,60,piazza-navona-pantheon,Inizio,roma,XL,10,10,0,2
2026-09-28,60,piazza-navona-pantheon,Inizio,roma,XXL,7,5,2,2
2026-09-28,61,termini-maria-maggiore,Inizio,roma,M,7,6,1,2
2026-09-28,61,termini-maria-maggiore,Inizio,roma,XL,13,12,1,2
2026-09-28,61,termini-maria-maggiore,Inizio,roma,XXL,6,4,2,2
2026-09-28,62,stazione-bari-centrale,Inizio,bari,M,5,5,0,2
2026-09-28,62,stazione-bari-centrale,Inizio,bari,XL,4,3,1,2
2026-09-28,62,stazione-bari-centrale,Inizio,bari,XXL,6,6,0,2
2026-09-28,65,stazione-maria-novella,Inizio,firenze,M,15,15,0,2
2026-09-28,65,stazione-maria-novella,Inizio,firenze,XL,14,11,3,2
2026-09-28,65,stazione-maria-novella,Inizio,firenze,XXL,12,12,0,2
2026-09-28,69,vaticano-castel-angelo,Inizio,roma,M,13,13,0,2
2026-09-28,69,vaticano-castel-angelo,Inizio,roma,XL,7,6,1,2
2026-09-28,69,vaticano-castel-angelo,Inizio,roma,XXL,11,8,3,2
2026-09-28,75,stazione-piazza-garibaldi,Inizio,napoli,M,13,13,0,2
2026-09-28,75,stazione-piazza-garibaldi,Inizio,napoli,XL,17,16,1,2
2026-09-28,75,stazione-piazza-garibaldi,Inizio,napoli,XXL,13,13,0,2
2026-09-28,76,stazione-desenzano,Inizio,desenzano-del-garda,M,20,20,0,2
2026-09-28,76,stazione-desenzano,Inizio,desenzano-del-garda,XL,11,11,0,2
2026-09-28,76,stazione-desenzano,Inizio,desenzano-del-garda,XXL,10,10,0,2
2026-09-28,83,stazione-porto-duomo,Inizio,salerno,M,17,17,0,2
2026-09-28,83,stazione-porto-duomo,Inizio,salerno,XL,13,13,0,2
2026-09-28,83,stazione-porto-duomo,Inizio,salerno,XXL,5,5,0,2
2026-09-28,86,stazione-centrale-portici-piazza-maggiore,Inizio,bologna,M,16,16,0,2
2026-09-28,86,stazione-centrale-portici-piazza-maggiore,Inizio,bologna,XL,14,14,0,2
2026-09-28,86,stazione-centrale-portici-piazza-maggiore,Inizio,bologna,XXL,8,7,1,2
2026-09-28,88,arena-casa-di-giulietta,Inizio,verona,M,22,21,1,2
2026-09-28,88,arena-casa-di-giulietta,Inizio,verona,XL,20,20,0,2
2026-09-28,88,arena-casa-di-giulietta,Inizio,verona,XXL,10,10,0,2
