read_at,city,city_slug,shop_id,slug,name,day,hour,weekday,locker_type,free,status
2026-09-27 23:51,bari,bari,62,stazione-bari-centrale,Inizio,2026-09-28,0,Sun,,,backend-500
2026-09-27 23:51,bologna,bologna,86,stazione-centrale-portici-piazza-maggiore,Inizio,2026-09-28,0,Sun,,,backend-500
2026-09-27 23:51,desenzano-del-garda,desenzano-del-garda,76,stazione-desenzano,Inizio,2026-09-28,0,Sun,,,backend-500
2026-09-27 23:51,firenze,firenze,65,stazione-maria-novella,Inizio,2026-09-28,0,Sun,,,backend-500
2026-09-27 23:51,napoli,napoli,75,stazione-piazza-garibaldi,Inizio,2026-09-28,0,Sun,,,backend-500
2026-09-27 23:51,roma,roma,58,campo-fiori-ghetto-ebraico,Inizio,2026-09-28,0,Sun,,,backend-500
2026-09-27 23:51,roma,roma,59,fori-colosseo-rione,Inizio,2026-09-28,0,Sun,,,backend-500
2026-09-27 23:51,roma,roma,60,piazza-navona-pantheon,Inizio,2026-09-28,0,Sun,,,backend-500
2026-09-27 23:51,roma,roma,61,termini-maria-maggiore,Inizio,2026-09-28,0,Sun,,,backend-500
2026-09-27 23:51,roma,roma,57,termini-repubblica,Inizio,2026-09-28,0,Sun,,,backend-500
2026-09-27 23:51,roma,roma,69,vaticano-castel-angelo,Inizio,2026-09-28,0,Sun,,,backend-500
2026-09-27 23:51,salerno,salerno,83,stazione-porto-duomo,Inizio,2026-09-28,0,Sun,,,backend-500
2026-09-27 23:51,verona,verona,88,arena-casa-di-giulietta,Inizio,2026-09-28,0,Sun,,,backend-500
2026-09-28 01:49,bari,bari,62,stazione-bari-centrale,Inizio,2026-09-28,2,Mon,,,backend-500
2026-09-28 01:49,bologna,bologna,86,stazione-centrale-portici-piazza-maggiore,Inizio,2026-09-28,2,Mon,,,backend-500
2026-09-28 01:49,desenzano-del-garda,desenzano-del-garda,76,stazione-desenzano,Inizio,2026-09-28,2,Mon,,,backend-500
2026-09-28 01:49,firenze,firenze,65,stazione-maria-novella,Inizio,2026-09-28,2,Mon,,,backend-500
2026-09-28 01:49,napoli,napoli,75,stazione-piazza-garibaldi,Inizio,2026-09-28,2,Mon,,,backend-500
2026-09-28 01:49,roma,roma,58,campo-fiori-ghetto-ebraico,Inizio,2026-09-28,2,Mon,,,backend-500
2026-09-28 01:49,roma,roma,59,fori-colosseo-rione,Inizio,2026-09-28,2,Mon,,,backend-500
2026-09-28 01:49,roma,roma,60,piazza-navona-pantheon,Inizio,2026-09-28,2,Mon,,,backend-500
2026-09-28 01:49,roma,roma,61,termini-maria-maggiore,Inizio,2026-09-28,2,Mon,,,backend-500
2026-09-28 01:49,roma,roma,57,termini-repubblica,Inizio,2026-09-28,2,Mon,,,backend-500
2026-09-28 01:49,roma,roma,69,vaticano-castel-angelo,Inizio,2026-09-28,2,Mon,,,backend-500
2026-09-28 01:49,salerno,salerno,83,stazione-porto-duomo,Inizio,2026-09-28,2,Mon,,,backend-500
2026-09-28 01:49,verona,verona,88,arena-casa-di-giulietta,Inizio,2026-09-28,2,Mon,,,backend-500
2026-09-28 02:36,bari,bari,62,stazione-bari-centrale,Inizio,2026-09-28,3,Mon,,,backend-500
2026-09-28 02:36,bologna,bologna,86,stazione-centrale-portici-piazza-maggiore,Inizio,2026-09-28,3,Mon,,,backend-500
2026-09-28 02:36,desenzano-del-garda,desenzano-del-garda,76,stazione-desenzano,Inizio,2026-09-28,3,Mon,,,backend-500
2026-09-28 02:36,firenze,firenze,65,stazione-maria-novella,Inizio,2026-09-28,3,Mon,,,backend-500
2026-09-28 02:36,napoli,napoli,75,stazione-piazza-garibaldi,Inizio,2026-09-28,3,Mon,,,backend-500
2026-09-28 02:36,roma,roma,58,campo-fiori-ghetto-ebraico,Inizio,2026-09-28,3,Mon,,,backend-500
2026-09-28 02:36,roma,roma,59,fori-colosseo-rione,Inizio,2026-09-28,3,Mon,,,backend-500
2026-09-28 02:36,roma,roma,60,piazza-navona-pantheon,Inizio,2026-09-28,3,Mon,,,backend-500
2026-09-28 02:36,roma,roma,61,termini-maria-maggiore,Inizio,2026-09-28,3,Mon,,,backend-500
2026-09-28 02:36,roma,roma,57,termini-repubblica,Inizio,2026-09-28,3,Mon,,,backend-500
2026-09-28 02:36,roma,roma,69,vaticano-castel-angelo,Inizio,2026-09-28,3,Mon,,,backend-500
2026-09-28 02:36,salerno,salerno,83,stazione-porto-duomo,Inizio,2026-09-28,3,Mon,,,backend-500
2026-09-28 02:36,verona,verona,88,arena-casa-di-giulietta,Inizio,2026-09-28,3,Mon,,,backend-500
2026-09-28 08:41,bari,bari,62,stazione-bari-centrale,Inizio,2026-09-28,9,Mon,,,backend-500
2026-09-28 08:41,bologna,bologna,86,stazione-centrale-portici-piazza-maggiore,Inizio,2026-09-28,9,Mon,,,backend-500
2026-09-28 08:41,desenzano-del-garda,desenzano-del-garda,76,stazione-desenzano,Inizio,2026-09-28,9,Mon,,,backend-500
2026-09-28 08:41,firenze,firenze,65,stazione-maria-novella,Inizio,2026-09-28,9,Mon,,,backend-500
2026-09-28 08:41,napoli,napoli,75,stazione-piazza-garibaldi,Inizio,2026-09-28,9,Mon,,,backend-500
2026-09-28 08:41,roma,roma,58,campo-fiori-ghetto-ebraico,Inizio,2026-09-28,9,Mon,,,backend-500
2026-09-28 08:41,roma,roma,59,fori-colosseo-rione,Inizio,2026-09-28,9,Mon,,,backend-500
2026-09-28 08:41,roma,roma,60,piazza-navona-pantheon,Inizio,2026-09-28,9,Mon,,,backend-500
2026-09-28 08:41,roma,roma,61,termini-maria-maggiore,Inizio,2026-09-28,9,Mon,,,backend-500
2026-09-28 08:41,roma,roma,57,termini-repubblica,Inizio,2026-09-28,9,Mon,,,backend-500
2026-09-28 08:41,roma,roma,69,vaticano-castel-angelo,Inizio,2026-09-28,9,Mon,,,backend-500
2026-09-28 08:41,salerno,salerno,83,stazione-porto-duomo,Inizio,2026-09-28,9,Mon,,,backend-500
2026-09-28 08:41,verona,verona,88,arena-casa-di-giulietta,Inizio,2026-09-28,9,Mon,,,backend-500
2026-09-28 10:22,bari,bari,62,stazione-bari-centrale,Inizio,2026-09-28,11,Mon,,,backend-500
2026-09-28 10:22,bologna,bologna,86,stazione-centrale-portici-piazza-maggiore,Inizio,2026-09-28,11,Mon,,,backend-500
2026-09-28 10:22,desenzano-del-garda,desenzano-del-garda,76,stazione-desenzano,Inizio,2026-09-28,11,Mon,,,backend-500
2026-09-28 10:22,firenze,firenze,65,stazione-maria-novella,Inizio,2026-09-28,11,Mon,,,backend-500
2026-09-28 10:22,napoli,napoli,75,stazione-piazza-garibaldi,Inizio,2026-09-28,11,Mon,,,backend-500
2026-09-28 10:22,roma,roma,58,campo-fiori-ghetto-ebraico,Inizio,2026-09-28,11,Mon,,,backend-500
2026-09-28 10:22,roma,roma,59,fori-colosseo-rione,Inizio,2026-09-28,11,Mon,,,backend-500
2026-09-28 10:22,roma,roma,60,piazza-navona-pantheon,Inizio,2026-09-28,11,Mon,,,backend-500
2026-09-28 10:22,roma,roma,61,termini-maria-maggiore,Inizio,2026-09-28,11,Mon,,,backend-500
2026-09-28 10:22,roma,roma,57,termini-repubblica,Inizio,2026-09-28,11,Mon,,,backend-500
2026-09-28 10:22,roma,roma,69,vaticano-castel-angelo,Inizio,2026-09-28,11,Mon,,,backend-500
2026-09-28 10:22,salerno,salerno,83,stazione-porto-duomo,Inizio,2026-09-28,11,Mon,,,backend-500
2026-09-28 10:22,verona,verona,88,arena-casa-di-giulietta,Inizio,2026-09-28,11,Mon,,,backend-500
