shop_id,city,city_slug,slug,name,address,lat,lng,url
62,bari,bari,stazione-bari-centrale,Inizio,Stazione Centrale,41.11691620041734,16.868874294679248,https://lockerinthecity.com/it/locker/italia/bari/stazione-bari-centrale/
86,bologna,bologna,stazione-centrale-portici-piazza-maggiore,Inizio,Stazione Centrale,44.5058,11.3430,https://lockerinthecity.com/it/locker/italia/bologna/stazione-centrale-portici-piazza-maggiore/
76,desenzano-del-garda,desenzano-del-garda,stazione-desenzano,Inizio,Stazione Desenzano,45.46308126384504,10.536917586335232,https://lockerinthecity.com/it/locker/italia/desenzano-del-garda/stazione-desenzano/
65,firenze,firenze,stazione-maria-novella,Inizio,"Via Luigi Alamanni, 23",43.77792198869168,11.245459822737605,https://lockerinthecity.com/it/locker/italia/firenze/stazione-maria-novella/
75,napoli,napoli,stazione-piazza-garibaldi,Inizio,Stazione Piazza Garibaldi. Aperto 24,40.856691192621156,14.2709624778186,https://lockerinthecity.com/it/locker/italia/napoli/stazione-piazza-garibaldi/
58,roma,roma,campo-fiori-ghetto-ebraico,Inizio,Stazione Termini,41.89427578032464,12.476614503883031,https://lockerinthecity.com/it/locker/italia/roma/campo-fiori-ghetto-ebraico/
59,roma,roma,fori-colosseo-rione,Inizio,Stazione Termini,41.89707501872059,12.490433652374092,https://lockerinthecity.com/it/locker/italia/roma/fori-colosseo-rione/
60,roma,roma,piazza-navona-pantheon,Inizio,Stazione Termini,41.89891974113579,12.472273423915036,https://lockerinthecity.com/it/locker/italia/roma/piazza-navona-pantheon/
61,roma,roma,termini-maria-maggiore,Inizio,Stazione Termini,41.89902104018304,12.498999891513249,https://lockerinthecity.com/it/locker/italia/roma/termini-maria-maggiore/
57,roma,roma,termini-repubblica,Inizio,Stazione Termini,41.90388249264698,12.501201523295915,https://lockerinthecity.com/it/locker/italia/roma/termini-repubblica/
69,roma,roma,vaticano-castel-angelo,Inizio,Stazione Termini,41.90867899029949,12.458449555470427,https://lockerinthecity.com/it/locker/italia/roma/vaticano-castel-angelo/
83,salerno,salerno,stazione-porto-duomo,Inizio,Corso Garibaldi 106 Salerno,40.6750667,14.7700996,https://lockerinthecity.com/it/locker/italia/salerno/stazione-porto-duomo/
88,verona,verona,arena-casa-di-giulietta,Inizio,"Via Don Enrico Tazzoli, 6, 37121 Verona VR",45.4390,10.9944,https://lockerinthecity.com/it/locker/italia/verona/arena-casa-di-giulietta/
