seen_on,brand,city,name,address,lat,lng,reviews,rating,url
2026-09-27,lockerinthecity,verona,Arena Casa Di Giulietta,,,,,,https://lockerinthecity.com/it/locker/italia/verona/arena-casa-di-giulietta/
2026-09-27,lockerinthecity,roma,Campo Fiori Ghetto Ebraico,,,,,,https://lockerinthecity.com/it/locker/italia/roma/campo-fiori-ghetto-ebraico/
2026-09-27,lockerinthecity,roma,Fori Colosseo Rione,,,,,,https://lockerinthecity.com/it/locker/italia/roma/fori-colosseo-rione/
2026-09-27,lockerinthecity,roma,Piazza Navona Pantheon,,,,,,https://lockerinthecity.com/it/locker/italia/roma/piazza-navona-pantheon/
2026-09-27,lockerinthecity,bari,Stazione Bari Centrale,,,,,,https://lockerinthecity.com/it/locker/italia/bari/stazione-bari-centrale/
2026-09-27,lockerinthecity,bologna,Stazione Centrale Portici Piazza Maggiore,,,,,,https://lockerinthecity.com/it/locker/italia/bologna/stazione-centrale-portici-piazza-maggiore/
2026-09-27,lockerinthecity,desenzano-del-garda,Stazione Desenzano,,,,,,https://lockerinthecity.com/it/locker/italia/desenzano-del-garda/stazione-desenzano/
2026-09-27,lockerinthecity,firenze,Stazione Maria Novella,,,,,,https://lockerinthecity.com/it/locker/italia/firenze/stazione-maria-novella/
2026-09-27,lockerinthecity,napoli,Stazione Piazza Garibaldi,,,,,,https://lockerinthecity.com/it/locker/italia/napoli/stazione-piazza-garibaldi/
2026-09-27,lockerinthecity,salerno,Stazione Porto Duomo,,,,,,https://lockerinthecity.com/it/locker/italia/salerno/stazione-porto-duomo/
2026-09-27,lockerinthecity,roma,Termini Maria Maggiore,,,,,,https://lockerinthecity.com/it/locker/italia/roma/termini-maria-maggiore/
2026-09-27,lockerinthecity,roma,Termini Repubblica,,,,,,https://lockerinthecity.com/it/locker/italia/roma/termini-repubblica/
2026-09-27,lockerinthecity,roma,Vaticano Castel Angelo,,,,,,https://lockerinthecity.com/it/locker/italia/roma/vaticano-castel-angelo/
2026-09-27,ivano,napoli,iVano Napoli,,,,,,https://i-vano.it/napoli
2026-09-27,ivano,padova,iVano Padova,,,,,,https://i-vano.it/padova
2026-09-27,ivano,roma,iVano Roma,,,,,,https://i-vano.it/roma
2026-09-27,ivano,palermo,iVano Palermo,,,,,,https://i-vano.it/palermo
2026-09-27,ivano,ortigia,iVano Ortigia,,,,,,https://i-vano.it/ortigia
2026-09-27,ivano,cannaregio,iVano Cannaregio,,,,,,https://i-vano.it/cannaregio
2026-09-27,ivano,san-polo,iVano San Polo,,,,,,https://i-vano.it/san-polo
