updated_at,club,cover,day_type,time_band,days_observed,half_hours_observed,half_hours_booked,booked_share
2026-10-06 14:08,Altino Sport Village,indoor,weekday,afternoon,10,106,52,0.491
2026-10-06 14:08,Altino Sport Village,indoor,weekday,evening,11,146,110,0.753
2026-10-06 14:08,Altino Sport Village,indoor,weekday,lunch,10,74,4,0.054
2026-10-06 14:08,Altino Sport Village,indoor,weekday,morning,8,52,1,0.019
2026-10-06 14:08,Altino Sport Village,indoor,weekend,afternoon,2,18,4,0.222
2026-10-06 14:08,Altino Sport Village,indoor,weekend,evening,3,30,30,1.0
2026-10-06 14:08,Altino Sport Village,indoor,weekend,lunch,1,4,4,1.0
2026-10-06 14:08,Altino Sport Village,indoor,weekend,morning,1,4,0,0.0
2026-10-06 14:08,Aquafit Padel,outdoor,weekday,afternoon,9,100,10,0.1
2026-10-06 14:08,Aquafit Padel,outdoor,weekday,evening,11,152,95,0.625
2026-10-06 14:08,Aquafit Padel,outdoor,weekday,lunch,10,74,2,0.027
2026-10-06 14:08,Aquafit Padel,outdoor,weekday,morning,8,52,0,0.0
2026-10-06 14:08,Aquafit Padel,outdoor,weekend,afternoon,2,20,20,1.0
2026-10-06 14:08,Aquafit Padel,outdoor,weekend,lunch,2,10,10,1.0
2026-10-06 14:08,Aquafit Padel,outdoor,weekend,morning,1,4,4,1.0
2026-10-06 14:08,Barchessa Padel e Pikleball,indoor,weekday,afternoon,10,159,80,0.503
2026-10-06 14:08,Barchessa Padel e Pikleball,indoor,weekday,evening,11,177,155,0.876
2026-10-06 14:08,Barchessa Padel e Pikleball,indoor,weekday,lunch,10,111,2,0.018
2026-10-06 14:08,Barchessa Padel e Pikleball,indoor,weekday,morning,8,96,0,0.0
2026-10-06 14:08,Barchessa Padel e Pikleball,indoor,weekend,afternoon,2,27,21,0.778
2026-10-06 14:08,Barchessa Padel e Pikleball,indoor,weekend,evening,3,18,18,1.0
2026-10-06 14:08,Barchessa Padel e Pikleball,indoor,weekend,lunch,1,6,1,0.167
2026-10-06 14:08,Barchessa Padel e Pikleball,indoor,weekend,morning,1,6,0,0.0
2026-10-06 14:08,H-FARM CAMPUS,outdoor,weekday,afternoon,6,12,0,0.0
2026-10-06 14:08,H-FARM CAMPUS,outdoor,weekday,evening,10,100,57,0.57
2026-10-06 14:08,H-FARM CAMPUS,outdoor,weekend,afternoon,2,18,0,0.0
2026-10-06 14:08,H-FARM CAMPUS,outdoor,weekend,evening,3,38,22,0.579
2026-10-06 14:08,H-FARM CAMPUS,outdoor,weekend,lunch,1,4,0,0.0
2026-10-06 14:08,H-FARM CAMPUS,outdoor,weekend,morning,1,4,0,0.0
2026-10-06 14:08,Marina Sporting,outdoor,weekday,afternoon,10,106,23,0.217
2026-10-06 14:08,Marina Sporting,outdoor,weekday,evening,10,100,80,0.8
2026-10-06 14:08,Marina Sporting,outdoor,weekday,lunch,10,74,48,0.649
2026-10-06 14:08,Marina Sporting,outdoor,weekday,morning,8,62,56,0.903
2026-10-06 14:08,Marina Sporting,outdoor,weekend,afternoon,2,18,0,0.0
2026-10-06 14:08,Marina Sporting,outdoor,weekend,evening,3,40,34,0.85
2026-10-06 14:08,Marina Sporting,outdoor,weekend,lunch,1,4,4,1.0
2026-10-06 14:08,Marina Sporting,outdoor,weekend,morning,1,4,4,1.0
2026-10-06 14:08,Padel Treviso,indoor,weekday,afternoon,9,343,161,0.469
2026-10-06 14:08,Padel Treviso,indoor,weekday,evening,11,532,443,0.833
2026-10-06 14:08,Padel Treviso,indoor,weekday,lunch,10,259,23,0.089
2026-10-06 14:08,Padel Treviso,indoor,weekday,morning,8,182,7,0.038
2026-10-06 14:08,Padel Treviso,indoor,weekend,afternoon,2,70,22,0.314
2026-10-06 14:08,Padel Treviso,indoor,weekend,evening,3,63,63,1.0
2026-10-06 14:08,Padel Treviso,indoor,weekend,lunch,2,35,1,0.029
2026-10-06 14:08,Padel Treviso,indoor,weekend,morning,1,14,1,0.071
2026-10-06 14:08,Padel Treviso,outdoor,weekday,afternoon,9,245,92,0.376
2026-10-06 14:08,Padel Treviso,outdoor,weekday,evening,11,380,287,0.755
2026-10-06 14:08,Padel Treviso,outdoor,weekday,lunch,10,185,4,0.022
2026-10-06 14:08,Padel Treviso,outdoor,weekday,morning,8,130,2,0.015
2026-10-06 14:08,Padel Treviso,outdoor,weekend,afternoon,2,50,18,0.36
2026-10-06 14:08,Padel Treviso,outdoor,weekend,evening,3,45,45,1.0
2026-10-06 14:08,Padel Treviso,outdoor,weekend,lunch,2,25,3,0.12
2026-10-06 14:08,Padel Treviso,outdoor,weekend,morning,1,10,0,0.0
2026-10-06 14:08,Padel by FitUP di Zero Branco,indoor,weekday,afternoon,9,52,1,0.019
2026-10-06 14:08,Padel by FitUP di Zero Branco,indoor,weekday,evening,9,28,21,0.75
2026-10-06 14:08,Padel by FitUP di Zero Branco,indoor,weekday,lunch,11,41,0,0.0
2026-10-06 14:08,Padel by FitUP di Zero Branco,indoor,weekday,morning,9,24,0,0.0
2026-10-06 14:08,Padel by FitUP di Zero Branco,indoor,weekend,lunch,1,2,2,1.0
2026-10-06 14:08,Padel by FitUP di Zero Branco,indoor,weekend,morning,1,2,2,1.0
2026-10-06 14:08,SPH - Treviso Sporting,indoor,weekday,afternoon,10,212,113,0.533
2026-10-06 14:08,SPH - Treviso Sporting,indoor,weekday,evening,11,264,244,0.924
2026-10-06 14:08,SPH - Treviso Sporting,indoor,weekday,lunch,10,148,6,0.041
2026-10-06 14:08,SPH - Treviso Sporting,indoor,weekday,morning,8,128,27,0.211
2026-10-06 14:08,SPH - Treviso Sporting,indoor,weekend,afternoon,2,36,13,0.361
2026-10-06 14:08,SPH - Treviso Sporting,indoor,weekend,evening,3,24,24,1.0
2026-10-06 14:08,SPH - Treviso Sporting,indoor,weekend,lunch,1,8,0,0.0
2026-10-06 14:08,SPH - Treviso Sporting,indoor,weekend,morning,1,8,0,0.0
2026-10-06 14:08,SPH - Treviso Sporting,outdoor,weekday,afternoon,10,159,19,0.119
2026-10-06 14:08,SPH - Treviso Sporting,outdoor,weekday,evening,11,198,128,0.646
2026-10-06 14:08,SPH - Treviso Sporting,outdoor,weekday,lunch,10,111,0,0.0
2026-10-06 14:08,SPH - Treviso Sporting,outdoor,weekday,morning,8,96,0,0.0
2026-10-06 14:08,SPH - Treviso Sporting,outdoor,weekend,afternoon,2,27,6,0.222
2026-10-06 14:08,SPH - Treviso Sporting,outdoor,weekend,evening,3,18,18,1.0
2026-10-06 14:08,SPH - Treviso Sporting,outdoor,weekend,lunch,1,6,0,0.0
2026-10-06 14:08,SPH - Treviso Sporting,outdoor,weekend,morning,1,6,0,0.0
2026-10-06 14:08,SPH - Venezia,indoor,weekday,afternoon,9,245,133,0.543
2026-10-06 14:08,SPH - Venezia,indoor,weekday,evening,11,345,304,0.881
2026-10-06 14:08,SPH - Venezia,indoor,weekday,lunch,10,185,34,0.184
2026-10-06 14:08,SPH - Venezia,indoor,weekday,morning,8,150,28,0.187
2026-10-06 14:08,SPH - Venezia,indoor,weekend,afternoon,2,50,6,0.12
2026-10-06 14:08,SPH - Venezia,indoor,weekend,evening,3,60,60,1.0
2026-10-06 14:08,SPH - Venezia,indoor,weekend,lunch,2,25,3,0.12
2026-10-06 14:08,SPH - Venezia,indoor,weekend,morning,1,10,2,0.2
2026-10-06 14:08,Sporting Club Mestre,indoor,weekday,afternoon,9,108,50,0.463
2026-10-06 14:08,Sporting Club Mestre,indoor,weekday,evening,11,108,95,0.88
2026-10-06 14:08,Sporting Club Mestre,indoor,weekday,lunch,11,78,8,0.103
2026-10-06 14:08,Sporting Club Mestre,indoor,weekday,morning,10,58,7,0.121
2026-10-06 14:08,Sporting Club Mestre,indoor,weekend,afternoon,2,20,19,0.95
2026-10-06 14:08,Sporting Club Mestre,indoor,weekend,evening,2,6,6,1.0
2026-10-06 14:08,Sporting Club Mestre,indoor,weekend,lunch,2,10,2,0.2
2026-10-06 14:08,Sporting Club Mestre,indoor,weekend,morning,1,4,0,0.0
2026-10-06 14:08,Sporting Club Mestre,outdoor,weekday,afternoon,9,108,66,0.611
2026-10-06 14:08,Sporting Club Mestre,outdoor,weekday,evening,11,108,83,0.769
2026-10-06 14:08,Sporting Club Mestre,outdoor,weekday,lunch,11,78,35,0.449
2026-10-06 14:08,Sporting Club Mestre,outdoor,weekday,morning,10,58,28,0.483
2026-10-06 14:08,Sporting Club Mestre,outdoor,weekend,afternoon,2,20,17,0.85
2026-10-06 14:08,Sporting Club Mestre,outdoor,weekend,evening,2,6,6,1.0
2026-10-06 14:08,Sporting Club Mestre,outdoor,weekend,lunch,2,10,5,0.5
2026-10-06 14:08,Sporting Club Mestre,outdoor,weekend,morning,1,4,4,1.0
