updated_at,month,club,cover,day_type,time_band,days_observed,courts,half_hours_observed,half_hours_booked,booked_share,booked_hours_per_court_per_day
2026-09-29 11:00,2026-09,Altino Sport Village,indoor,weekday,afternoon,7,2,70,30,0.429,1.07
2026-09-29 11:00,2026-09,Altino Sport Village,indoor,weekday,evening,8,2,94,69,0.734,2.16
2026-09-29 11:00,2026-09,Altino Sport Village,indoor,weekday,lunch,7,2,50,2,0.04,0.07
2026-09-29 11:00,2026-09,Altino Sport Village,indoor,weekday,morning,5,2,36,1,0.028,0.05
2026-09-29 11:00,2026-09,Altino Sport Village,indoor,weekend,afternoon,1,2,14,2,0.143,0.5
2026-09-29 11:00,2026-09,Altino Sport Village,indoor,weekend,evening,2,2,18,18,1.0,2.25
2026-09-29 11:00,2026-09,Altino Sport Village,indoor,weekend,lunch,1,2,4,4,1.0,1.0
2026-09-29 11:00,2026-09,Altino Sport Village,indoor,weekend,morning,1,2,4,0,0.0,0.0
2026-09-29 11:00,2026-09,Aquafit Padel,outdoor,weekday,afternoon,7,2,86,9,0.105,0.32
2026-09-29 11:00,2026-09,Aquafit Padel,outdoor,weekday,evening,8,2,102,68,0.667,2.12
2026-09-29 11:00,2026-09,Aquafit Padel,outdoor,weekday,lunch,7,2,50,2,0.04,0.07
2026-09-29 11:00,2026-09,Aquafit Padel,outdoor,weekday,morning,5,2,36,0,0.0,0.0
2026-09-29 11:00,2026-09,Aquafit Padel,outdoor,weekend,afternoon,1,2,16,16,1.0,4.0
2026-09-29 11:00,2026-09,Aquafit Padel,outdoor,weekend,lunch,2,2,10,10,1.0,1.25
2026-09-29 11:00,2026-09,Aquafit Padel,outdoor,weekend,morning,1,2,4,4,1.0,1.0
2026-09-29 11:00,2026-09,Barchessa Padel e Pikleball,indoor,weekday,afternoon,7,3,105,47,0.448,1.12
2026-09-29 11:00,2026-09,Barchessa Padel e Pikleball,indoor,weekday,evening,8,3,117,108,0.923,2.25
2026-09-29 11:00,2026-09,Barchessa Padel e Pikleball,indoor,weekday,lunch,7,3,75,2,0.027,0.05
2026-09-29 11:00,2026-09,Barchessa Padel e Pikleball,indoor,weekday,morning,5,3,66,0,0.0,0.0
2026-09-29 11:00,2026-09,Barchessa Padel e Pikleball,indoor,weekend,afternoon,1,3,21,15,0.714,2.5
2026-09-29 11:00,2026-09,Barchessa Padel e Pikleball,indoor,weekend,evening,2,3,9,9,1.0,0.75
2026-09-29 11:00,2026-09,Barchessa Padel e Pikleball,indoor,weekend,lunch,1,3,6,1,0.167,0.17
2026-09-29 11:00,2026-09,Barchessa Padel e Pikleball,indoor,weekend,morning,1,3,6,0,0.0,0.0
2026-09-29 11:00,2026-09,H-FARM CAMPUS,outdoor,weekday,afternoon,4,2,8,0,0.0,0.0
2026-09-29 11:00,2026-09,H-FARM CAMPUS,outdoor,weekday,evening,7,2,66,38,0.576,1.36
2026-09-29 11:00,2026-09,H-FARM CAMPUS,outdoor,weekend,afternoon,1,2,14,0,0.0,0.0
2026-09-29 11:00,2026-09,H-FARM CAMPUS,outdoor,weekend,evening,2,2,22,12,0.545,1.5
2026-09-29 11:00,2026-09,H-FARM CAMPUS,outdoor,weekend,lunch,1,2,4,0,0.0,0.0
2026-09-29 11:00,2026-09,H-FARM CAMPUS,outdoor,weekend,morning,1,2,4,0,0.0,0.0
2026-09-29 11:00,2026-09,Marina Sporting,outdoor,weekday,afternoon,7,2,70,15,0.214,0.54
2026-09-29 11:00,2026-09,Marina Sporting,outdoor,weekday,evening,7,2,66,55,0.833,1.96
2026-09-29 11:00,2026-09,Marina Sporting,outdoor,weekday,lunch,7,2,50,31,0.62,1.11
2026-09-29 11:00,2026-09,Marina Sporting,outdoor,weekday,morning,5,2,42,36,0.857,1.8
2026-09-29 11:00,2026-09,Marina Sporting,outdoor,weekend,afternoon,1,2,14,0,0.0,0.0
2026-09-29 11:00,2026-09,Marina Sporting,outdoor,weekend,evening,2,2,24,22,0.917,2.75
2026-09-29 11:00,2026-09,Marina Sporting,outdoor,weekend,lunch,1,2,4,4,1.0,1.0
2026-09-29 11:00,2026-09,Marina Sporting,outdoor,weekend,morning,1,2,4,4,1.0,1.0
2026-09-29 11:00,2026-09,Padel Treviso,indoor,weekday,afternoon,7,7,245,105,0.429,1.07
2026-09-29 11:00,2026-09,Padel Treviso,indoor,weekday,evening,8,7,357,296,0.829,2.64
2026-09-29 11:00,2026-09,Padel Treviso,indoor,weekday,lunch,7,7,175,21,0.12,0.21
2026-09-29 11:00,2026-09,Padel Treviso,indoor,weekday,morning,5,7,126,7,0.056,0.1
2026-09-29 11:00,2026-09,Padel Treviso,indoor,weekend,afternoon,1,7,56,13,0.232,0.93
2026-09-29 11:00,2026-09,Padel Treviso,indoor,weekend,evening,2,7,35,35,1.0,1.25
2026-09-29 11:00,2026-09,Padel Treviso,indoor,weekend,lunch,2,7,35,1,0.029,0.04
2026-09-29 11:00,2026-09,Padel Treviso,indoor,weekend,morning,1,7,14,1,0.071,0.07
2026-09-29 11:00,2026-09,Padel Treviso,outdoor,weekday,afternoon,7,5,175,55,0.314,0.79
2026-09-29 11:00,2026-09,Padel Treviso,outdoor,weekday,evening,8,5,255,194,0.761,2.42
2026-09-29 11:00,2026-09,Padel Treviso,outdoor,weekday,lunch,7,5,125,3,0.024,0.04
2026-09-29 11:00,2026-09,Padel Treviso,outdoor,weekday,morning,5,5,90,0,0.0,0.0
2026-09-29 11:00,2026-09,Padel Treviso,outdoor,weekend,afternoon,1,5,40,16,0.4,1.6
2026-09-29 11:00,2026-09,Padel Treviso,outdoor,weekend,evening,2,5,25,25,1.0,1.25
2026-09-29 11:00,2026-09,Padel Treviso,outdoor,weekend,lunch,2,5,25,3,0.12,0.15
2026-09-29 11:00,2026-09,Padel Treviso,outdoor,weekend,morning,1,5,10,0,0.0,0.0
2026-09-29 11:00,2026-09,Padel by FitUP di Zero Branco,indoor,weekday,afternoon,7,1,46,0,0.0,0.0
2026-09-29 11:00,2026-09,Padel by FitUP di Zero Branco,indoor,weekday,evening,6,1,18,13,0.722,1.08
2026-09-29 11:00,2026-09,Padel by FitUP di Zero Branco,indoor,weekday,lunch,8,1,29,0,0.0,0.0
2026-09-29 11:00,2026-09,Padel by FitUP di Zero Branco,indoor,weekday,morning,6,1,16,0,0.0,0.0
2026-09-29 11:00,2026-09,Padel by FitUP di Zero Branco,indoor,weekend,lunch,1,1,2,2,1.0,1.0
2026-09-29 11:00,2026-09,Padel by FitUP di Zero Branco,indoor,weekend,morning,1,1,2,2,1.0,1.0
2026-09-29 11:00,2026-09,SPH - Treviso Sporting,indoor,weekday,afternoon,7,4,140,70,0.5,1.25
2026-09-29 11:00,2026-09,SPH - Treviso Sporting,indoor,weekday,evening,8,4,172,164,0.953,2.56
2026-09-29 11:00,2026-09,SPH - Treviso Sporting,indoor,weekday,lunch,7,4,100,4,0.04,0.07
2026-09-29 11:00,2026-09,SPH - Treviso Sporting,indoor,weekday,morning,5,4,88,10,0.114,0.25
2026-09-29 11:00,2026-09,SPH - Treviso Sporting,indoor,weekend,afternoon,1,4,28,9,0.321,1.12
2026-09-29 11:00,2026-09,SPH - Treviso Sporting,indoor,weekend,evening,2,4,12,12,1.0,0.75
2026-09-29 11:00,2026-09,SPH - Treviso Sporting,indoor,weekend,lunch,1,4,8,0,0.0,0.0
2026-09-29 11:00,2026-09,SPH - Treviso Sporting,indoor,weekend,morning,1,4,8,0,0.0,0.0
2026-09-29 11:00,2026-09,SPH - Treviso Sporting,outdoor,weekday,afternoon,7,3,105,13,0.124,0.31
2026-09-29 11:00,2026-09,SPH - Treviso Sporting,outdoor,weekday,evening,8,3,129,91,0.705,1.9
2026-09-29 11:00,2026-09,SPH - Treviso Sporting,outdoor,weekday,lunch,7,3,75,0,0.0,0.0
2026-09-29 11:00,2026-09,SPH - Treviso Sporting,outdoor,weekday,morning,5,3,66,0,0.0,0.0
2026-09-29 11:00,2026-09,SPH - Treviso Sporting,outdoor,weekend,afternoon,1,3,21,3,0.143,0.5
2026-09-29 11:00,2026-09,SPH - Treviso Sporting,outdoor,weekend,evening,2,3,9,9,1.0,0.75
2026-09-29 11:00,2026-09,SPH - Treviso Sporting,outdoor,weekend,lunch,1,3,6,0,0.0,0.0
2026-09-29 11:00,2026-09,SPH - Treviso Sporting,outdoor,weekend,morning,1,3,6,0,0.0,0.0
2026-09-29 11:00,2026-09,SPH - Venezia,indoor,weekday,afternoon,7,5,195,106,0.544,1.51
2026-09-29 11:00,2026-09,SPH - Venezia,indoor,weekday,evening,8,5,235,197,0.838,2.46
2026-09-29 11:00,2026-09,SPH - Venezia,indoor,weekday,lunch,7,5,125,25,0.2,0.36
2026-09-29 11:00,2026-09,SPH - Venezia,indoor,weekday,morning,5,5,110,20,0.182,0.4
2026-09-29 11:00,2026-09,SPH - Venezia,indoor,weekend,afternoon,1,5,40,4,0.1,0.4
2026-09-29 11:00,2026-09,SPH - Venezia,indoor,weekend,evening,2,5,35,35,1.0,1.75
2026-09-29 11:00,2026-09,SPH - Venezia,indoor,weekend,lunch,2,5,25,3,0.12,0.15
2026-09-29 11:00,2026-09,SPH - Venezia,indoor,weekend,morning,1,5,10,2,0.2,0.2
2026-09-29 11:00,2026-09,Sporting Club Mestre,indoor,weekday,afternoon,7,2,98,42,0.429,1.5
2026-09-29 11:00,2026-09,Sporting Club Mestre,indoor,weekday,evening,8,2,78,65,0.833,2.03
2026-09-29 11:00,2026-09,Sporting Club Mestre,indoor,weekday,lunch,8,2,60,6,0.1,0.19
2026-09-29 11:00,2026-09,Sporting Club Mestre,indoor,weekday,morning,7,2,42,6,0.143,0.21
2026-09-29 11:00,2026-09,Sporting Club Mestre,indoor,weekend,afternoon,1,2,16,15,0.938,3.75
2026-09-29 11:00,2026-09,Sporting Club Mestre,indoor,weekend,evening,1,2,2,2,1.0,0.5
2026-09-29 11:00,2026-09,Sporting Club Mestre,indoor,weekend,lunch,2,2,10,2,0.2,0.25
2026-09-29 11:00,2026-09,Sporting Club Mestre,indoor,weekend,morning,1,2,4,0,0.0,0.0
2026-09-29 11:00,2026-09,Sporting Club Mestre,outdoor,weekday,afternoon,7,2,98,59,0.602,2.11
2026-09-29 11:00,2026-09,Sporting Club Mestre,outdoor,weekday,evening,8,2,78,59,0.756,1.84
2026-09-29 11:00,2026-09,Sporting Club Mestre,outdoor,weekday,lunch,8,2,60,26,0.433,0.81
2026-09-29 11:00,2026-09,Sporting Club Mestre,outdoor,weekday,morning,7,2,42,20,0.476,0.71
2026-09-29 11:00,2026-09,Sporting Club Mestre,outdoor,weekend,afternoon,1,2,16,13,0.812,3.25
2026-09-29 11:00,2026-09,Sporting Club Mestre,outdoor,weekend,evening,1,2,2,2,1.0,0.5
2026-09-29 11:00,2026-09,Sporting Club Mestre,outdoor,weekend,lunch,2,2,10,5,0.5,0.62
2026-09-29 11:00,2026-09,Sporting Club Mestre,outdoor,weekend,morning,1,2,4,4,1.0,1.0
