read_at,command,slug,stage,outcome
2026-09-23 17:17,read,sporting-club-mestre,club page,HTTP 403
2026-09-23 17:17,read,padel-by-fitup-di-zero-branco,club page,HTTP 403
2026-09-23 17:17,read,aquafit-padel,club page,HTTP 403
2026-09-23 17:17,read,sph-venezia,club page,HTTP 403
2026-09-23 17:17,read,padel-treviso,club page,HTTP 403
2026-09-23 17:17,read,altino-sport-village,club page,HTTP 403
2026-09-23 17:17,read,barchessa-pickleball,club page,HTTP 403
2026-09-23 17:17,read,h-farm-campus,club page,HTTP 403
2026-09-23 17:17,read,sph-treviso-sporting,club page,HTTP 403
2026-09-23 17:17,read,marina-sporting,club page,HTTP 403
2026-09-23 21:57,read,sporting-club-mestre,club page,"HTTP 403 plain, HTTP 403 as browser too"
2026-09-23 21:57,read,padel-by-fitup-di-zero-branco,club page,"HTTP 403 plain, HTTP 403 as browser too"
2026-09-23 21:57,read,aquafit-padel,club page,"HTTP 403 plain, HTTP 403 as browser too"
2026-09-23 21:57,read,sph-venezia,club page,"HTTP 403 plain, HTTP 403 as browser too"
2026-09-23 21:57,read,padel-treviso,club page,"HTTP 403 plain, HTTP 403 as browser too"
2026-09-23 21:57,read,altino-sport-village,club page,"HTTP 403 plain, HTTP 403 as browser too"
2026-09-23 21:57,read,barchessa-pickleball,club page,"HTTP 403 plain, HTTP 403 as browser too"
2026-09-23 21:57,read,h-farm-campus,club page,"HTTP 403 plain, HTTP 403 as browser too"
2026-09-23 21:57,read,sph-treviso-sporting,club page,"HTTP 403 plain, HTTP 403 as browser too"
2026-09-23 21:57,read,marina-sporting,club page,"HTTP 403 plain, HTTP 403 as browser too"
2026-09-24 00:07,lead,sporting-club-mestre,club page,"HTTP 403 plain, HTTP 403 as browser too"
2026-09-24 00:07,lead,padel-by-fitup-di-zero-branco,club page,"HTTP 403 plain, HTTP 403 as browser too"
2026-09-24 00:07,lead,aquafit-padel,club page,"HTTP 403 plain, HTTP 403 as browser too"
2026-09-24 00:07,lead,sph-venezia,club page,"HTTP 403 plain, HTTP 403 as browser too"
2026-09-24 00:07,lead,padel-treviso,club page,"HTTP 403 plain, HTTP 403 as browser too"
2026-09-24 00:07,lead,altino-sport-village,club page,"HTTP 403 plain, HTTP 403 as browser too"
2026-09-24 00:07,lead,barchessa-pickleball,club page,"HTTP 403 plain, HTTP 403 as browser too"
2026-09-24 00:07,lead,h-farm-campus,club page,"HTTP 403 plain, HTTP 403 as browser too"
2026-09-24 00:07,lead,sph-treviso-sporting,club page,"HTTP 403 plain, HTTP 403 as browser too"
2026-09-24 00:07,lead,marina-sporting,club page,"HTTP 403 plain, HTTP 403 as browser too"
2026-09-24 01:25,read,sporting-club-mestre,club page,"HTTP 403 plain, HTTP 403 as browser too"
2026-09-24 01:25,read,padel-by-fitup-di-zero-branco,club page,"HTTP 403 plain, HTTP 403 as browser too"
2026-09-24 01:25,read,aquafit-padel,club page,"HTTP 403 plain, HTTP 403 as browser too"
2026-09-24 01:25,read,sph-venezia,club page,"HTTP 403 plain, HTTP 403 as browser too"
2026-09-24 01:25,read,padel-treviso,club page,"HTTP 403 plain, HTTP 403 as browser too"
2026-09-24 01:25,read,altino-sport-village,club page,"HTTP 403 plain, HTTP 403 as browser too"
2026-09-24 01:25,read,barchessa-pickleball,club page,"HTTP 403 plain, HTTP 403 as browser too"
2026-09-24 01:25,read,h-farm-campus,club page,"HTTP 403 plain, HTTP 403 as browser too"
2026-09-24 01:25,read,sph-treviso-sporting,club page,"HTTP 403 plain, HTTP 403 as browser too"
2026-09-24 01:25,read,marina-sporting,club page,"HTTP 403 plain, HTTP 403 as browser too"
2026-09-24 12:53,read,sporting-club-mestre,availability,16 half hours
2026-09-24 12:53,read,padel-by-fitup-di-zero-branco,availability,4 half hours
2026-09-24 12:53,read,aquafit-padel,availability,8 half hours
2026-09-24 12:53,read,sph-venezia,availability,20 half hours
2026-09-24 12:53,read,padel-treviso,availability,48 half hours
2026-09-24 12:53,read,altino-sport-village,availability,8 half hours
2026-09-24 12:53,read,barchessa-pickleball,availability,12 half hours
2026-09-24 12:53,read,h-farm-campus,availability,closed now or no slots
2026-09-24 12:53,read,sph-treviso-sporting,availability,28 half hours
2026-09-24 12:53,read,marina-sporting,availability,8 half hours
2026-09-24 12:56,read,sporting-club-mestre,availability,16 half hours
2026-09-24 12:56,read,padel-by-fitup-di-zero-branco,availability,4 half hours
2026-09-24 12:56,read,aquafit-padel,availability,8 half hours
2026-09-24 12:56,read,sph-venezia,availability,20 half hours
2026-09-24 12:56,read,padel-treviso,availability,48 half hours
2026-09-24 12:56,read,altino-sport-village,availability,8 half hours
2026-09-24 12:56,read,barchessa-pickleball,availability,12 half hours
2026-09-24 12:56,read,h-farm-campus,availability,closed now or no slots
2026-09-24 12:56,read,sph-treviso-sporting,availability,28 half hours
2026-09-24 12:56,read,marina-sporting,availability,8 half hours
2026-09-24 12:58,read,sporting-club-mestre,availability,16 half hours
2026-09-24 12:58,read,padel-by-fitup-di-zero-branco,availability,4 half hours
2026-09-24 12:58,read,aquafit-padel,availability,8 half hours
2026-09-24 12:58,read,sph-venezia,availability,20 half hours
2026-09-24 12:58,read,padel-treviso,availability,48 half hours
2026-09-24 12:58,read,altino-sport-village,availability,8 half hours
2026-09-24 12:58,read,barchessa-pickleball,availability,12 half hours
2026-09-24 12:58,read,h-farm-campus,availability,closed now or no slots
2026-09-24 12:58,read,sph-treviso-sporting,availability,28 half hours
2026-09-24 12:58,read,marina-sporting,availability,8 half hours
2026-09-24 13:06,read,sporting-club-mestre,availability,16 half hours
2026-09-24 13:06,read,padel-by-fitup-di-zero-branco,availability,4 half hours
2026-09-24 13:06,read,aquafit-padel,availability,8 half hours
2026-09-24 13:06,read,sph-venezia,availability,20 half hours
2026-09-24 13:06,read,padel-treviso,availability,48 half hours
2026-09-24 13:06,read,altino-sport-village,availability,8 half hours
2026-09-24 13:06,read,barchessa-pickleball,availability,12 half hours
2026-09-24 13:06,read,h-farm-campus,availability,closed now or no slots
2026-09-24 13:06,read,sph-treviso-sporting,availability,28 half hours
2026-09-24 13:06,read,marina-sporting,availability,8 half hours
2026-09-24 13:11,read,sporting-club-mestre,availability,16 half hours
2026-09-24 13:11,read,padel-by-fitup-di-zero-branco,availability,4 half hours
2026-09-24 13:11,read,aquafit-padel,availability,8 half hours
2026-09-24 13:11,read,sph-venezia,availability,20 half hours
2026-09-24 13:11,read,padel-treviso,availability,48 half hours
2026-09-24 13:11,read,altino-sport-village,availability,8 half hours
2026-09-24 13:11,read,barchessa-pickleball,availability,12 half hours
2026-09-24 13:11,read,h-farm-campus,availability,closed now or no slots
2026-09-24 13:11,read,sph-treviso-sporting,availability,28 half hours
2026-09-24 13:11,read,marina-sporting,availability,8 half hours
2026-09-24 14:26,read,sporting-club-mestre,club page,URLError: <urlopen error [Errno 11001] getaddrinfo failed>
2026-09-24 14:26,read,padel-by-fitup-di-zero-branco,club page,URLError: <urlopen error [Errno 11001] getaddrinfo failed>
2026-09-24 14:26,read,aquafit-padel,club page,URLError: <urlopen error [Errno 11001] getaddrinfo failed>
2026-09-24 14:26,read,sph-venezia,club page,URLError: <urlopen error [Errno 11001] getaddrinfo failed>
2026-09-24 14:26,read,padel-treviso,club page,URLError: <urlopen error [Errno 11001] getaddrinfo failed>
2026-09-24 14:26,read,altino-sport-village,club page,URLError: <urlopen error [Errno 11001] getaddrinfo failed>
2026-09-24 14:26,read,barchessa-pickleball,club page,URLError: <urlopen error [Errno 11001] getaddrinfo failed>
2026-09-24 14:26,read,h-farm-campus,club page,URLError: <urlopen error [Errno 11001] getaddrinfo failed>
2026-09-24 14:26,read,sph-treviso-sporting,club page,URLError: <urlopen error [Errno 11001] getaddrinfo failed>
2026-09-24 14:26,read,marina-sporting,club page,URLError: <urlopen error [Errno 11001] getaddrinfo failed>
2026-09-24 21:51,lead,sporting-club-mestre,availability,608 half hours
2026-09-24 21:51,lead,padel-by-fitup-di-zero-branco,availability,95 half hours
2026-09-24 21:51,lead,aquafit-padel,availability,308 half hours
2026-09-24 21:51,lead,sph-venezia,availability,870 half hours
2026-09-24 21:51,lead,padel-treviso,availability,1968 half hours
2026-09-24 21:51,lead,altino-sport-village,availability,328 half hours
2026-09-24 21:51,lead,barchessa-pickleball,availability,486 half hours
2026-09-24 21:51,lead,h-farm-campus,availability,184 half hours
2026-09-24 21:51,lead,sph-treviso-sporting,availability,1176 half hours
2026-09-24 21:51,lead,marina-sporting,availability,336 half hours
2026-09-24 21:53,read,sporting-club-mestre,availability,8 half hours
2026-09-24 21:53,read,padel-by-fitup-di-zero-branco,availability,closed now or no slots
2026-09-24 21:53,read,aquafit-padel,availability,8 half hours
2026-09-24 21:53,read,sph-venezia,availability,15 half hours
2026-09-24 21:53,read,padel-treviso,availability,48 half hours
2026-09-24 21:53,read,altino-sport-village,availability,6 half hours
2026-09-24 21:53,read,barchessa-pickleball,availability,3 half hours
2026-09-24 21:53,read,h-farm-campus,availability,closed now or no slots
2026-09-24 21:53,read,sph-treviso-sporting,availability,14 half hours
2026-09-24 21:53,read,marina-sporting,availability,closed now or no slots
2026-09-24 22:00,read,sporting-club-mestre,availability,4 half hours
2026-09-24 22:00,read,padel-by-fitup-di-zero-branco,availability,closed now or no slots
2026-09-24 22:00,read,aquafit-padel,availability,6 half hours
2026-09-24 22:00,read,sph-venezia,availability,10 half hours
2026-09-24 22:00,read,padel-treviso,availability,36 half hours
2026-09-24 22:00,read,altino-sport-village,availability,4 half hours
2026-09-24 22:00,read,barchessa-pickleball,availability,closed now or no slots
2026-09-24 22:00,read,h-farm-campus,availability,closed now or no slots
2026-09-24 22:00,read,sph-treviso-sporting,availability,7 half hours
2026-09-24 22:00,read,marina-sporting,availability,closed now or no slots
2026-09-25 11:50,read,sporting-club-mestre,availability,16 half hours
2026-09-25 11:50,read,padel-by-fitup-di-zero-branco,availability,4 half hours
2026-09-25 11:50,read,aquafit-padel,availability,8 half hours
2026-09-25 11:50,read,sph-venezia,availability,20 half hours
2026-09-25 11:50,read,padel-treviso,availability,48 half hours
2026-09-25 11:50,read,altino-sport-village,availability,8 half hours
2026-09-25 11:50,read,barchessa-pickleball,availability,12 half hours
2026-09-25 11:50,read,h-farm-campus,availability,closed now or no slots
2026-09-25 11:50,read,sph-treviso-sporting,availability,28 half hours
2026-09-25 11:50,read,marina-sporting,availability,8 half hours
2026-09-25 13:00,read,sporting-club-mestre,availability,16 half hours
2026-09-25 13:00,read,padel-by-fitup-di-zero-branco,availability,4 half hours
2026-09-25 13:00,read,aquafit-padel,availability,8 half hours
2026-09-25 13:00,read,sph-venezia,availability,20 half hours
2026-09-25 13:00,read,padel-treviso,availability,48 half hours
2026-09-25 13:00,read,altino-sport-village,availability,8 half hours
2026-09-25 13:00,read,barchessa-pickleball,availability,12 half hours
2026-09-25 13:00,read,h-farm-campus,availability,closed now or no slots
2026-09-25 13:00,read,sph-treviso-sporting,availability,28 half hours
2026-09-25 13:00,read,marina-sporting,availability,8 half hours
2026-09-25 14:00,read,sporting-club-mestre,availability,16 half hours
2026-09-25 14:00,read,padel-by-fitup-di-zero-branco,availability,4 half hours
2026-09-25 14:00,read,aquafit-padel,availability,8 half hours
2026-09-25 14:00,read,sph-venezia,availability,20 half hours
2026-09-25 14:00,read,padel-treviso,availability,48 half hours
2026-09-25 14:00,read,altino-sport-village,availability,8 half hours
2026-09-25 14:00,read,barchessa-pickleball,availability,12 half hours
2026-09-25 14:00,read,h-farm-campus,availability,closed now or no slots
2026-09-25 14:00,read,sph-treviso-sporting,availability,28 half hours
2026-09-25 14:00,read,marina-sporting,availability,8 half hours
2026-09-25 15:00,read,sporting-club-mestre,availability,16 half hours
2026-09-25 15:00,read,padel-by-fitup-di-zero-branco,availability,4 half hours
2026-09-25 15:00,read,aquafit-padel,availability,8 half hours
2026-09-25 15:00,read,sph-venezia,availability,20 half hours
2026-09-25 15:00,read,padel-treviso,availability,48 half hours
2026-09-25 15:00,read,altino-sport-village,availability,8 half hours
2026-09-25 15:00,read,barchessa-pickleball,availability,12 half hours
2026-09-25 15:00,read,h-farm-campus,availability,closed now or no slots
2026-09-25 15:00,read,sph-treviso-sporting,availability,28 half hours
2026-09-25 15:00,read,marina-sporting,availability,8 half hours
2026-09-25 16:10,read,sporting-club-mestre,availability,16 half hours
2026-09-25 16:10,read,padel-by-fitup-di-zero-branco,availability,4 half hours
2026-09-25 16:10,read,aquafit-padel,availability,8 half hours
2026-09-25 16:10,read,sph-venezia,availability,20 half hours
2026-09-25 16:10,read,padel-treviso,availability,48 half hours
2026-09-25 16:10,read,altino-sport-village,availability,8 half hours
2026-09-25 16:10,read,barchessa-pickleball,availability,12 half hours
2026-09-25 16:10,read,h-farm-campus,availability,4 half hours
2026-09-25 16:10,read,sph-treviso-sporting,availability,28 half hours
2026-09-25 16:10,read,marina-sporting,availability,8 half hours
<<<<<<< Updated upstream
2026-09-25 17:53,read,sporting-club-mestre,club page,"HTTP 403 plain, HTTP 403 as browser too"
2026-09-25 17:53,read,padel-by-fitup-di-zero-branco,club page,"HTTP 403 plain, HTTP 403 as browser too"
2026-09-25 17:53,read,aquafit-padel,club page,"HTTP 403 plain, HTTP 403 as browser too"
2026-09-25 17:53,read,sph-venezia,club page,"HTTP 403 plain, HTTP 403 as browser too"
2026-09-25 17:53,read,padel-treviso,club page,"HTTP 403 plain, HTTP 403 as browser too"
2026-09-25 17:53,read,altino-sport-village,club page,"HTTP 403 plain, HTTP 403 as browser too"
2026-09-25 17:53,read,barchessa-pickleball,club page,"HTTP 403 plain, HTTP 403 as browser too"
2026-09-25 17:53,read,h-farm-campus,club page,"HTTP 403 plain, HTTP 403 as browser too"
2026-09-25 17:53,read,sph-treviso-sporting,club page,"HTTP 403 plain, HTTP 403 as browser too"
2026-09-25 17:53,read,marina-sporting,club page,"HTTP 403 plain, HTTP 403 as browser too"
2026-09-25 22:21,read,sporting-club-mestre,club page,"HTTP 403 plain, HTTP 403 as browser too"
2026-09-25 22:21,read,padel-by-fitup-di-zero-branco,club page,"HTTP 403 plain, HTTP 403 as browser too"
2026-09-25 22:21,read,aquafit-padel,club page,"HTTP 403 plain, HTTP 403 as browser too"
2026-09-25 22:21,read,sph-venezia,club page,"HTTP 403 plain, HTTP 403 as browser too"
2026-09-25 22:21,read,padel-treviso,club page,"HTTP 403 plain, HTTP 403 as browser too"
2026-09-25 22:21,read,altino-sport-village,club page,"HTTP 403 plain, HTTP 403 as browser too"
2026-09-25 22:21,read,barchessa-pickleball,club page,"HTTP 403 plain, HTTP 403 as browser too"
2026-09-25 22:21,read,h-farm-campus,club page,"HTTP 403 plain, HTTP 403 as browser too"
2026-09-25 22:21,read,sph-treviso-sporting,club page,"HTTP 403 plain, HTTP 403 as browser too"
2026-09-25 22:21,read,marina-sporting,club page,"HTTP 403 plain, HTTP 403 as browser too"
2026-09-26 01:56,read,sporting-club-mestre,club page,"HTTP 403 plain, HTTP 403 as browser too"
2026-09-26 01:56,read,padel-by-fitup-di-zero-branco,club page,"HTTP 403 plain, HTTP 403 as browser too"
2026-09-26 01:56,read,aquafit-padel,club page,"HTTP 403 plain, HTTP 403 as browser too"
2026-09-26 01:56,read,sph-venezia,club page,"HTTP 403 plain, HTTP 403 as browser too"
2026-09-26 01:56,read,padel-treviso,club page,"HTTP 403 plain, HTTP 403 as browser too"
2026-09-26 01:56,read,altino-sport-village,club page,"HTTP 403 plain, HTTP 403 as browser too"
2026-09-26 01:56,read,barchessa-pickleball,club page,"HTTP 403 plain, HTTP 403 as browser too"
2026-09-26 01:56,read,h-farm-campus,club page,"HTTP 403 plain, HTTP 403 as browser too"
2026-09-26 01:56,read,sph-treviso-sporting,club page,"HTTP 403 plain, HTTP 403 as browser too"
2026-09-26 01:56,read,marina-sporting,club page,"HTTP 403 plain, HTTP 403 as browser too"
2026-09-26 17:02,read,sporting-club-mestre,club page,"HTTP 403 plain, HTTP 403 as browser too"
2026-09-26 17:02,read,padel-by-fitup-di-zero-branco,club page,"HTTP 403 plain, HTTP 403 as browser too"
2026-09-26 17:02,read,aquafit-padel,club page,"HTTP 403 plain, HTTP 403 as browser too"
2026-09-26 17:02,read,sph-venezia,club page,"HTTP 403 plain, HTTP 403 as browser too"
2026-09-26 17:02,read,padel-treviso,club page,"HTTP 403 plain, HTTP 403 as browser too"
2026-09-26 17:02,read,altino-sport-village,club page,"HTTP 403 plain, HTTP 403 as browser too"
2026-09-26 17:02,read,barchessa-pickleball,club page,"HTTP 403 plain, HTTP 403 as browser too"
2026-09-26 17:02,read,h-farm-campus,club page,"HTTP 403 plain, HTTP 403 as browser too"
2026-09-26 17:02,read,sph-treviso-sporting,club page,"HTTP 403 plain, HTTP 403 as browser too"
2026-09-26 17:02,read,marina-sporting,club page,"HTTP 403 plain, HTTP 403 as browser too"
2026-09-26 20:27,read,sporting-club-mestre,club page,"HTTP 403 plain, HTTP 403 as browser too"
2026-09-26 20:27,read,padel-by-fitup-di-zero-branco,club page,"HTTP 403 plain, HTTP 403 as browser too"
2026-09-26 20:27,read,aquafit-padel,club page,"HTTP 403 plain, HTTP 403 as browser too"
2026-09-26 20:27,read,sph-venezia,club page,"HTTP 403 plain, HTTP 403 as browser too"
2026-09-26 20:27,read,padel-treviso,club page,"HTTP 403 plain, HTTP 403 as browser too"
2026-09-26 20:27,read,altino-sport-village,club page,"HTTP 403 plain, HTTP 403 as browser too"
2026-09-26 20:27,read,barchessa-pickleball,club page,"HTTP 403 plain, HTTP 403 as browser too"
2026-09-26 20:27,read,h-farm-campus,club page,"HTTP 403 plain, HTTP 403 as browser too"
2026-09-26 20:27,read,sph-treviso-sporting,club page,"HTTP 403 plain, HTTP 403 as browser too"
2026-09-26 20:27,read,marina-sporting,club page,"HTTP 403 plain, HTTP 403 as browser too"
2026-09-27 12:30,read,sporting-club-mestre,club page,"HTTP 403 plain, HTTP 403 as browser too"
2026-09-27 12:30,read,padel-by-fitup-di-zero-branco,club page,"HTTP 403 plain, HTTP 403 as browser too"
2026-09-27 12:30,read,aquafit-padel,club page,"HTTP 403 plain, HTTP 403 as browser too"
2026-09-27 12:30,read,sph-venezia,club page,"HTTP 403 plain, HTTP 403 as browser too"
2026-09-27 12:30,read,padel-treviso,club page,"HTTP 403 plain, HTTP 403 as browser too"
2026-09-27 12:30,read,altino-sport-village,club page,"HTTP 403 plain, HTTP 403 as browser too"
2026-09-27 12:30,read,barchessa-pickleball,club page,"HTTP 403 plain, HTTP 403 as browser too"
2026-09-27 12:30,read,h-farm-campus,club page,"HTTP 403 plain, HTTP 403 as browser too"
2026-09-27 12:30,read,sph-treviso-sporting,club page,"HTTP 403 plain, HTTP 403 as browser too"
2026-09-27 12:30,read,marina-sporting,club page,"HTTP 403 plain, HTTP 403 as browser too"
2026-09-27 17:39,read,sporting-club-mestre,club page,"HTTP 403 plain, HTTP 403 as browser too"
2026-09-27 17:39,read,padel-by-fitup-di-zero-branco,club page,"HTTP 403 plain, HTTP 403 as browser too"
2026-09-27 17:39,read,aquafit-padel,club page,"HTTP 403 plain, HTTP 403 as browser too"
2026-09-27 17:39,read,sph-venezia,club page,"HTTP 403 plain, HTTP 403 as browser too"
2026-09-27 17:39,read,padel-treviso,club page,"HTTP 403 plain, HTTP 403 as browser too"
2026-09-27 17:39,read,altino-sport-village,club page,"HTTP 403 plain, HTTP 403 as browser too"
2026-09-27 17:39,read,barchessa-pickleball,club page,"HTTP 403 plain, HTTP 403 as browser too"
2026-09-27 17:39,read,h-farm-campus,club page,"HTTP 403 plain, HTTP 403 as browser too"
2026-09-27 17:39,read,sph-treviso-sporting,club page,"HTTP 403 plain, HTTP 403 as browser too"
2026-09-27 17:39,read,marina-sporting,club page,"HTTP 403 plain, HTTP 403 as browser too"
=======
2026-09-25 19:46,read,sporting-club-mestre,club page,URLError: <urlopen error [Errno 11001] getaddrinfo failed>
2026-09-25 19:46,read,padel-by-fitup-di-zero-branco,club page,URLError: <urlopen error [Errno 11001] getaddrinfo failed>
2026-09-25 19:46,read,aquafit-padel,availability,8 half hours
2026-09-25 19:46,read,sph-venezia,availability,20 half hours
2026-09-25 19:46,read,padel-treviso,availability,48 half hours
2026-09-25 19:46,read,altino-sport-village,availability,8 half hours
2026-09-25 19:46,read,barchessa-pickleball,availability,12 half hours
2026-09-25 19:46,read,h-farm-campus,availability,8 half hours
2026-09-25 19:46,read,sph-treviso-sporting,availability,28 half hours
2026-09-25 19:46,read,marina-sporting,availability,8 half hours
>>>>>>> Stashed changes
2026-09-27 18:43,read,sporting-club-mestre,availability,closed now or no slots
2026-09-27 18:43,read,padel-by-fitup-di-zero-branco,availability,closed now or no slots
2026-09-27 18:43,read,aquafit-padel,availability,closed now or no slots
2026-09-27 18:43,read,sph-venezia,availability,15 half hours
2026-09-27 18:43,read,padel-treviso,availability,24 half hours
2026-09-27 18:43,read,altino-sport-village,availability,8 half hours
2026-09-27 18:43,read,barchessa-pickleball,availability,3 half hours
2026-09-27 18:43,read,h-farm-campus,availability,8 half hours
2026-09-27 18:43,read,sph-treviso-sporting,availability,7 half hours
2026-09-27 18:43,read,marina-sporting,availability,8 half hours
2026-09-27 18:43,lead,sporting-club-mestre,availability,640 half hours
2026-09-27 18:43,lead,padel-by-fitup-di-zero-branco,availability,117 half hours
2026-09-27 18:43,lead,aquafit-padel,availability,334 half hours
2026-09-27 18:43,lead,sph-venezia,availability,900 half hours
2026-09-27 18:43,lead,padel-treviso,availability,2064 half hours
2026-09-27 18:43,lead,altino-sport-village,availability,338 half hours
2026-09-27 18:43,lead,barchessa-pickleball,availability,504 half hours
2026-09-27 18:43,lead,h-farm-campus,availability,146 half hours
2026-09-27 18:43,lead,sph-treviso-sporting,availability,1239 half hours
2026-09-27 18:43,lead,marina-sporting,availability,336 half hours
2026-09-27 21:24,read,sporting-club-mestre,club page,URLError: <urlopen error [Errno 11001] getaddrinfo failed>
2026-09-27 21:24,read,padel-by-fitup-di-zero-branco,club page,URLError: <urlopen error [Errno 11001] getaddrinfo failed>
2026-09-27 21:24,read,aquafit-padel,club page,URLError: <urlopen error [Errno 11001] getaddrinfo failed>
2026-09-27 21:24,read,sph-venezia,club page,URLError: <urlopen error [Errno 11001] getaddrinfo failed>
2026-09-27 21:24,read,padel-treviso,club page,URLError: <urlopen error [Errno 11001] getaddrinfo failed>
2026-09-27 21:24,read,altino-sport-village,club page,URLError: <urlopen error [Errno 11001] getaddrinfo failed>
2026-09-27 21:24,read,barchessa-pickleball,club page,URLError: <urlopen error [Errno 11001] getaddrinfo failed>
2026-09-27 21:24,read,h-farm-campus,club page,URLError: <urlopen error [Errno 11001] getaddrinfo failed>
2026-09-27 21:24,read,sph-treviso-sporting,club page,URLError: <urlopen error [Errno 11001] getaddrinfo failed>
2026-09-27 21:24,read,marina-sporting,availability,2 half hours
2026-09-27 21:24,lead,sporting-club-mestre,club page,URLError: <urlopen error [Errno 11001] getaddrinfo failed>
2026-09-27 21:24,lead,padel-by-fitup-di-zero-branco,club page,URLError: <urlopen error [Errno 11001] getaddrinfo failed>
2026-09-27 21:24,lead,aquafit-padel,club page,URLError: <urlopen error [Errno 11001] getaddrinfo failed>
2026-09-27 21:24,lead,sph-venezia,club page,URLError: <urlopen error [Errno 11001] getaddrinfo failed>
2026-09-27 21:24,lead,padel-treviso,club page,URLError: <urlopen error [Errno 11001] getaddrinfo failed>
2026-09-27 21:24,lead,altino-sport-village,club page,URLError: <urlopen error [Errno 11001] getaddrinfo failed>
2026-09-27 21:24,lead,barchessa-pickleball,club page,URLError: <urlopen error [Errno 11001] getaddrinfo failed>
2026-09-27 21:24,lead,h-farm-campus,club page,URLError: <urlopen error [Errno 11001] getaddrinfo failed>
2026-09-27 21:24,lead,sph-treviso-sporting,club page,URLError: <urlopen error [Errno 11001] getaddrinfo failed>
2026-09-27 21:24,lead,marina-sporting,availability,336 half hours
2026-09-27 22:07,read,sporting-club-mestre,club page,"HTTP 403 plain, HTTP 403 as browser too"
2026-09-27 22:07,read,padel-by-fitup-di-zero-branco,club page,"HTTP 403 plain, HTTP 403 as browser too"
2026-09-27 22:07,read,aquafit-padel,club page,"HTTP 403 plain, HTTP 403 as browser too"
2026-09-27 22:07,read,sph-venezia,club page,"HTTP 403 plain, HTTP 403 as browser too"
2026-09-27 22:07,read,padel-treviso,club page,"HTTP 403 plain, HTTP 403 as browser too"
2026-09-27 22:07,read,altino-sport-village,club page,"HTTP 403 plain, HTTP 403 as browser too"
2026-09-27 22:07,read,barchessa-pickleball,club page,"HTTP 403 plain, HTTP 403 as browser too"
2026-09-27 22:07,read,h-farm-campus,club page,"HTTP 403 plain, HTTP 403 as browser too"
2026-09-27 22:07,read,sph-treviso-sporting,club page,"HTTP 403 plain, HTTP 403 as browser too"
2026-09-27 22:07,read,marina-sporting,club page,"HTTP 403 plain, HTTP 403 as browser too"
2026-09-27 22:43,read,sporting-club-mestre,availability,closed now or no slots
2026-09-27 22:43,read,padel-by-fitup-di-zero-branco,availability,closed now or no slots
2026-09-27 22:43,read,aquafit-padel,availability,closed now or no slots
2026-09-27 22:43,read,sph-venezia,availability,closed now or no slots
2026-09-27 22:43,read,padel-treviso,availability,closed now or no slots
2026-09-27 22:43,read,altino-sport-village,availability,closed now or no slots
2026-09-27 22:43,read,barchessa-pickleball,availability,closed now or no slots
2026-09-27 22:43,read,h-farm-campus,availability,closed now or no slots
2026-09-27 22:43,read,sph-treviso-sporting,availability,closed now or no slots
2026-09-27 22:43,read,marina-sporting,availability,closed now or no slots
2026-09-27 23:45,read,sporting-club-mestre,availability,closed now or no slots
2026-09-27 23:45,read,padel-by-fitup-di-zero-branco,availability,closed now or no slots
2026-09-27 23:45,read,aquafit-padel,availability,closed now or no slots
2026-09-27 23:45,read,sph-venezia,availability,closed now or no slots
2026-09-27 23:45,read,padel-treviso,availability,closed now or no slots
2026-09-27 23:45,read,altino-sport-village,availability,closed now or no slots
2026-09-27 23:45,read,barchessa-pickleball,availability,closed now or no slots
2026-09-27 23:45,read,h-farm-campus,availability,closed now or no slots
2026-09-27 23:45,read,sph-treviso-sporting,availability,closed now or no slots
2026-09-27 23:45,read,marina-sporting,availability,closed now or no slots
2026-09-28 09:29,read,sporting-club-mestre,club page,URLError: <urlopen error [Errno 11001] getaddrinfo failed>
2026-09-28 09:29,read,padel-by-fitup-di-zero-branco,club page,URLError: <urlopen error [Errno 11001] getaddrinfo failed>
2026-09-28 09:29,read,aquafit-padel,availability,8 half hours
2026-09-28 09:29,read,sph-venezia,availability,20 half hours
2026-09-28 09:29,read,padel-treviso,availability,48 half hours
2026-09-28 09:29,read,altino-sport-village,availability,8 half hours
2026-09-28 09:29,read,barchessa-pickleball,availability,12 half hours
2026-09-28 09:29,read,h-farm-campus,club page,URLError: <urlopen error [Errno 11001] getaddrinfo failed>
2026-09-28 09:29,read,sph-treviso-sporting,club page,TimeoutError: The read operation timed out
2026-09-28 09:29,read,marina-sporting,club page,URLError: <urlopen error [Errno 11001] getaddrinfo failed>
2026-09-28 09:35,read,sporting-club-mestre,club page,URLError: <urlopen error [Errno 11001] getaddrinfo failed>
2026-09-28 09:35,read,padel-by-fitup-di-zero-branco,club page,URLError: <urlopen error [Errno 11001] getaddrinfo failed>
2026-09-28 09:35,read,aquafit-padel,club page,URLError: <urlopen error [Errno 11001] getaddrinfo failed>
2026-09-28 09:35,read,sph-venezia,club page,URLError: <urlopen error [Errno 11001] getaddrinfo failed>
2026-09-28 09:35,read,padel-treviso,availability,48 half hours
2026-09-28 09:35,read,altino-sport-village,availability,8 half hours
2026-09-28 09:35,read,barchessa-pickleball,availability,12 half hours
2026-09-28 09:35,read,h-farm-campus,availability,closed now or no slots
2026-09-28 09:35,read,sph-treviso-sporting,availability,28 half hours
2026-09-28 09:35,read,marina-sporting,availability,8 half hours
2026-09-28 09:43,read,sporting-club-mestre,club page,URLError: <urlopen error [Errno 11001] getaddrinfo failed>
2026-09-28 09:43,read,padel-by-fitup-di-zero-branco,club page,URLError: <urlopen error [Errno 11001] getaddrinfo failed>
2026-09-28 09:43,read,aquafit-padel,club page,URLError: <urlopen error [Errno 11001] getaddrinfo failed>
2026-09-28 09:43,read,sph-venezia,club page,URLError: <urlopen error [Errno 11001] getaddrinfo failed>
2026-09-28 09:43,read,padel-treviso,club page,URLError: <urlopen error _ssl.c:1064: The handshake operation timed ou
2026-09-28 09:43,read,altino-sport-village,club page,URLError: <urlopen error [Errno 11001] getaddrinfo failed>
2026-09-28 09:43,read,barchessa-pickleball,club page,URLError: <urlopen error _ssl.c:1064: The handshake operation timed ou
2026-09-28 09:43,read,h-farm-campus,club page,URLError: <urlopen error [Errno 11001] getaddrinfo failed>
2026-09-28 09:43,read,sph-treviso-sporting,club page,URLError: <urlopen error [Errno 11001] getaddrinfo failed>
2026-09-28 09:43,read,marina-sporting,club page,URLError: <urlopen error [Errno 11001] getaddrinfo failed>
2026-09-28 10:35,read,sporting-club-mestre,availability,16 half hours
2026-09-28 10:35,read,padel-by-fitup-di-zero-branco,availability,4 half hours
2026-09-28 10:35,read,aquafit-padel,availability,8 half hours
2026-09-28 10:35,read,sph-venezia,availability,20 half hours
2026-09-28 10:35,read,padel-treviso,availability,48 half hours
2026-09-28 10:35,read,altino-sport-village,availability,8 half hours
2026-09-28 10:35,read,barchessa-pickleball,availability,12 half hours
2026-09-28 10:35,read,h-farm-campus,availability,closed now or no slots
2026-09-28 10:35,read,sph-treviso-sporting,availability,28 half hours
2026-09-28 10:35,read,marina-sporting,availability,8 half hours
2026-09-28 10:43,read,sporting-club-mestre,availability,16 half hours
2026-09-28 10:43,read,padel-by-fitup-di-zero-branco,availability,4 half hours
2026-09-28 10:43,read,aquafit-padel,availability,8 half hours
2026-09-28 10:43,read,sph-venezia,availability,20 half hours
2026-09-28 10:43,read,padel-treviso,availability,48 half hours
2026-09-28 10:43,read,altino-sport-village,availability,8 half hours
2026-09-28 10:43,read,barchessa-pickleball,availability,12 half hours
2026-09-28 10:43,read,h-farm-campus,availability,closed now or no slots
2026-09-28 10:43,read,sph-treviso-sporting,availability,28 half hours
2026-09-28 10:43,read,marina-sporting,availability,8 half hours
2026-09-28 11:35,read,sporting-club-mestre,availability,16 half hours
2026-09-28 11:35,read,padel-by-fitup-di-zero-branco,availability,4 half hours
2026-09-28 11:35,read,aquafit-padel,availability,8 half hours
2026-09-28 11:35,read,sph-venezia,availability,20 half hours
2026-09-28 11:35,read,padel-treviso,availability,48 half hours
2026-09-28 11:35,read,altino-sport-village,availability,8 half hours
2026-09-28 11:35,read,barchessa-pickleball,availability,12 half hours
2026-09-28 11:35,read,h-farm-campus,availability,closed now or no slots
2026-09-28 11:35,read,sph-treviso-sporting,availability,28 half hours
2026-09-28 11:35,read,marina-sporting,availability,8 half hours
2026-09-28 11:43,read,sporting-club-mestre,availability,16 half hours
2026-09-28 11:43,read,padel-by-fitup-di-zero-branco,availability,4 half hours
2026-09-28 11:43,read,aquafit-padel,availability,8 half hours
2026-09-28 11:43,read,sph-venezia,availability,20 half hours
2026-09-28 11:43,read,padel-treviso,availability,48 half hours
2026-09-28 11:43,read,altino-sport-village,availability,8 half hours
2026-09-28 11:43,read,barchessa-pickleball,availability,12 half hours
2026-09-28 11:43,read,h-farm-campus,availability,closed now or no slots
2026-09-28 11:43,read,sph-treviso-sporting,availability,28 half hours
2026-09-28 11:43,read,marina-sporting,availability,8 half hours
2026-09-28 12:35,read,sporting-club-mestre,availability,16 half hours
2026-09-28 12:35,read,padel-by-fitup-di-zero-branco,availability,4 half hours
2026-09-28 12:35,read,aquafit-padel,availability,8 half hours
2026-09-28 12:35,read,sph-venezia,availability,20 half hours
2026-09-28 12:35,read,padel-treviso,availability,48 half hours
2026-09-28 12:35,read,altino-sport-village,availability,8 half hours
2026-09-28 12:35,read,barchessa-pickleball,availability,12 half hours
2026-09-28 12:35,read,h-farm-campus,availability,closed now or no slots
2026-09-28 12:35,read,sph-treviso-sporting,availability,28 half hours
2026-09-28 12:35,read,marina-sporting,availability,8 half hours
2026-09-28 13:35,read,sporting-club-mestre,availability,16 half hours
2026-09-28 13:35,read,padel-by-fitup-di-zero-branco,availability,4 half hours
2026-09-28 13:35,read,aquafit-padel,availability,8 half hours
2026-09-28 13:35,read,sph-venezia,availability,20 half hours
2026-09-28 13:35,read,padel-treviso,availability,48 half hours
2026-09-28 13:35,read,altino-sport-village,availability,8 half hours
2026-09-28 13:35,read,barchessa-pickleball,availability,12 half hours
2026-09-28 13:35,read,h-farm-campus,availability,closed now or no slots
2026-09-28 13:35,read,sph-treviso-sporting,availability,28 half hours
2026-09-28 13:35,read,marina-sporting,availability,8 half hours
2026-09-28 14:35,read,sporting-club-mestre,availability,16 half hours
2026-09-28 14:35,read,padel-by-fitup-di-zero-branco,availability,4 half hours
2026-09-28 14:35,read,aquafit-padel,availability,8 half hours
2026-09-28 14:35,read,sph-venezia,availability,20 half hours
2026-09-28 14:35,read,padel-treviso,availability,48 half hours
2026-09-28 14:35,read,altino-sport-village,availability,8 half hours
2026-09-28 14:35,read,barchessa-pickleball,availability,12 half hours
2026-09-28 14:35,read,h-farm-campus,availability,closed now or no slots
2026-09-28 14:35,read,sph-treviso-sporting,availability,28 half hours
2026-09-28 14:35,read,marina-sporting,availability,8 half hours
2026-09-28 15:42,read,sporting-club-mestre,availability,16 half hours
2026-09-28 15:42,read,padel-by-fitup-di-zero-branco,availability,4 half hours
2026-09-28 15:42,read,aquafit-padel,availability,8 half hours
2026-09-28 15:42,read,sph-venezia,availability,20 half hours
2026-09-28 15:42,read,padel-treviso,availability,48 half hours
2026-09-28 15:42,read,altino-sport-village,availability,8 half hours
2026-09-28 15:42,read,barchessa-pickleball,availability,12 half hours
2026-09-28 15:42,read,h-farm-campus,availability,2 half hours
2026-09-28 15:42,read,sph-treviso-sporting,availability,28 half hours
2026-09-28 15:42,read,marina-sporting,availability,8 half hours
2026-09-28 16:35,read,sporting-club-mestre,availability,16 half hours
2026-09-28 16:35,read,padel-by-fitup-di-zero-branco,availability,4 half hours
2026-09-28 16:35,read,aquafit-padel,availability,8 half hours
2026-09-28 16:35,read,sph-venezia,availability,20 half hours
2026-09-28 16:35,read,padel-treviso,availability,48 half hours
2026-09-28 16:35,read,altino-sport-village,availability,8 half hours
2026-09-28 16:35,read,barchessa-pickleball,availability,12 half hours
2026-09-28 16:35,read,h-farm-campus,availability,6 half hours
2026-09-28 16:35,read,sph-treviso-sporting,availability,28 half hours
2026-09-28 16:35,read,marina-sporting,availability,8 half hours
2026-09-28 17:35,read,sporting-club-mestre,availability,16 half hours
2026-09-28 17:35,read,padel-by-fitup-di-zero-branco,availability,4 half hours
2026-09-28 17:35,read,aquafit-padel,availability,8 half hours
2026-09-28 17:35,read,sph-venezia,availability,20 half hours
2026-09-28 17:35,read,padel-treviso,availability,48 half hours
2026-09-28 17:35,read,altino-sport-village,availability,8 half hours
2026-09-28 17:35,read,barchessa-pickleball,availability,12 half hours
2026-09-28 17:35,read,h-farm-campus,availability,8 half hours
2026-09-28 17:35,read,sph-treviso-sporting,availability,28 half hours
2026-09-28 17:35,read,marina-sporting,availability,8 half hours
2026-09-28 18:35,read,sporting-club-mestre,availability,16 half hours
2026-09-28 18:35,read,padel-by-fitup-di-zero-branco,availability,3 half hours
2026-09-28 18:35,read,aquafit-padel,availability,8 half hours
2026-09-28 18:35,read,sph-venezia,availability,20 half hours
2026-09-28 18:35,read,padel-treviso,availability,48 half hours
2026-09-28 18:35,read,altino-sport-village,availability,8 half hours
2026-09-28 18:35,read,barchessa-pickleball,availability,12 half hours
2026-09-28 18:35,read,h-farm-campus,availability,8 half hours
2026-09-28 18:35,read,sph-treviso-sporting,availability,28 half hours
2026-09-28 18:35,read,marina-sporting,availability,8 half hours
2026-09-28 19:35,read,sporting-club-mestre,availability,16 half hours
2026-09-28 19:35,read,padel-by-fitup-di-zero-branco,availability,1 half hours
2026-09-28 19:35,read,aquafit-padel,availability,8 half hours
2026-09-28 19:35,read,sph-venezia,availability,20 half hours
2026-09-28 19:35,read,padel-treviso,availability,48 half hours
2026-09-28 19:35,read,altino-sport-village,availability,8 half hours
2026-09-28 19:35,read,barchessa-pickleball,availability,12 half hours
2026-09-28 19:35,read,h-farm-campus,availability,8 half hours
2026-09-28 19:35,read,sph-treviso-sporting,availability,28 half hours
2026-09-28 19:35,read,marina-sporting,availability,8 half hours
2026-09-28 20:35,read,sporting-club-mestre,club page,URLError: <urlopen error [Errno 11001] getaddrinfo failed>
2026-09-28 20:35,read,padel-by-fitup-di-zero-branco,club page,URLError: <urlopen error [Errno 11001] getaddrinfo failed>
2026-09-28 20:35,read,aquafit-padel,club page,URLError: <urlopen error [Errno 11001] getaddrinfo failed>
2026-09-28 20:35,read,sph-venezia,club page,URLError: <urlopen error [Errno 11001] getaddrinfo failed>
2026-09-28 20:35,read,padel-treviso,club page,URLError: <urlopen error [Errno 11001] getaddrinfo failed>
2026-09-28 20:35,read,altino-sport-village,club page,URLError: <urlopen error [Errno 11001] getaddrinfo failed>
2026-09-28 20:35,read,barchessa-pickleball,club page,URLError: <urlopen error [Errno 11001] getaddrinfo failed>
2026-09-28 20:35,read,h-farm-campus,club page,URLError: <urlopen error [Errno 11001] getaddrinfo failed>
2026-09-28 20:35,read,sph-treviso-sporting,club page,URLError: <urlopen error [Errno 11001] getaddrinfo failed>
2026-09-28 20:35,read,marina-sporting,club page,URLError: <urlopen error [Errno 11001] getaddrinfo failed>
2026-09-28 21:00,lead,sporting-club-mestre,availability,608 half hours
2026-09-28 21:00,lead,padel-by-fitup-di-zero-branco,availability,95 half hours
2026-09-28 21:00,lead,aquafit-padel,availability,308 half hours
2026-09-28 21:00,lead,sph-venezia,availability,870 half hours
2026-09-28 21:00,lead,padel-treviso,availability,1968 half hours
2026-09-28 21:00,lead,altino-sport-village,availability,328 half hours
2026-09-28 21:00,lead,barchessa-pickleball,availability,486 half hours
2026-09-28 21:00,lead,h-farm-campus,availability,184 half hours
2026-09-28 21:00,lead,sph-treviso-sporting,availability,1190 half hours
2026-09-28 21:00,lead,marina-sporting,availability,336 half hours
2026-09-28 21:35,read,sporting-club-mestre,club page,URLError: <urlopen error [Errno 11001] getaddrinfo failed>
2026-09-28 21:35,read,padel-by-fitup-di-zero-branco,club page,URLError: <urlopen error [Errno 11001] getaddrinfo failed>
2026-09-28 21:35,read,aquafit-padel,availability,8 half hours
2026-09-28 21:35,read,sph-venezia,availability,15 half hours
2026-09-28 21:35,read,padel-treviso,availability,48 half hours
2026-09-28 21:35,read,altino-sport-village,availability,6 half hours
2026-09-28 21:35,read,barchessa-pickleball,availability,3 half hours
2026-09-28 21:35,read,h-farm-campus,availability,closed now or no slots
2026-09-28 21:35,read,sph-treviso-sporting,availability,14 half hours
2026-09-28 21:35,read,marina-sporting,availability,closed now or no slots
2026-09-28 22:35,read,sporting-club-mestre,club page,URLError: <urlopen error [Errno 11001] getaddrinfo failed>
2026-09-28 22:35,read,padel-by-fitup-di-zero-branco,club page,URLError: <urlopen error [Errno 11001] getaddrinfo failed>
2026-09-28 22:35,read,aquafit-padel,club page,URLError: <urlopen error [Errno 11001] getaddrinfo failed>
2026-09-28 22:35,read,sph-venezia,club page,URLError: <urlopen error [Errno 11001] getaddrinfo failed>
2026-09-28 22:35,read,padel-treviso,club page,URLError: <urlopen error [Errno 11001] getaddrinfo failed>
2026-09-28 22:35,read,altino-sport-village,club page,URLError: <urlopen error [Errno 11001] getaddrinfo failed>
2026-09-28 22:35,read,barchessa-pickleball,club page,URLError: <urlopen error [Errno 11001] getaddrinfo failed>
2026-09-28 22:35,read,h-farm-campus,club page,URLError: <urlopen error [Errno 11001] getaddrinfo failed>
2026-09-28 22:35,read,sph-treviso-sporting,club page,URLError: <urlopen error [Errno 11001] getaddrinfo failed>
2026-09-28 22:35,read,marina-sporting,club page,URLError: <urlopen error [Errno 11001] getaddrinfo failed>
2026-09-28 23:35,read,sporting-club-mestre,club page,URLError: <urlopen error [Errno 11001] getaddrinfo failed>
2026-09-28 23:35,read,padel-by-fitup-di-zero-branco,club page,URLError: <urlopen error [Errno 11001] getaddrinfo failed>
2026-09-28 23:35,read,aquafit-padel,club page,URLError: <urlopen error [Errno 11001] getaddrinfo failed>
2026-09-28 23:35,read,sph-venezia,club page,URLError: <urlopen error [Errno 11001] getaddrinfo failed>
2026-09-28 23:35,read,padel-treviso,club page,URLError: <urlopen error [Errno 11001] getaddrinfo failed>
2026-09-28 23:35,read,altino-sport-village,club page,URLError: <urlopen error _ssl.c:1064: The handshake operation timed ou
2026-09-28 23:35,read,barchessa-pickleball,club page,URLError: <urlopen error [Errno 11001] getaddrinfo failed>
2026-09-28 23:35,read,h-farm-campus,club page,URLError: <urlopen error [Errno 11001] getaddrinfo failed>
2026-09-28 23:35,read,sph-treviso-sporting,club page,URLError: <urlopen error [Errno 11001] getaddrinfo failed>
2026-09-28 23:35,read,marina-sporting,club page,URLError: <urlopen error [Errno 11001] getaddrinfo failed>
2026-09-29 00:35,read,sporting-club-mestre,club page,URLError: <urlopen error [Errno 11001] getaddrinfo failed>
2026-09-29 00:35,read,padel-by-fitup-di-zero-branco,club page,URLError: <urlopen error [Errno 11001] getaddrinfo failed>
2026-09-29 00:35,read,aquafit-padel,club page,URLError: <urlopen error [Errno 11001] getaddrinfo failed>
2026-09-29 00:35,read,sph-venezia,club page,URLError: <urlopen error [Errno 11001] getaddrinfo failed>
2026-09-29 00:35,read,padel-treviso,club page,URLError: <urlopen error [Errno 11001] getaddrinfo failed>
2026-09-29 00:35,read,altino-sport-village,club page,URLError: <urlopen error [Errno 11001] getaddrinfo failed>
2026-09-29 00:35,read,barchessa-pickleball,club page,URLError: <urlopen error [Errno 11001] getaddrinfo failed>
2026-09-29 00:35,read,h-farm-campus,club page,URLError: <urlopen error [Errno 11001] getaddrinfo failed>
2026-09-29 00:35,read,sph-treviso-sporting,club page,URLError: <urlopen error [Errno 11001] getaddrinfo failed>
2026-09-29 00:35,read,marina-sporting,club page,URLError: <urlopen error [Errno 11001] getaddrinfo failed>
2026-09-29 01:35,read,sporting-club-mestre,club page,URLError: <urlopen error [Errno 11001] getaddrinfo failed>
2026-09-29 01:35,read,padel-by-fitup-di-zero-branco,club page,URLError: <urlopen error [Errno 11001] getaddrinfo failed>
2026-09-29 01:35,read,aquafit-padel,club page,URLError: <urlopen error [Errno 11001] getaddrinfo failed>
2026-09-29 01:35,read,sph-venezia,club page,URLError: <urlopen error [Errno 11001] getaddrinfo failed>
2026-09-29 01:35,read,padel-treviso,club page,URLError: <urlopen error [Errno 11001] getaddrinfo failed>
2026-09-29 01:35,read,altino-sport-village,club page,URLError: <urlopen error [Errno 11001] getaddrinfo failed>
2026-09-29 01:35,read,barchessa-pickleball,club page,URLError: <urlopen error [Errno 11001] getaddrinfo failed>
2026-09-29 01:35,read,h-farm-campus,club page,URLError: <urlopen error [Errno 11001] getaddrinfo failed>
2026-09-29 01:35,read,sph-treviso-sporting,club page,URLError: <urlopen error [Errno 11001] getaddrinfo failed>
2026-09-29 01:35,read,marina-sporting,club page,URLError: <urlopen error [Errno 11001] getaddrinfo failed>
2026-09-29 07:00,read,sporting-club-mestre,club page,URLError: <urlopen error [Errno 11001] getaddrinfo failed>
2026-09-29 07:00,read,padel-by-fitup-di-zero-branco,club page,URLError: <urlopen error [Errno 11001] getaddrinfo failed>
2026-09-29 07:00,read,aquafit-padel,club page,URLError: <urlopen error [Errno 11001] getaddrinfo failed>
2026-09-29 07:00,read,sph-venezia,club page,URLError: <urlopen error [Errno 11001] getaddrinfo failed>
2026-09-29 07:00,read,padel-treviso,club page,URLError: <urlopen error [Errno 11001] getaddrinfo failed>
2026-09-29 07:00,read,altino-sport-village,club page,URLError: <urlopen error [Errno 11001] getaddrinfo failed>
2026-09-29 07:00,read,barchessa-pickleball,club page,URLError: <urlopen error [Errno 11001] getaddrinfo failed>
2026-09-29 07:00,read,h-farm-campus,club page,URLError: <urlopen error [Errno 11001] getaddrinfo failed>
2026-09-29 07:00,read,sph-treviso-sporting,club page,URLError: <urlopen error [Errno 11001] getaddrinfo failed>
2026-09-29 07:00,read,marina-sporting,club page,URLError: <urlopen error [Errno 11001] getaddrinfo failed>
2026-09-29 08:00,read,sporting-club-mestre,club page,URLError: <urlopen error [Errno 11001] getaddrinfo failed>
2026-09-29 08:00,read,padel-by-fitup-di-zero-branco,club page,URLError: <urlopen error [Errno 11001] getaddrinfo failed>
2026-09-29 08:00,read,aquafit-padel,club page,URLError: <urlopen error [Errno 11001] getaddrinfo failed>
2026-09-29 08:00,read,sph-venezia,club page,URLError: <urlopen error [Errno 11001] getaddrinfo failed>
2026-09-29 08:00,read,padel-treviso,club page,URLError: <urlopen error [Errno 11001] getaddrinfo failed>
2026-09-29 08:00,read,altino-sport-village,club page,URLError: <urlopen error [Errno 11001] getaddrinfo failed>
2026-09-29 08:00,read,barchessa-pickleball,club page,URLError: <urlopen error [Errno 11001] getaddrinfo failed>
2026-09-29 08:00,read,h-farm-campus,club page,URLError: <urlopen error [Errno 11001] getaddrinfo failed>
2026-09-29 08:00,read,sph-treviso-sporting,club page,URLError: <urlopen error [Errno 11001] getaddrinfo failed>
2026-09-29 08:00,read,marina-sporting,club page,URLError: <urlopen error [Errno 11001] getaddrinfo failed>
2026-09-29 09:00,read,sporting-club-mestre,club page,URLError: <urlopen error [Errno 11001] getaddrinfo failed>
2026-09-29 09:00,read,padel-by-fitup-di-zero-branco,club page,URLError: <urlopen error [Errno 11001] getaddrinfo failed>
2026-09-29 09:00,read,aquafit-padel,club page,URLError: <urlopen error [Errno 11001] getaddrinfo failed>
2026-09-29 09:00,read,sph-venezia,club page,URLError: <urlopen error [Errno 11001] getaddrinfo failed>
2026-09-29 09:00,read,padel-treviso,club page,URLError: <urlopen error [Errno 11001] getaddrinfo failed>
2026-09-29 09:00,read,altino-sport-village,club page,URLError: <urlopen error [Errno 11001] getaddrinfo failed>
2026-09-29 09:00,read,barchessa-pickleball,club page,URLError: <urlopen error [Errno 11001] getaddrinfo failed>
2026-09-29 09:00,read,h-farm-campus,club page,URLError: <urlopen error [Errno 11001] getaddrinfo failed>
2026-09-29 09:00,read,sph-treviso-sporting,club page,URLError: <urlopen error [Errno 11001] getaddrinfo failed>
2026-09-29 09:00,read,marina-sporting,club page,URLError: <urlopen error [Errno 11001] getaddrinfo failed>
2026-09-29 10:00,read,sporting-club-mestre,club page,URLError: <urlopen error [Errno 11001] getaddrinfo failed>
2026-09-29 10:00,read,padel-by-fitup-di-zero-branco,club page,URLError: <urlopen error [Errno 11001] getaddrinfo failed>
2026-09-29 10:00,read,aquafit-padel,club page,URLError: <urlopen error [Errno 11001] getaddrinfo failed>
2026-09-29 10:00,read,sph-venezia,club page,URLError: <urlopen error [Errno 11001] getaddrinfo failed>
2026-09-29 10:00,read,padel-treviso,club page,URLError: <urlopen error [Errno 11001] getaddrinfo failed>
2026-09-29 10:00,read,altino-sport-village,club page,URLError: <urlopen error [Errno 11001] getaddrinfo failed>
2026-09-29 10:00,read,barchessa-pickleball,club page,URLError: <urlopen error [Errno 11001] getaddrinfo failed>
2026-09-29 10:00,read,h-farm-campus,club page,URLError: <urlopen error [Errno 11001] getaddrinfo failed>
2026-09-29 10:00,read,sph-treviso-sporting,club page,URLError: <urlopen error [Errno 11001] getaddrinfo failed>
2026-09-29 10:00,read,marina-sporting,club page,URLError: <urlopen error [Errno 11001] getaddrinfo failed>
2026-09-28 22:10,read,sporting-club-mestre,club page,"HTTP 403 plain, HTTP 403 as browser too"
2026-09-28 22:10,read,padel-by-fitup-di-zero-branco,club page,"HTTP 403 plain, HTTP 403 as browser too"
2026-09-28 22:10,read,aquafit-padel,club page,"HTTP 403 plain, HTTP 403 as browser too"
2026-09-28 22:10,read,sph-venezia,club page,"HTTP 403 plain, HTTP 403 as browser too"
2026-09-28 22:10,read,padel-treviso,club page,"HTTP 403 plain, HTTP 403 as browser too"
2026-09-28 22:10,read,altino-sport-village,club page,"HTTP 403 plain, HTTP 403 as browser too"
2026-09-28 22:10,read,barchessa-pickleball,club page,"HTTP 403 plain, HTTP 403 as browser too"
2026-09-28 22:10,read,h-farm-campus,club page,"HTTP 403 plain, HTTP 403 as browser too"
2026-09-28 22:10,read,sph-treviso-sporting,club page,"HTTP 403 plain, HTTP 403 as browser too"
2026-09-28 22:10,read,marina-sporting,club page,"HTTP 403 plain, HTTP 403 as browser too"
2026-09-29 01:57,lead,sporting-club-mestre,club page,"HTTP 403 plain, HTTP 403 as browser too"
2026-09-29 01:57,lead,padel-by-fitup-di-zero-branco,club page,"HTTP 403 plain, HTTP 403 as browser too"
2026-09-29 01:57,lead,aquafit-padel,club page,"HTTP 403 plain, HTTP 403 as browser too"
2026-09-29 01:57,lead,sph-venezia,club page,"HTTP 403 plain, HTTP 403 as browser too"
2026-09-29 01:57,lead,padel-treviso,club page,"HTTP 403 plain, HTTP 403 as browser too"
2026-09-29 01:57,lead,altino-sport-village,club page,"HTTP 403 plain, HTTP 403 as browser too"
2026-09-29 01:57,lead,barchessa-pickleball,club page,"HTTP 403 plain, HTTP 403 as browser too"
2026-09-29 01:57,lead,h-farm-campus,club page,"HTTP 403 plain, HTTP 403 as browser too"
2026-09-29 01:57,lead,sph-treviso-sporting,club page,"HTTP 403 plain, HTTP 403 as browser too"
2026-09-29 01:57,lead,marina-sporting,club page,"HTTP 403 plain, HTTP 403 as browser too"
2026-09-29 03:00,read,sporting-club-mestre,club page,"HTTP 403 plain, HTTP 403 as browser too"
2026-09-29 03:00,read,padel-by-fitup-di-zero-branco,club page,"HTTP 403 plain, HTTP 403 as browser too"
2026-09-29 03:00,read,aquafit-padel,club page,"HTTP 403 plain, HTTP 403 as browser too"
2026-09-29 03:00,read,sph-venezia,club page,"HTTP 403 plain, HTTP 403 as browser too"
2026-09-29 03:00,read,padel-treviso,club page,"HTTP 403 plain, HTTP 403 as browser too"
2026-09-29 03:00,read,altino-sport-village,club page,"HTTP 403 plain, HTTP 403 as browser too"
2026-09-29 03:00,read,barchessa-pickleball,club page,"HTTP 403 plain, HTTP 403 as browser too"
2026-09-29 03:00,read,h-farm-campus,club page,"HTTP 403 plain, HTTP 403 as browser too"
2026-09-29 03:00,read,sph-treviso-sporting,club page,"HTTP 403 plain, HTTP 403 as browser too"
2026-09-29 03:00,read,marina-sporting,club page,"HTTP 403 plain, HTTP 403 as browser too"
2026-09-29 11:00,read,sporting-club-mestre,availability,16 half hours
2026-09-29 11:00,read,padel-by-fitup-di-zero-branco,availability,4 half hours
2026-09-29 11:00,read,aquafit-padel,availability,8 half hours
2026-09-29 11:00,read,sph-venezia,availability,20 half hours
2026-09-29 11:00,read,padel-treviso,availability,48 half hours
2026-09-29 11:00,read,altino-sport-village,availability,8 half hours
2026-09-29 11:00,read,barchessa-pickleball,availability,12 half hours
2026-09-29 11:00,read,h-farm-campus,availability,closed now or no slots
2026-09-29 11:00,read,sph-treviso-sporting,availability,28 half hours
2026-09-29 11:00,read,marina-sporting,availability,8 half hours
2026-09-29 12:00,read,sporting-club-mestre,availability,16 half hours
2026-09-29 12:00,read,padel-by-fitup-di-zero-branco,availability,4 half hours
2026-09-29 12:00,read,aquafit-padel,availability,8 half hours
2026-09-29 12:00,read,sph-venezia,availability,20 half hours
2026-09-29 12:00,read,padel-treviso,availability,48 half hours
2026-09-29 12:00,read,altino-sport-village,availability,8 half hours
2026-09-29 12:00,read,barchessa-pickleball,availability,12 half hours
2026-09-29 12:00,read,h-farm-campus,availability,closed now or no slots
2026-09-29 12:00,read,sph-treviso-sporting,availability,28 half hours
2026-09-29 12:00,read,marina-sporting,availability,8 half hours
2026-09-29 13:27,read,sporting-club-mestre,club page,URLError: <urlopen error [Errno 11001] getaddrinfo failed>
2026-09-29 13:27,read,padel-by-fitup-di-zero-branco,club page,URLError: <urlopen error [Errno 11001] getaddrinfo failed>
2026-09-29 13:27,read,aquafit-padel,club page,URLError: <urlopen error [Errno 11001] getaddrinfo failed>
2026-09-29 13:27,read,sph-venezia,club page,URLError: <urlopen error [Errno 11001] getaddrinfo failed>
2026-09-29 13:27,read,padel-treviso,club page,URLError: <urlopen error [Errno 11001] getaddrinfo failed>
2026-09-29 13:27,read,altino-sport-village,club page,URLError: <urlopen error [Errno 11001] getaddrinfo failed>
2026-09-29 13:27,read,barchessa-pickleball,club page,URLError: <urlopen error [Errno 11001] getaddrinfo failed>
2026-09-29 13:27,read,h-farm-campus,club page,URLError: <urlopen error [Errno 11001] getaddrinfo failed>
2026-09-29 13:27,read,sph-treviso-sporting,club page,URLError: <urlopen error [Errno 11001] getaddrinfo failed>
2026-09-29 13:27,read,marina-sporting,club page,URLError: <urlopen error [Errno 11001] getaddrinfo failed>
2026-09-29 14:00,read,sporting-club-mestre,club page,URLError: <urlopen error [Errno 11001] getaddrinfo failed>
2026-09-29 14:00,read,padel-by-fitup-di-zero-branco,club page,URLError: <urlopen error [Errno 11001] getaddrinfo failed>
2026-09-29 14:00,read,aquafit-padel,club page,TimeoutError: The read operation timed out
2026-09-29 14:00,read,sph-venezia,availability,20 half hours
2026-09-29 14:00,read,padel-treviso,availability,48 half hours
2026-09-29 14:00,read,altino-sport-village,availability,8 half hours
2026-09-29 14:00,read,barchessa-pickleball,availability,12 half hours
2026-09-29 14:00,read,h-farm-campus,availability,closed now or no slots
2026-09-29 14:00,read,sph-treviso-sporting,availability,28 half hours
2026-09-29 14:00,read,marina-sporting,availability,8 half hours
2026-09-29 15:38,read,sporting-club-mestre,club page,URLError: <urlopen error [Errno 11001] getaddrinfo failed>
2026-09-29 15:38,read,padel-by-fitup-di-zero-branco,club page,URLError: <urlopen error [Errno 11001] getaddrinfo failed>
2026-09-29 15:38,read,aquafit-padel,availability,8 half hours
2026-09-29 15:38,read,sph-venezia,availability,20 half hours
2026-09-29 15:38,read,padel-treviso,availability,48 half hours
2026-09-29 15:38,read,altino-sport-village,availability,8 half hours
2026-09-29 15:38,read,barchessa-pickleball,availability,12 half hours
2026-09-29 15:38,read,h-farm-campus,availability,2 half hours
2026-09-29 15:38,read,sph-treviso-sporting,availability,28 half hours
2026-09-29 15:38,read,marina-sporting,availability,8 half hours
2026-09-29 16:00,read,sporting-club-mestre,availability,16 half hours
2026-09-29 16:00,read,padel-by-fitup-di-zero-branco,availability,4 half hours
2026-09-29 16:00,read,aquafit-padel,availability,8 half hours
2026-09-29 16:00,read,sph-venezia,availability,20 half hours
2026-09-29 16:00,read,padel-treviso,availability,48 half hours
2026-09-29 16:00,read,altino-sport-village,availability,8 half hours
2026-09-29 16:00,read,barchessa-pickleball,availability,12 half hours
2026-09-29 16:00,read,h-farm-campus,availability,4 half hours
2026-09-29 16:00,read,sph-treviso-sporting,availability,28 half hours
2026-09-29 16:00,read,marina-sporting,availability,8 half hours
2026-09-29 18:04,read,sporting-club-mestre,club page,URLError: <urlopen error [Errno 11001] getaddrinfo failed>
2026-09-29 18:04,read,padel-by-fitup-di-zero-branco,club page,URLError: <urlopen error [Errno 11001] getaddrinfo failed>
2026-09-29 18:04,read,aquafit-padel,club page,URLError: <urlopen error [Errno 11001] getaddrinfo failed>
2026-09-29 18:04,read,sph-venezia,club page,URLError: <urlopen error [Errno 11001] getaddrinfo failed>
2026-09-29 18:04,read,padel-treviso,club page,URLError: <urlopen error [Errno 11001] getaddrinfo failed>
2026-09-29 18:04,read,altino-sport-village,availability,8 half hours
2026-09-29 18:04,read,barchessa-pickleball,availability,12 half hours
2026-09-29 18:04,read,h-farm-campus,availability,8 half hours
2026-09-29 18:04,read,sph-treviso-sporting,availability,28 half hours
2026-09-29 18:04,read,marina-sporting,availability,8 half hours
2026-09-29 21:45,read,sporting-club-mestre,club page,URLError: <urlopen error [Errno 11001] getaddrinfo failed>
2026-09-29 21:45,read,padel-by-fitup-di-zero-branco,club page,URLError: <urlopen error [Errno 11001] getaddrinfo failed>
2026-09-29 21:45,read,aquafit-padel,availability,8 half hours
2026-09-29 21:45,read,sph-venezia,availability,15 half hours
2026-09-29 21:45,read,padel-treviso,availability,48 half hours
2026-09-29 21:45,read,altino-sport-village,availability,6 half hours
2026-09-29 21:45,read,barchessa-pickleball,availability,3 half hours
2026-09-29 21:45,read,h-farm-campus,availability,closed now or no slots
2026-09-29 21:45,read,sph-treviso-sporting,availability,14 half hours
2026-09-29 21:45,read,marina-sporting,availability,closed now or no slots
2026-09-29 21:45,lead,sporting-club-mestre,club page,URLError: <urlopen error [Errno 11001] getaddrinfo failed>
2026-09-29 21:45,lead,padel-by-fitup-di-zero-branco,club page,URLError: <urlopen error [Errno 11001] getaddrinfo failed>
2026-09-29 21:45,lead,aquafit-padel,availability,308 half hours
2026-09-29 21:45,lead,sph-venezia,availability,870 half hours
2026-09-29 21:45,lead,padel-treviso,availability,1968 half hours
2026-09-29 21:45,lead,altino-sport-village,availability,328 half hours
2026-09-29 21:45,lead,barchessa-pickleball,availability,486 half hours
2026-09-29 21:45,lead,h-farm-campus,availability,184 half hours
2026-09-29 21:45,lead,sph-treviso-sporting,availability,1190 half hours
2026-09-29 21:45,lead,marina-sporting,availability,336 half hours
2026-09-29 23:30,read,sporting-club-mestre,club page,URLError: <urlopen error [Errno 11001] getaddrinfo failed>
2026-09-29 23:30,read,padel-by-fitup-di-zero-branco,club page,URLError: <urlopen error [Errno 11001] getaddrinfo failed>
2026-09-29 23:30,read,aquafit-padel,club page,URLError: <urlopen error [Errno 11001] getaddrinfo failed>
2026-09-29 23:30,read,sph-venezia,club page,URLError: <urlopen error [Errno 11001] getaddrinfo failed>
2026-09-29 23:30,read,padel-treviso,club page,URLError: <urlopen error [Errno 11001] getaddrinfo failed>
2026-09-29 23:30,read,altino-sport-village,club page,URLError: <urlopen error [Errno 11001] getaddrinfo failed>
2026-09-29 23:30,read,barchessa-pickleball,club page,URLError: <urlopen error [Errno 11001] getaddrinfo failed>
2026-09-29 23:30,read,h-farm-campus,club page,URLError: <urlopen error [Errno 11001] getaddrinfo failed>
2026-09-29 23:30,read,sph-treviso-sporting,club page,URLError: <urlopen error [Errno 11001] getaddrinfo failed>
2026-09-29 23:30,read,marina-sporting,club page,URLError: <urlopen error [Errno 11001] getaddrinfo failed>
2026-09-30 00:00,read,sporting-club-mestre,availability,closed now or no slots
2026-09-30 00:00,read,padel-by-fitup-di-zero-branco,availability,closed now or no slots
2026-09-30 00:00,read,aquafit-padel,availability,closed now or no slots
2026-09-30 00:00,read,sph-venezia,availability,closed now or no slots
2026-09-30 00:00,read,padel-treviso,availability,closed now or no slots
2026-09-30 00:00,read,altino-sport-village,availability,closed now or no slots
2026-09-30 00:00,read,barchessa-pickleball,availability,closed now or no slots
2026-09-30 00:00,read,h-farm-campus,availability,closed now or no slots
2026-09-30 00:00,read,sph-treviso-sporting,availability,closed now or no slots
2026-09-30 00:00,read,marina-sporting,availability,closed now or no slots
2026-09-30 10:00,read,sporting-club-mestre,availability,16 half hours
2026-09-30 10:00,read,padel-by-fitup-di-zero-branco,availability,4 half hours
2026-09-30 10:00,read,aquafit-padel,availability,8 half hours
2026-09-30 10:00,read,sph-venezia,availability,20 half hours
2026-09-30 10:00,read,padel-treviso,availability,48 half hours
2026-09-30 10:00,read,altino-sport-village,availability,8 half hours
2026-09-30 10:00,read,barchessa-pickleball,availability,12 half hours
2026-09-30 10:00,read,h-farm-campus,availability,closed now or no slots
2026-09-30 10:00,read,sph-treviso-sporting,availability,28 half hours
2026-09-30 10:00,read,marina-sporting,availability,8 half hours
