city,points,capacity
rome,281,16134
milan,168,7532
naples,123,5988
florence,73,3300
turin,53,2220
catania,42,1670
venice,41,2885
bari,40,2420
palermo,37,1640
bologna,35,1705
pisa,29,1435
cagliari,23,560
genoa,18,875
lucca,17,1050
verona,17,935
lecce,16,520
siena,16,527
syracuse,16,510
rimini,15,612
sorrento,14,895
salerno,13,475
alghero,12,410
la-spezia,12,540
mestre,12,625
perugia,12,258
pescara,12,295
trapani,11,815
bergamo,10,320
monopoli,10,260
pompei,10,450
reggio-calabria,10,680
bolzano,9,270
brindisi,9,665
ferrara,9,410
trento,9,295
matera,8,230
messina,8,240
modena,8,210
agrigento,7,250
aosta,7,525
brescia,7,105
como,7,230
monza,7,455
parma,7,120
polignano-a-mare,7,205
ravenna,7,195
savona,7,160
trieste,7,250
ancona,6,300
arezzo,6,185
caserta,6,230
civitavecchia,6,155
gallipoli,6,155
livorno,6,195
padua,6,285
ragusa,6,105
bressanone-brixen,5,110
cefalu,5,200
imola,5,425
noto,5,110
sassari,5,110
taranto,5,130
treviso,5,240
viareggio,5,185
assisi,4,120
caltanissetta,4,60
cosenza,4,150
cremona,4,175
giardini-naxos,4,105
ischia,4,160
lecco,4,80
olbia,4,290
pavia,4,85
porto-torres,4,200
rapallo,4,115
riccione,4,115
altamura,3,40
amalfi,3,115
castellammare-di-stabia,3,510
desenzano,3,125
donnalucata,3,40
la-maddalena,3,75
merano,3,45
milazzo,3,320
ostuni,3,200
pesaro,3,210
positano,3,60
prato,3,70
reggio-emilia,3,85
sirmione,3,150
tirano,3,70
vicenza,3,105
alberobello,2,55
asti,2,30
cervia,2,30
elba,2,40
finale-ligure,2,55
grosseto,2,50
jesolo,2,40
lamezia-terme,2,50
locorotondo,2,60
mantua,2,50
marsala,2,80
massa,2,40
novara,2,225
potenza,2,120
procida,2,350
rovereto,2,50
sanremo,2,40
sestri-levante,2,55
stromboli,2,40
taormina,2,70
tivoli,2,40
tropea,2,130
ventimiglia,2,150
alessandria,1,15
angri,1,50
avellino,1,100
avola,1,10
boscotrecase,1,100
camaiore,1,50
camogli,1,40
carovigno,1,10
castellammare-del-golfo,1,20
catanzaro,1,10
cecina,1,20
chiavari,1,20
chioggia,1,100
corigliano-calabro,1,10
cortina-d-ampezzo,1,65
courmayeur,1,100
crotone,1,20
forio-ischia,1,15
formia,1,10
gaeta,1,20
gorizia,1,25
gravina-in-puglia,1,50
isola-del-giglio,1,30
lampedusa,1,50
latina,1,200
maglie,1,10
martina-franca,1,10
mazara-del-vallo,1,10
mira,1,30
modica,1,10
otranto,1,100
palau,1,20
paola,1,10
peschiera-del-garda,1,35
piacenza,1,25
pistoia,1,25
pizzo-calabro,1,20
ponza,1,20
portici,1,50
rho,1,20
riomaggiore,1,35
rivoli,1,20
rovigo,1,20
san-teodoro,1,45
san-vito-lo-capo,1,50
scicli,1,10
terni,1,300
trani,1,50
varese,1,20
vasto,1,10
vico-del-gargano,1,10
vigevano,1,20
villasimius,1,10
viterbo,1,30
