day,city,points,capacity,peak,peak_pct,carry_in,bags_in,deposits
2026-09-23,agrigento,6,220,0,0.0,0,0,0.0
2026-09-23,alessandria,1,15,0,0.0,0,0,0.0
2026-09-23,ancona,4,230,2,0.9,2,0,1.0
2026-09-23,aosta,3,175,3,1.7,3,0,1.5
2026-09-23,arezzo,6,185,2,1.1,2,0,1.0
2026-09-23,asti,2,30,0,0.0,0,0,0.0
2026-09-23,bari,37,2330,14,0.6,14,0,7.0
2026-09-23,bergamo,8,255,6,2.4,6,0,3.0
2026-09-23,bologna,33,1675,13,0.8,13,0,6.5
2026-09-23,bolzano,9,270,31,11.5,31,0,15.5
2026-09-23,brescia,3,50,0,0.0,0,0,0.0
2026-09-23,brindisi,8,565,4,0.7,4,0,2.0
2026-09-23,cagliari,17,350,8,2.3,8,0,4.0
2026-09-23,caltanissetta,3,50,0,0.0,0,0,0.0
2026-09-23,carrara,1,20,0,0.0,0,0,0.0
2026-09-23,caserta,6,230,0,0.0,0,0,0.0
2026-09-23,catania,38,1580,20,1.3,20,0,10.0
2026-09-23,catanzaro,1,10,0,0.0,0,0,0.0
2026-09-23,chieti,1,20,0,0.0,0,0,0.0
2026-09-23,como,5,155,8,5.2,8,0,4.0
2026-09-23,cosenza,4,150,0,0.0,0,0,0.0
2026-09-23,cremona,3,75,0,0.0,0,0,0.0
2026-09-23,fermo,1,10,1,10.0,1,0,0.5
2026-09-23,ferrara,9,410,2,0.5,2,0,1.0
2026-09-23,florence,61,2605,39,1.5,39,0,19.5
2026-09-23,genoa,12,530,1,0.2,1,0,0.5
2026-09-23,gorizia,1,25,0,0.0,0,0,0.0
2026-09-23,grosseto,1,20,0,0.0,0,0,0.0
2026-09-23,la-spezia,9,430,1,0.2,1,0,0.5
2026-09-23,lecce,14,475,1,0.2,1,0,0.5
2026-09-23,lecco,3,60,0,0.0,0,0,0.0
2026-09-23,livorno,5,175,0,0.0,0,0,0.0
2026-09-23,lucca,10,845,0,0.0,0,0,0.0
2026-09-23,macerata,1,10,0,0.0,0,0,0.0
2026-09-23,massa,1,20,0,0.0,0,0,0.0
2026-09-23,matera,8,230,0,0.0,0,0,0.0
2026-09-23,messina,7,210,0,0.0,0,0,0.0
2026-09-23,milan,130,5681,123,2.2,121,2,61.5
2026-09-23,modena,7,170,12,7.1,12,0,6.0
2026-09-23,monza,5,405,0,0.0,0,0,0.0
2026-09-23,naples,95,4683,33,0.7,33,0,16.5
2026-09-23,novara,1,25,0,0.0,0,0,0.0
2026-09-23,olbia,2,155,15,9.7,15,0,7.5
2026-09-23,padua,5,235,1,0.4,1,0,0.5
2026-09-23,palermo,25,1062,14,1.3,14,0,7.0
2026-09-23,parma,6,100,0,0.0,0,0,0.0
2026-09-23,pavia,3,60,0,0.0,0,0,0.0
2026-09-23,perugia,10,220,3,1.4,3,0,1.5
2026-09-23,pesaro,4,240,0,0.0,0,0,0.0
2026-09-23,pescara,10,225,0,0.0,0,0,0.0
2026-09-23,piacenza,1,25,0,0.0,0,0,0.0
2026-09-23,pisa,22,1130,3,0.3,3,0,1.5
2026-09-23,pistoia,1,25,0,0.0,0,0,0.0
2026-09-23,potenza,2,120,0,0.0,0,0,0.0
2026-09-23,prato,3,70,0,0.0,0,0,0.0
2026-09-23,ragusa,5,95,0,0.0,0,0,0.0
2026-09-23,ravenna,5,130,0,0.0,0,0,0.0
2026-09-23,reggio-calabria,5,280,2,0.7,2,0,1.0
2026-09-23,reggio-emilia,2,75,0,0.0,0,0,0.0
2026-09-23,rimini,14,602,0,0.0,0,0,0.0
2026-09-23,rome,197,11125,162,1.5,150,12,81.0
2026-09-23,rovigo,1,20,0,0.0,0,0,0.0
2026-09-23,salerno,11,425,3,0.7,3,0,1.5
2026-09-23,sassari,2,40,0,0.0,0,0,0.0
2026-09-23,savona,4,70,4,5.7,4,0,2.0
2026-09-23,siena,13,462,2,0.4,2,0,1.0
2026-09-23,syracuse,8,240,2,0.8,2,0,1.0
2026-09-23,taranto,4,110,0,0.0,0,0,0.0
2026-09-23,trani,1,50,0,0.0,0,0,0.0
2026-09-23,trapani,9,685,4,0.6,4,0,2.0
2026-09-23,trento,8,255,2,0.8,2,0,1.0
2026-09-23,treviso,4,215,8,3.7,8,0,4.0
2026-09-23,trieste,6,200,4,2.0,4,0,2.0
2026-09-23,turin,44,1925,11,0.6,11,0,5.5
2026-09-23,udine,1,20,1,5.0,1,0,0.5
2026-09-23,venice,26,1740,57,3.3,57,0,28.5
2026-09-23,vercelli,1,20,0,0.0,0,0,0.0
2026-09-23,verona,10,680,0,0.0,0,0,0.0
2026-09-23,vicenza,3,105,0,0.0,0,0,0.0
2026-09-24,agrigento,6,220,0,0.0,0,0,0.0
2026-09-24,ancona,5,280,0,0.0,0,0,0.0
2026-09-24,aosta,5,205,3,1.5,1,2,1.5
2026-09-24,arezzo,6,185,2,1.1,2,0,1.0
2026-09-24,asti,2,30,0,0.0,0,0,0.0
2026-09-24,avellino,1,100,0,0.0,0,0,0.0
2026-09-24,bari,38,2355,20,0.8,10,10,10.0
2026-09-24,bergamo,10,320,18,5.6,9,9,9.0
2026-09-24,bologna,33,1675,72,4.3,45,27,36.0
2026-09-24,bolzano,9,270,51,18.9,44,7,25.5
2026-09-24,brescia,6,95,3,3.2,1,2,1.5
2026-09-24,brindisi,8,565,15,2.7,1,14,7.5
2026-09-24,cagliari,20,490,11,2.2,4,7,5.5
2026-09-24,caltanissetta,4,60,0,0.0,0,0,0.0
2026-09-24,carrara,1,20,0,0.0,0,0,0.0
2026-09-24,caserta,6,230,2,0.9,2,0,1.0
2026-09-24,catania,41,1620,25,1.5,6,19,12.5
2026-09-24,catanzaro,1,10,0,0.0,0,0,0.0
2026-09-24,chieti,1,20,0,0.0,0,0,0.0
2026-09-24,como,7,230,11,4.8,4,7,5.5
2026-09-24,cosenza,4,150,0,0.0,0,0,0.0
2026-09-24,cremona,4,175,0,0.0,0,0,0.0
2026-09-24,crotone,1,20,0,0.0,0,0,0.0
2026-09-24,fermo,1,10,1,10.0,1,0,0.5
2026-09-24,ferrara,8,385,10,2.6,0,10,5.0
2026-09-24,florence,68,3160,126,4.0,53,80,66.5
2026-09-24,genoa,18,875,5,0.6,2,3,2.5
2026-09-24,gorizia,1,25,0,0.0,0,0,0.0
2026-09-24,grosseto,2,50,0,0.0,0,0,0.0
2026-09-24,la-spezia,12,540,11,2.0,0,11,5.5
2026-09-24,latina,1,200,0,0.0,0,0,0.0
2026-09-24,lecce,14,475,11,2.3,1,10,5.5
2026-09-24,lecco,4,80,1,1.2,1,0,0.5
2026-09-24,livorno,6,195,0,0.0,0,0,0.0
2026-09-24,lucca,17,1050,14,1.3,0,14,7.0
2026-09-24,macerata,1,10,0,0.0,0,0,0.0
2026-09-24,mantua,1,25,11,44.0,0,11,5.5
2026-09-24,massa,2,40,0,0.0,0,0,0.0
2026-09-24,matera,8,230,8,3.5,8,0,4.0
2026-09-24,messina,8,240,2,0.8,0,2,1.0
2026-09-24,milan,152,6641,255,3.8,102,153,127.5
2026-09-24,modena,7,170,11,6.5,5,6,5.5
2026-09-24,monza,5,405,0,0.0,0,0,0.0
2026-09-24,naples,114,5648,93,1.6,53,40,46.5
2026-09-24,novara,2,225,1,0.4,1,0,0.5
2026-09-24,olbia,2,155,18,11.6,9,9,9.0
2026-09-24,padua,6,285,11,3.9,3,8,5.5
2026-09-24,palermo,31,1362,67,4.9,34,33,33.5
2026-09-24,parma,7,120,0,0.0,0,0,0.0
2026-09-24,pavia,4,85,2,2.4,2,0,1.0
2026-09-24,perugia,10,220,14,6.4,6,8,7.0
2026-09-24,pesaro,4,240,2,0.8,2,0,1.0
2026-09-24,pescara,10,245,5,2.0,3,2,2.5
2026-09-24,piacenza,1,25,0,0.0,0,0,0.0
2026-09-24,pisa,25,1305,65,5.0,30,35,32.5
2026-09-24,pistoia,1,25,1,4.0,1,0,0.5
2026-09-24,potenza,2,120,0,0.0,0,0,0.0
2026-09-24,prato,3,70,0,0.0,0,0,0.0
2026-09-24,ragusa,5,95,0,0.0,0,0,0.0
2026-09-24,ravenna,6,150,4,2.7,2,2,2.0
2026-09-24,reggio-calabria,8,630,0,0.0,0,0,0.0
2026-09-24,reggio-emilia,3,85,0,0.0,0,0,0.0
2026-09-24,rimini,15,612,0,0.0,0,0,0.0
2026-09-24,rome,253,14259,440,3.1,241,201,221.0
2026-09-24,rovigo,1,20,0,0.0,0,0,0.0
2026-09-24,salerno,12,455,23,5.1,3,20,11.5
2026-09-24,sassari,4,90,0,0.0,0,0,0.0
2026-09-24,savona,6,140,0,0.0,0,0,0.0
2026-09-24,siena,15,502,6,1.2,1,5,3.0
2026-09-24,syracuse,15,490,7,1.4,3,4,3.5
2026-09-24,taranto,4,110,0,0.0,0,0,0.0
2026-09-24,terni,1,300,0,0.0,0,0,0.0
2026-09-24,trani,1,50,0,0.0,0,0,0.0
2026-09-24,trapani,11,815,2,0.2,2,0,1.0
2026-09-24,trento,9,295,11,3.7,4,7,5.5
2026-09-24,treviso,5,240,11,4.6,8,3,5.5
2026-09-24,trieste,6,190,29,15.3,7,22,14.5
2026-09-24,turin,49,2035,38,1.9,20,18,19.0
2026-09-24,udine,2,40,1,2.5,1,0,0.5
2026-09-24,varese,1,20,0,0.0,0,0,0.0
2026-09-24,venice,36,2530,139,5.5,92,47,69.5
2026-09-24,vercelli,1,20,0,0.0,0,0,0.0
2026-09-24,verona,14,845,21,2.5,20,1,10.5
2026-09-24,vicenza,3,105,13,12.4,0,13,6.5
2026-09-25,agrigento,6,220,0,0.0,0,0,0.0
2026-09-25,alessandria,1,15,0,0.0,0,0,0.0
2026-09-25,ancona,5,280,0,0.0,0,0,0.0
2026-09-25,aosta,5,205,5,2.4,1,4,2.5
2026-09-25,arezzo,6,185,6,3.2,4,2,3.0
2026-09-25,asti,2,30,0,0.0,0,0,0.0
2026-09-25,avellino,1,100,0,0.0,0,0,0.0
2026-09-25,bari,39,2370,158,6.7,148,10,79.0
2026-09-25,bergamo,10,320,57,17.8,57,0,28.5
2026-09-25,bologna,33,1675,177,10.6,169,8,88.5
2026-09-25,bolzano,9,270,30,11.1,30,6,18.0
2026-09-25,brescia,7,105,1,1.0,1,0,0.5
2026-09-25,brindisi,8,565,48,8.5,39,10,24.5
2026-09-25,cagliari,19,390,11,2.8,9,2,5.5
2026-09-25,caltanissetta,4,60,0,0.0,0,0,0.0
2026-09-25,carrara,1,20,0,0.0,0,0,0.0
2026-09-25,caserta,6,230,3,1.3,0,3,1.5
2026-09-25,catania,41,1620,36,2.2,15,21,18.0
2026-09-25,catanzaro,1,10,0,0.0,0,0,0.0
2026-09-25,chieti,1,20,0,0.0,0,0,0.0
2026-09-25,como,7,230,33,14.3,15,19,17.0
2026-09-25,cosenza,4,150,0,0.0,0,0,0.0
2026-09-25,cremona,4,175,0,0.0,0,0,0.0
2026-09-25,crotone,1,20,0,0.0,0,0,0.0
2026-09-25,fermo,1,10,2,20.0,0,2,1.0
2026-09-25,ferrara,9,410,34,8.3,30,4,17.0
2026-09-25,florence,68,3160,136,4.3,91,45,68.0
2026-09-25,genoa,18,875,34,3.9,34,0,17.0
2026-09-25,grosseto,2,50,0,0.0,0,0,0.0
2026-09-25,la-spezia,11,500,5,1.0,5,0,2.5
2026-09-25,latina,1,200,0,0.0,0,0,0.0
2026-09-25,lecce,14,475,48,10.1,25,24,24.5
2026-09-25,lecco,4,80,3,3.8,3,0,1.5
2026-09-25,livorno,6,195,2,1.0,0,2,1.0
2026-09-25,lucca,17,1050,7,0.7,4,3,3.5
2026-09-25,macerata,1,10,0,0.0,0,0,0.0
2026-09-25,mantua,1,25,2,8.0,0,2,1.0
2026-09-25,massa,1,20,0,0.0,0,0,0.0
2026-09-25,matera,8,230,4,1.7,0,4,2.0
2026-09-25,messina,8,240,1,0.4,0,1,0.5
2026-09-25,milan,153,6801,444,6.5,306,151,228.5
2026-09-25,modena,8,210,6,2.9,5,1,3.0
2026-09-25,monza,5,405,19,4.7,19,2,10.5
2026-09-25,naples,115,5678,136,2.4,104,32,68.0
2026-09-25,novara,2,225,2,0.9,0,2,1.0
2026-09-25,olbia,2,155,24,15.5,9,16,12.5
2026-09-25,padua,6,285,13,4.6,4,9,6.5
2026-09-25,palermo,32,1407,63,4.5,33,30,31.5
2026-09-25,parma,7,120,2,1.7,0,2,1.0
2026-09-25,pavia,4,85,0,0.0,0,0,0.0
2026-09-25,perugia,9,210,15,7.1,2,13,7.5
2026-09-25,pesaro,4,240,200,83.3,200,0,100.0
2026-09-25,pescara,11,275,13,4.7,13,0,6.5
2026-09-25,piacenza,1,25,25,100.0,25,0,12.5
2026-09-25,pisa,27,1355,49,3.6,42,9,25.5
2026-09-25,pistoia,1,25,0,0.0,0,0,0.0
2026-09-25,potenza,2,120,0,0.0,0,0,0.0
2026-09-25,prato,3,70,0,0.0,0,0,0.0
2026-09-25,ragusa,6,105,0,0.0,0,0,0.0
2026-09-25,ravenna,6,150,2,1.3,0,2,1.0
2026-09-25,reggio-calabria,9,660,1,0.2,0,1,0.5
2026-09-25,reggio-emilia,3,85,0,0.0,0,0,0.0
2026-09-25,rimini,15,612,0,0.0,0,0,0.0
2026-09-25,rome,254,14524,614,4.2,439,210,324.5
2026-09-25,rovigo,1,20,0,0.0,0,0,0.0
2026-09-25,salerno,13,475,31,6.5,19,12,15.5
2026-09-25,sassari,2,40,4,10.0,0,5,2.5
2026-09-25,savona,6,140,0,0.0,0,0,0.0
2026-09-25,siena,15,502,3,0.6,3,3,3.0
2026-09-25,syracuse,13,450,10,2.2,10,0,5.0
2026-09-25,taranto,4,110,0,0.0,0,0,0.0
2026-09-25,terni,1,300,0,0.0,0,0,0.0
2026-09-25,trani,1,50,0,0.0,0,0,0.0
2026-09-25,trapani,10,515,1,0.2,0,1,0.5
2026-09-25,trento,9,295,63,21.4,60,3,31.5
2026-09-25,treviso,5,240,24,10.0,5,19,12.0
2026-09-25,trieste,7,250,23,9.2,14,9,11.5
2026-09-25,turin,51,2115,86,4.1,46,40,43.0
2026-09-25,udine,2,40,3,7.5,3,0,1.5
2026-09-25,varese,1,20,0,0.0,0,0,0.0
2026-09-25,venice,34,2435,148,6.1,111,39,75.0
2026-09-25,vercelli,1,20,0,0.0,0,0,0.0
2026-09-25,verona,14,845,30,3.6,28,2,15.0
2026-09-25,vicenza,3,105,10,9.5,10,3,6.5
2026-09-26,agrigento,6,220,0,0.0,0,0,0.0
2026-09-26,alessandria,1,15,0,0.0,0,0,0.0
2026-09-26,ancona,5,280,4,1.4,0,5,2.5
2026-09-26,aosta,6,225,2,0.9,1,2,1.5
2026-09-26,arezzo,5,170,38,22.4,1,39,20.0
2026-09-26,asti,2,30,15,50.0,0,15,7.5
2026-09-26,avellino,1,100,0,0.0,0,0,0.0
2026-09-26,bari,35,1980,99,5.0,7,105,56.0
2026-09-26,bergamo,10,320,13,4.1,2,11,6.5
2026-09-26,bologna,31,1545,100,6.5,22,86,54.0
2026-09-26,bolzano,9,270,31,11.5,21,13,17.0
2026-09-26,brescia,6,95,2,2.1,2,0,1.0
2026-09-26,brindisi,7,515,59,11.5,2,59,30.5
2026-09-26,cagliari,18,370,25,6.8,7,20,13.5
2026-09-26,caltanissetta,3,50,0,0.0,0,0,0.0
2026-09-26,carrara,1,20,0,0.0,0,0,0.0
2026-09-26,caserta,6,230,0,0.0,0,0,0.0
2026-09-26,catania,38,1560,57,3.7,5,58,31.5
2026-09-26,catanzaro,1,10,0,0.0,0,0,0.0
2026-09-26,chieti,1,20,0,0.0,0,0,0.0
2026-09-26,como,7,230,28,12.2,1,27,14.0
2026-09-26,cosenza,3,90,0,0.0,0,0,0.0
2026-09-26,cremona,3,75,0,0.0,0,0,0.0
2026-09-26,fermo,1,10,10,100.0,0,10,5.0
2026-09-26,ferrara,9,410,10,2.4,2,8,5.0
2026-09-26,florence,63,2970,164,5.5,21,160,90.5
2026-09-26,genoa,18,875,11,1.3,1,11,6.0
2026-09-26,grosseto,2,50,0,0.0,0,0,0.0
2026-09-26,la-spezia,12,540,15,2.8,2,14,8.0
2026-09-26,lecce,13,425,9,2.1,1,11,6.0
2026-09-26,lecco,3,60,2,3.3,0,4,2.0
2026-09-26,livorno,6,195,3,1.5,0,3,1.5
2026-09-26,lucca,13,940,19,2.0,1,18,9.5
2026-09-26,macerata,1,10,0,0.0,0,0,0.0
2026-09-26,mantua,1,25,0,0.0,0,0,0.0
2026-09-26,massa,1,20,2,10.0,0,2,1.0
2026-09-26,matera,7,180,1,0.6,0,2,1.0
2026-09-26,messina,7,140,4,2.9,0,5,2.5
2026-09-26,milan,146,6556,394,6.0,81,383,232.0
2026-09-26,modena,8,210,9,4.3,0,15,7.5
2026-09-26,monza,5,405,1,0.2,1,0,0.5
2026-09-26,naples,102,5008,155,3.1,29,159,94.0
2026-09-26,novara,2,225,0,0.0,0,0,0.0
2026-09-26,olbia,2,155,22,14.2,8,19,13.5
2026-09-26,padua,6,285,3,1.1,2,2,2.0
2026-09-26,palermo,28,1150,177,15.4,16,190,103.0
2026-09-26,parma,7,120,0,0.0,0,0,0.0
2026-09-26,pavia,3,60,0,0.0,0,0,0.0
2026-09-26,perugia,8,180,9,5.0,8,2,5.0
2026-09-26,pesaro,3,210,0,0.0,0,0,0.0
2026-09-26,pescara,9,195,4,2.1,1,3,2.0
2026-09-26,piacenza,1,25,0,0.0,0,0,0.0
2026-09-26,pisa,27,1355,55,4.1,8,53,30.5
2026-09-26,pistoia,1,25,0,0.0,0,0,0.0
2026-09-26,potenza,2,120,0,0.0,0,0,0.0
2026-09-26,prato,3,70,0,0.0,0,0,0.0
2026-09-26,ragusa,5,95,0,0.0,0,0,0.0
2026-09-26,ravenna,6,150,13,8.7,0,13,6.5
2026-09-26,reggio-calabria,8,640,52,8.1,0,52,26.0
2026-09-26,reggio-emilia,2,75,0,0.0,0,0,0.0
2026-09-26,rimini,14,602,3,0.5,0,3,1.5
2026-09-26,rome,231,12704,612,4.8,147,545,346.0
2026-09-26,rovigo,1,20,0,0.0,0,0,0.0
2026-09-26,salerno,12,455,22,4.8,9,17,13.0
2026-09-26,sassari,3,60,1,1.7,1,0,0.5
2026-09-26,savona,6,140,9,6.4,0,13,6.5
2026-09-26,siena,13,452,26,5.8,17,15,16.0
2026-09-26,syracuse,14,460,18,3.9,1,21,11.0
2026-09-26,taranto,4,110,0,0.0,0,0,0.0
2026-09-26,terni,1,300,0,0.0,0,0,0.0
2026-09-26,trani,1,50,0,0.0,0,0,0.0
2026-09-26,trapani,11,815,4,0.5,0,8,4.0
2026-09-26,trento,9,295,42,14.2,0,43,21.5
2026-09-26,treviso,5,240,12,5.0,3,10,6.5
2026-09-26,trieste,6,210,4,1.9,0,4,2.0
2026-09-26,turin,45,1810,111,6.1,23,99,61.0
2026-09-26,udine,2,40,0,0.0,0,0,0.0
2026-09-26,venice,33,2425,226,9.3,32,215,123.5
2026-09-26,vercelli,1,20,0,0.0,0,0,0.0
2026-09-26,verona,11,485,59,12.2,14,45,29.5
2026-09-26,vicenza,3,105,7,6.7,0,7,3.5
2026-09-27,agrigento,1,50,0,0.0,0,0,0.0
2026-09-27,alessandria,1,15,0,0.0,0,0,0.0
2026-09-27,alghero,2,70,4,5.7,4,0,2.0
2026-09-27,altamura,1,20,0,0.0,0,0,0.0
2026-09-27,ancona,1,100,4,4.0,0,4,2.0
2026-09-27,aosta,4,195,1,0.5,1,0,0.5
2026-09-27,arezzo,2,65,14,21.5,2,12,7.0
2026-09-27,assisi,2,50,0,0.0,0,0,0.0
2026-09-27,asti,1,15,0,0.0,0,0,0.0
2026-09-27,bari,25,1620,45,2.8,13,32,22.5
2026-09-27,bergamo,6,200,18,9.0,2,16,9.0
2026-09-27,bologna,19,990,81,8.2,17,67,42.0
2026-09-27,bolzano,7,220,31,14.1,30,1,15.5
2026-09-27,brescia,3,50,0,0.0,0,0,0.0
2026-09-27,brindisi,1,70,27,38.6,1,26,13.5
2026-09-27,cagliari,12,265,14,5.3,0,14,7.0
2026-09-27,caltanissetta,3,50,10,20.0,0,10,5.0
2026-09-27,caserta,3,150,6,4.0,4,2,3.0
2026-09-27,catania,25,1120,96,8.6,8,88,48.0
2026-09-27,cefalu,1,35,3,8.6,3,0,1.5
2026-09-27,cervia,2,30,1,3.3,1,0,0.5
2026-09-27,chiavari,1,20,0,0.0,0,0,0.0
2026-09-27,chieti,1,20,0,0.0,0,0,0.0
2026-09-27,civitavecchia,2,50,0,0.0,0,0,0.0
2026-09-27,como,6,195,19,9.7,12,7,9.5
2026-09-27,cosenza,2,50,0,0.0,0,0,0.0
2026-09-27,cremona,3,160,30,18.8,0,30,15.0
2026-09-27,donnalucata,2,20,0,0.0,0,0,0.0
2026-09-27,elba,2,40,0,0.0,0,0,0.0
2026-09-27,fermo,1,10,0,0.0,0,0,0.0
2026-09-27,ferrara,4,215,3,1.4,0,3,1.5
2026-09-27,florence,46,1940,198,10.2,35,170,102.5
2026-09-27,gaeta,1,20,0,0.0,0,0,0.0
2026-09-27,gallipoli,1,20,0,0.0,0,0,0.0
2026-09-27,genoa,10,655,10,1.5,2,8,5.0
2026-09-27,imola,2,210,0,0.0,0,0,0.0
2026-09-27,jesolo,1,20,0,0.0,0,0,0.0
2026-09-27,la-spezia,9,360,27,7.5,9,19,14.0
2026-09-27,lamezia-terme,1,30,0,0.0,0,0,0.0
2026-09-27,lecce,8,235,14,6.0,0,17,8.5
2026-09-27,lecco,3,60,0,0.0,0,0,0.0
2026-09-27,livorno,2,75,7,9.3,0,7,3.5
2026-09-27,lucca,8,660,15,2.3,0,15,7.5
2026-09-27,massa,1,20,0,0.0,0,0,0.0
2026-09-27,matera,5,150,23,15.3,2,21,11.5
2026-09-27,mazara-del-vallo,1,10,0,0.0,0,0,0.0
2026-09-27,messina,3,35,0,0.0,0,0,0.0
2026-09-27,mestre,2,400,8,2.0,8,0,4.0
2026-09-27,milan,102,4996,844,16.9,144,742,443.0
2026-09-27,milazzo,1,200,0,0.0,0,0,0.0
2026-09-27,modena,4,135,8,5.9,3,5,4.0
2026-09-27,modica,1,10,0,0.0,0,0,0.0
2026-09-27,monza,5,405,10,2.5,1,9,5.0
2026-09-27,naples,60,3393,151,4.5,26,127,76.5
2026-09-27,novara,1,25,7,28.0,0,7,3.5
2026-09-27,olbia,1,100,15,15.0,3,12,7.5
2026-09-27,ostuni,3,200,2,1.0,2,0,1.0
2026-09-27,padua,4,210,20,9.5,4,16,10.0
2026-09-27,palermo,14,590,119,20.2,9,114,61.5
2026-09-27,parma,3,50,1,2.0,0,1,0.5
2026-09-27,pavia,1,20,1,5.0,0,1,0.5
2026-09-27,perugia,2,50,3,6.0,0,3,1.5
2026-09-27,pesaro,2,200,4,2.0,2,2,2.0
2026-09-27,pescara,6,135,7,5.2,0,7,3.5
2026-09-27,piacenza,1,25,0,0.0,0,0,0.0
2026-09-27,pisa,21,1075,43,4.0,4,45,24.5
2026-09-27,pistoia,1,25,0,0.0,0,0,0.0
2026-09-27,polignano-a-mare,2,50,2,4.0,2,0,1.0
2026-09-27,pompei,1,10,0,0.0,0,0,0.0
2026-09-27,potenza,1,100,0,0.0,0,0,0.0
2026-09-27,prato,2,50,0,0.0,0,0,0.0
2026-09-27,ragusa,5,95,0,0.0,0,0,0.0
2026-09-27,rapallo,1,30,0,0.0,0,0,0.0
2026-09-27,ravenna,5,110,9,8.2,0,9,4.5
2026-09-27,reggio-calabria,2,100,52,52.0,0,52,26.0
2026-09-27,reggio-emilia,1,65,2,3.1,0,2,1.0
2026-09-27,riccione,3,105,0,0.0,0,0,0.0
2026-09-27,rimini,10,557,6,1.1,0,6,3.0
2026-09-27,riomaggiore,1,35,0,0.0,0,0,0.0
2026-09-27,rome,183,11070,856,7.7,207,698,452.5
2026-09-27,rovigo,1,20,0,0.0,0,0,0.0
2026-09-27,salerno,8,285,46,16.1,0,49,24.5
2026-09-27,sanremo,1,20,1,5.0,1,0,0.5
2026-09-27,sassari,1,20,2,10.0,1,2,1.5
2026-09-27,savona,2,40,21,52.5,2,19,10.5
2026-09-27,scicli,1,10,0,0.0,0,0,0.0
2026-09-27,sestri-levante,2,55,0,0.0,0,0,0.0
2026-09-27,siena,8,247,9,3.6,2,7,4.5
2026-09-27,sorrento,2,50,0,0.0,0,0,0.0
2026-09-27,stromboli,1,20,0,0.0,0,0,0.0
2026-09-27,syracuse,11,330,21,6.4,1,20,10.5
2026-09-27,taormina,1,20,0,0.0,0,0,0.0
2026-09-27,taranto,2,60,0,0.0,0,0,0.0
2026-09-27,tirano,1,40,1,2.5,1,0,0.5
2026-09-27,trani,1,50,50,100.0,0,50,25.0
2026-09-27,trapani,6,245,6,2.4,1,5,3.0
2026-09-27,trento,5,160,3,1.9,0,3,1.5
2026-09-27,treviso,2,95,15,15.8,0,15,7.5
2026-09-27,trieste,3,125,14,11.2,5,9,7.0
2026-09-27,turin,21,1230,121,9.8,22,102,62.0
2026-09-27,udine,2,40,3,7.5,2,1,1.5
2026-09-27,venice,20,1860,246,13.2,54,195,124.5
2026-09-27,ventimiglia,1,50,0,0.0,0,0,0.0
2026-09-27,vercelli,1,20,0,0.0,0,0,0.0
2026-09-27,verona,6,280,77,27.5,8,69,38.5
2026-09-27,viareggio,1,30,0,0.0,0,0,0.0
2026-09-27,vicenza,2,70,11,15.7,3,8,5.5
2026-09-27,vigevano,1,20,0,0.0,0,0,0.0
2026-09-28,agrigento,6,220,2,0.9,0,2,1.0
2026-09-28,alberobello,2,55,0,0.0,0,0,0.0
2026-09-28,alessandria,1,15,0,0.0,0,0,0.0
2026-09-28,alghero,9,270,8,3.0,7,1,4.0
2026-09-28,altamura,3,40,0,0.0,0,0,0.0
2026-09-28,amalfi,3,115,7,6.1,4,3,3.5
2026-09-28,ancona,5,280,0,0.0,0,0,0.0
2026-09-28,angri,1,50,0,0.0,0,0,0.0
2026-09-28,aosta,6,225,4,1.8,0,4,2.0
2026-09-28,arezzo,6,185,2,1.1,1,1,1.0
2026-09-28,assisi,4,120,4,3.3,0,4,2.0
2026-09-28,asti,2,30,0,0.0,0,0,0.0
2026-09-28,avellino,1,100,0,0.0,0,0,0.0
2026-09-28,avola,1,10,0,0.0,0,0,0.0
2026-09-28,bari,39,2370,60,2.5,9,51,30.0
2026-09-28,bergamo,8,270,15,5.6,2,13,7.5
2026-09-28,bologna,30,1595,73,4.6,12,65,38.5
2026-09-28,bolzano,9,270,23,8.5,8,15,11.5
2026-09-28,boscotrecase,1,100,0,0.0,0,0,0.0
2026-09-28,brescia,7,105,1,1.0,0,1,0.5
2026-09-28,bressanone-brixen,5,110,15,13.6,8,7,7.5
2026-09-28,brindisi,8,565,36,6.4,0,38,19.0
2026-09-28,cagliari,19,470,4,0.9,0,4,2.0
2026-09-28,caltanissetta,4,60,0,0.0,0,0,0.0
2026-09-28,camaiore,1,50,0,0.0,0,0,0.0
2026-09-28,camogli,1,40,40,100.0,0,40,20.0
2026-09-28,caserta,6,230,2,0.9,0,2,1.0
2026-09-28,castellammare-del-golfo,1,20,0,0.0,0,0,0.0
2026-09-28,castellammare-di-stabia,3,510,0,0.0,0,0,0.0
2026-09-28,catania,40,1600,24,1.5,1,24,12.5
2026-09-28,catanzaro,1,10,0,0.0,0,0,0.0
2026-09-28,cecina,1,20,0,0.0,0,0,0.0
2026-09-28,cefalu,5,200,15,7.5,8,7,7.5
2026-09-28,cervia,2,30,2,6.7,1,1,1.0
2026-09-28,chiavari,1,20,2,10.0,0,2,1.0
2026-09-28,chioggia,1,100,0,0.0,0,0,0.0
2026-09-28,civitavecchia,6,155,4,2.6,4,0,2.0
2026-09-28,como,7,230,16,7.0,0,16,8.0
2026-09-28,corigliano-calabro,1,10,0,0.0,0,0,0.0
2026-09-28,cortina-d-ampezzo,1,65,9,13.8,8,1,4.5
2026-09-28,cosenza,4,150,1,0.7,0,1,0.5
2026-09-28,cremona,4,175,2,1.1,0,2,1.0
2026-09-28,desenzano,3,125,3,2.4,0,5,2.5
2026-09-28,donnalucata,3,40,0,0.0,0,0,0.0
2026-09-28,elba,2,40,0,0.0,0,0,0.0
2026-09-28,ferrara,8,385,10,2.6,0,10,5.0
2026-09-28,finale-ligure,1,30,0,0.0,0,0,0.0
2026-09-28,florence,65,3020,169,5.6,22,151,86.5
2026-09-28,forio-ischia,1,15,0,0.0,0,0,0.0
2026-09-28,formia,1,10,0,0.0,0,0,0.0
2026-09-28,gaeta,1,20,0,0.0,0,0,0.0
2026-09-28,gallipoli,5,125,0,0.0,0,0,0.0
2026-09-28,genoa,15,835,0,0.0,0,0,0.0
2026-09-28,giardini-naxos,3,75,0,0.0,0,0,0.0
2026-09-28,gorizia,1,25,0,0.0,0,0,0.0
2026-09-28,gravina-in-puglia,1,50,0,0.0,0,0,0.0
2026-09-28,grosseto,2,50,0,0.0,0,0,0.0
2026-09-28,imola,3,370,2,0.5,0,2,1.0
2026-09-28,ischia,4,160,55,34.4,0,55,27.5
2026-09-28,isola-del-giglio,1,30,1,3.3,0,1,0.5
2026-09-28,jesolo,2,40,0,0.0,0,0,0.0
2026-09-28,la-maddalena,3,75,0,0.0,0,0,0.0
2026-09-28,la-spezia,12,540,18,3.3,2,16,9.0
2026-09-28,lamezia-terme,1,30,0,0.0,0,0,0.0
2026-09-28,lampedusa,1,50,0,0.0,0,0,0.0
2026-09-28,latina,1,200,0,0.0,0,0,0.0
2026-09-28,lecce,14,475,34,7.2,8,26,17.0
2026-09-28,lecco,4,80,0,0.0,0,0,0.0
2026-09-28,livorno,6,195,1,0.5,0,1,0.5
2026-09-28,locorotondo,2,60,0,0.0,0,0,0.0
2026-09-28,lucca,17,1050,7,0.7,3,4,3.5
2026-09-28,maglie,1,10,0,0.0,0,0,0.0
2026-09-28,mantua,1,25,8,32.0,0,8,4.0
2026-09-28,marsala,2,80,0,0.0,0,0,0.0
2026-09-28,martina-franca,1,10,0,0.0,0,0,0.0
2026-09-28,massa,2,40,0,0.0,0,0,0.0
2026-09-28,matera,8,230,5,2.2,0,5,2.5
2026-09-28,mazara-del-vallo,1,10,0,0.0,0,0,0.0
2026-09-28,merano,3,45,2,4.4,0,3,1.5
2026-09-28,messina,8,240,1,0.4,0,1,0.5
2026-09-28,mestre,9,555,21,3.8,10,11,10.5
2026-09-28,milan,149,6711,362,5.4,69,300,184.5
2026-09-28,milazzo,2,220,0,0.0,0,0,0.0
2026-09-28,mira,1,30,0,0.0,0,0,0.0
2026-09-28,modena,8,210,17,8.1,4,13,8.5
2026-09-28,modica,1,10,0,0.0,0,0,0.0
2026-09-28,monopoli,8,230,15,6.5,3,12,7.5
2026-09-28,monza,4,395,6,1.5,0,6,3.0
2026-09-28,naples,114,5688,118,2.1,31,90,60.5
2026-09-28,noto,5,110,0,0.0,0,0,0.0
2026-09-28,novara,2,225,9,4.0,7,2,4.5
2026-09-28,olbia,2,155,16,10.3,3,13,8.0
2026-09-28,ostuni,3,200,0,0.0,0,0,0.0
2026-09-28,otranto,1,100,0,0.0,0,0,0.0
2026-09-28,padua,6,285,5,1.8,2,3,2.5
2026-09-28,palau,1,20,20,100.0,0,20,10.0
2026-09-28,palermo,30,1230,106,8.6,37,69,53.0
2026-09-28,paola,1,10,0,0.0,0,0,0.0
2026-09-28,parma,7,120,0,0.0,0,0,0.0
2026-09-28,pavia,4,85,0,0.0,0,0,0.0
2026-09-28,perugia,10,220,15,6.8,3,14,8.5
2026-09-28,pesaro,3,210,3,1.4,1,2,1.5
2026-09-28,pescara,10,255,4,1.6,0,4,2.0
2026-09-28,peschiera-del-garda,1,35,5,14.3,0,5,2.5
2026-09-28,piacenza,1,25,0,0.0,0,0,0.0
2026-09-28,pisa,27,1355,32,2.4,12,20,16.0
2026-09-28,pistoia,1,25,4,16.0,0,4,2.0
2026-09-28,pizzo-calabro,1,20,0,0.0,0,0,0.0
2026-09-28,polignano-a-mare,7,205,26,12.7,1,25,13.0
2026-09-28,pompei,8,390,42,10.8,18,24,21.0
2026-09-28,ponza,1,20,0,0.0,0,0,0.0
2026-09-28,portici,1,50,0,0.0,0,0,0.0
2026-09-28,porto-torres,4,200,0,0.0,0,0,0.0
2026-09-28,positano,1,20,5,25.0,0,5,2.5
2026-09-28,potenza,2,120,0,0.0,0,0,0.0
2026-09-28,prato,3,70,0,0.0,0,0,0.0
2026-09-28,procida,2,350,0,0.0,0,0,0.0
2026-09-28,ragusa,6,105,8,7.6,0,8,4.0
2026-09-28,rapallo,4,115,0,0.0,0,0,0.0
2026-09-28,ravenna,6,150,7,4.7,4,3,3.5
2026-09-28,reggio-calabria,9,660,5,0.8,0,5,2.5
2026-09-28,reggio-emilia,3,85,0,0.0,0,0,0.0
2026-09-28,rho,1,20,0,0.0,0,0,0.0
2026-09-28,riccione,4,115,0,0.0,0,0,0.0
2026-09-28,rimini,14,562,27,4.8,0,27,13.5
2026-09-28,riomaggiore,1,35,2,5.7,2,0,1.0
2026-09-28,rivoli,1,20,0,0.0,0,0,0.0
2026-09-28,rome,253,14529,543,3.7,123,459,291.0
2026-09-28,rovereto,1,20,1,5.0,1,0,0.5
2026-09-28,rovigo,1,20,0,0.0,0,0,0.0
2026-09-28,salerno,12,455,10,2.2,0,11,5.5
2026-09-28,san-teodoro,1,45,0,0.0,0,0,0.0
2026-09-28,san-vito-lo-capo,1,50,0,0.0,0,0,0.0
2026-09-28,sanremo,2,40,1,2.5,1,0,0.5
2026-09-28,sassari,4,90,1,1.1,1,0,0.5
2026-09-28,savona,6,140,0,0.0,0,0,0.0
2026-09-28,scicli,1,10,0,0.0,0,0,0.0
2026-09-28,sestri-levante,2,55,6,10.9,0,6,3.0
2026-09-28,siena,15,502,60,12.0,0,60,30.0
2026-09-28,sirmione,3,150,5,3.3,2,3,2.5
2026-09-28,sorrento,13,870,27,3.1,1,26,13.5
2026-09-28,stromboli,2,40,0,0.0,0,0,0.0
2026-09-28,syracuse,14,460,3,0.7,0,3,1.5
2026-09-28,taormina,2,70,4,5.7,0,4,2.0
2026-09-28,taranto,5,130,0,0.0,0,0,0.0
2026-09-28,terni,1,300,0,0.0,0,0,0.0
2026-09-28,tirano,2,50,2,4.0,1,2,1.5
2026-09-28,tivoli,1,20,0,0.0,0,0,0.0
2026-09-28,trani,1,50,0,0.0,0,0,0.0
2026-09-28,trapani,11,815,11,1.3,1,10,5.5
2026-09-28,trento,8,255,5,2.0,1,4,2.5
2026-09-28,treviso,4,140,25,17.9,6,23,14.5
2026-09-28,trieste,7,250,12,4.8,0,12,6.0
2026-09-28,tropea,2,130,2,1.5,1,1,1.0
2026-09-28,turin,50,2150,67,3.1,22,46,34.0
2026-09-28,varese,1,20,0,0.0,0,0,0.0
2026-09-28,vasto,1,10,0,0.0,0,0,0.0
2026-09-28,venice,36,2580,141,5.5,44,100,72.0
2026-09-28,ventimiglia,2,150,6,4.0,0,6,3.0
2026-09-28,verona,14,795,16,2.0,0,16,8.0
2026-09-28,viareggio,5,185,0,0.0,0,0,0.0
2026-09-28,vicenza,3,105,11,10.5,0,11,5.5
2026-09-28,vico-del-gargano,1,10,0,0.0,0,0,0.0
2026-09-28,vigevano,1,20,0,0.0,0,0,0.0
2026-09-28,villasimius,1,10,2,20.0,0,2,1.0
2026-09-29,agrigento,6,220,1,0.5,0,1,0.5
2026-09-29,alberobello,2,55,4,7.3,0,4,2.0
2026-09-29,alessandria,1,15,0,0.0,0,0,0.0
2026-09-29,alghero,9,270,10,3.7,7,3,5.0
2026-09-29,altamura,3,40,0,0.0,0,0,0.0
2026-09-29,amalfi,3,115,2,1.7,0,2,1.0
2026-09-29,ancona,5,280,5,1.8,0,5,2.5
2026-09-29,angri,1,50,0,0.0,0,0,0.0
2026-09-29,aosta,6,225,1,0.4,0,1,0.5
2026-09-29,arezzo,6,185,5,2.7,1,4,2.5
2026-09-29,assisi,4,120,35,29.2,3,34,18.5
2026-09-29,asti,2,30,0,0.0,0,0,0.0
2026-09-29,avellino,1,100,0,0.0,0,0,0.0
2026-09-29,avola,1,10,0,0.0,0,0,0.0
2026-09-29,bari,37,2320,32,1.4,6,26,16.0
2026-09-29,bergamo,10,320,15,4.7,2,13,7.5
2026-09-29,bologna,32,1665,42,2.5,3,41,22.0
2026-09-29,bolzano,9,270,17,6.3,8,9,8.5
2026-09-29,boscotrecase,1,100,0,0.0,0,0,0.0
2026-09-29,brescia,6,95,0,0.0,0,0,0.0
2026-09-29,bressanone-brixen,5,110,15,13.6,8,7,7.5
2026-09-29,brindisi,8,565,16,2.8,0,16,8.0
2026-09-29,cagliari,20,500,15,3.0,0,15,7.5
2026-09-29,caltanissetta,4,60,0,0.0,0,0,0.0
2026-09-29,camaiore,1,50,0,0.0,0,0,0.0
2026-09-29,camogli,1,40,0,0.0,0,0,0.0
2026-09-29,caserta,6,230,30,13.0,30,0,15.0
2026-09-29,castellammare-del-golfo,1,20,3,15.0,3,0,1.5
2026-09-29,castellammare-di-stabia,3,510,0,0.0,0,0,0.0
2026-09-29,catania,41,1620,36,2.2,4,32,18.0
2026-09-29,catanzaro,1,10,0,0.0,0,0,0.0
2026-09-29,cecina,1,20,0,0.0,0,0,0.0
2026-09-29,cefalu,5,200,5,2.5,0,5,2.5
2026-09-29,cervia,2,30,1,3.3,1,0,0.5
2026-09-29,chiavari,1,20,0,0.0,0,0,0.0
2026-09-29,chioggia,1,100,0,0.0,0,0,0.0
2026-09-29,civitavecchia,5,115,2,1.7,0,2,1.0
2026-09-29,como,7,230,4,1.7,0,4,2.0
2026-09-29,corigliano-calabro,1,10,0,0.0,0,0,0.0
2026-09-29,cortina-d-ampezzo,1,65,6,9.2,4,3,3.5
2026-09-29,cosenza,4,150,0,0.0,0,0,0.0
2026-09-29,cremona,4,175,3,1.7,0,3,1.5
2026-09-29,desenzano,3,125,9,7.2,0,9,4.5
2026-09-29,donnalucata,3,40,0,0.0,0,0,0.0
2026-09-29,elba,2,40,0,0.0,0,0,0.0
2026-09-29,ferrara,9,410,6,1.5,0,6,3.0
2026-09-29,finale-ligure,2,55,0,0.0,0,0,0.0
2026-09-29,florence,67,3125,136,4.4,36,103,69.5
2026-09-29,forio-ischia,1,15,0,0.0,0,0,0.0
2026-09-29,formia,1,10,0,0.0,0,0,0.0
2026-09-29,gaeta,1,20,0,0.0,0,0,0.0
2026-09-29,gallipoli,6,155,0,0.0,0,0,0.0
2026-09-29,genoa,17,775,6,0.8,0,6,3.0
2026-09-29,giardini-naxos,4,105,2,1.9,0,2,1.0
2026-09-29,gorizia,1,25,0,0.0,0,0,0.0
2026-09-29,gravina-in-puglia,1,50,0,0.0,0,0,0.0
2026-09-29,grosseto,2,50,0,0.0,0,0,0.0
2026-09-29,imola,4,380,1,0.3,0,1,0.5
2026-09-29,ischia,4,160,3,1.9,0,3,1.5
2026-09-29,isola-del-giglio,1,30,0,0.0,0,0,0.0
2026-09-29,jesolo,2,40,0,0.0,0,0,0.0
2026-09-29,la-maddalena,3,75,0,0.0,0,0,0.0
2026-09-29,la-spezia,12,540,10,1.9,2,8,5.0
2026-09-29,lamezia-terme,1,30,11,36.7,0,11,5.5
2026-09-29,lampedusa,1,50,0,0.0,0,0,0.0
2026-09-29,latina,1,200,0,0.0,0,0,0.0
2026-09-29,lecce,14,475,9,1.9,4,5,4.5
2026-09-29,lecco,4,80,8,10.0,0,8,4.0
2026-09-29,livorno,6,195,8,4.1,0,8,4.0
2026-09-29,locorotondo,2,60,0,0.0,0,0,0.0
2026-09-29,lucca,17,1050,8,0.8,0,8,4.0
2026-09-29,maglie,1,10,0,0.0,0,0,0.0
2026-09-29,mantua,1,25,0,0.0,0,0,0.0
2026-09-29,marsala,2,80,0,0.0,0,0,0.0
2026-09-29,martina-franca,1,10,0,0.0,0,0,0.0
2026-09-29,massa,2,40,0,0.0,0,0,0.0
2026-09-29,matera,8,230,14,6.1,0,14,7.0
2026-09-29,mazara-del-vallo,1,10,2,20.0,0,2,1.0
2026-09-29,merano,3,45,1,2.2,1,0,0.5
2026-09-29,messina,8,240,1,0.4,1,0,0.5
2026-09-29,mestre,8,255,29,11.4,12,17,14.5
2026-09-29,milan,153,6881,324,4.7,77,255,166.0
2026-09-29,milazzo,2,220,0,0.0,0,0,0.0
2026-09-29,mira,1,30,0,0.0,0,0,0.0
2026-09-29,modena,7,170,9,5.3,8,3,5.5
2026-09-29,modica,1,10,0,0.0,0,0,0.0
2026-09-29,monopoli,8,230,6,2.6,2,4,3.0
2026-09-29,monza,5,405,0,0.0,0,0,0.0
2026-09-29,naples,114,5728,77,1.3,18,59,38.5
2026-09-29,noto,5,110,2,1.8,0,2,1.0
2026-09-29,novara,2,225,7,3.1,7,0,3.5
2026-09-29,olbia,2,155,17,11.0,4,15,9.5
2026-09-29,ostuni,3,200,16,8.0,0,16,8.0
2026-09-29,otranto,1,100,0,0.0,0,0,0.0
2026-09-29,padua,6,285,17,6.0,2,15,8.5
2026-09-29,palau,1,20,0,0.0,0,0,0.0
2026-09-29,palermo,32,1410,140,9.9,24,117,70.5
2026-09-29,paola,1,10,0,0.0,0,0,0.0
2026-09-29,parma,7,120,1,0.8,0,1,0.5
2026-09-29,pavia,4,85,26,30.6,0,26,13.0
2026-09-29,perugia,10,220,4,1.8,3,1,2.0
2026-09-29,pesaro,3,210,4,1.9,0,4,2.0
2026-09-29,pescara,11,275,4,1.5,0,4,2.0
2026-09-29,peschiera-del-garda,1,35,0,0.0,0,0,0.0
2026-09-29,piacenza,1,25,0,0.0,0,0,0.0
2026-09-29,pisa,27,1355,38,2.8,3,35,19.0
2026-09-29,pistoia,1,25,0,0.0,0,0,0.0
2026-09-29,polignano-a-mare,7,205,10,4.9,2,8,5.0
2026-09-29,pompei,10,450,37,8.2,23,16,19.5
2026-09-29,ponza,1,20,0,0.0,0,0,0.0
2026-09-29,portici,1,50,50,100.0,0,50,25.0
2026-09-29,porto-torres,4,200,0,0.0,0,0,0.0
2026-09-29,positano,1,20,0,0.0,0,0,0.0
2026-09-29,potenza,2,120,0,0.0,0,0,0.0
2026-09-29,prato,3,70,0,0.0,0,0,0.0
2026-09-29,procida,2,350,3,0.9,3,0,1.5
2026-09-29,ragusa,5,95,0,0.0,0,0,0.0
2026-09-29,rapallo,4,115,0,0.0,0,0,0.0
2026-09-29,ravenna,6,150,0,0.0,0,0,0.0
2026-09-29,reggio-calabria,9,660,5,0.8,0,5,2.5
2026-09-29,reggio-emilia,3,85,0,0.0,0,0,0.0
2026-09-29,rho,1,20,0,0.0,0,0,0.0
2026-09-29,riccione,4,115,0,0.0,0,0,0.0
2026-09-29,rimini,15,612,0,0.0,0,0,0.0
2026-09-29,riomaggiore,1,35,7,20.0,0,7,3.5
2026-09-29,rivoli,1,20,0,0.0,0,0,0.0
2026-09-29,rome,259,14799,483,3.3,124,394,259.0
2026-09-29,rovereto,1,20,0,0.0,0,0,0.0
2026-09-29,rovigo,1,20,0,0.0,0,0,0.0
2026-09-29,salerno,13,475,10,2.1,1,11,6.0
2026-09-29,san-teodoro,1,45,0,0.0,0,0,0.0
2026-09-29,sanremo,2,40,2,5.0,0,2,1.0
2026-09-29,sassari,4,90,0,0.0,0,0,0.0
2026-09-29,savona,6,140,2,1.4,0,2,1.0
2026-09-29,scicli,1,10,0,0.0,0,0,0.0
2026-09-29,sestri-levante,2,55,1,1.8,0,1,0.5
2026-09-29,siena,15,502,7,1.4,2,5,3.5
2026-09-29,sirmione,3,150,2,1.3,0,2,1.0
2026-09-29,sorrento,13,870,22,2.5,3,19,11.0
2026-09-29,stromboli,2,40,0,0.0,0,0,0.0
2026-09-29,syracuse,14,460,11,2.4,0,11,5.5
2026-09-29,taormina,2,70,4,5.7,0,4,2.0
2026-09-29,taranto,5,130,0,0.0,0,0,0.0
2026-09-29,terni,1,300,0,0.0,0,0,0.0
2026-09-29,tirano,3,70,2,2.9,0,2,1.0
2026-09-29,tivoli,1,20,0,0.0,0,0,0.0
2026-09-29,trani,1,50,0,0.0,0,0,0.0
2026-09-29,trapani,10,515,10,1.9,2,8,5.0
2026-09-29,trento,9,295,3,1.0,1,2,1.5
2026-09-29,treviso,5,240,15,6.2,2,13,7.5
2026-09-29,trieste,7,250,16,6.4,0,16,8.0
2026-09-29,tropea,1,30,1,3.3,1,0,0.5
2026-09-29,turin,51,2185,30,1.4,11,20,15.5
2026-09-29,varese,1,20,0,0.0,0,0,0.0
2026-09-29,vasto,1,10,0,0.0,0,0,0.0
2026-09-29,venice,36,2510,105,4.2,40,69,54.5
2026-09-29,ventimiglia,2,150,2,1.3,0,2,1.0
2026-09-29,verona,15,865,28,3.2,2,26,14.0
2026-09-29,viareggio,5,185,1,0.5,1,0,0.5
2026-09-29,vicenza,3,105,4,3.8,0,4,2.0
2026-09-29,vico-del-gargano,1,10,0,0.0,0,0,0.0
2026-09-29,vigevano,1,20,0,0.0,0,0,0.0
2026-09-29,villasimius,1,10,0,0.0,0,0,0.0
2026-09-30,agrigento,6,220,0,0.0,0,0,0.0
2026-09-30,alberobello,2,55,12,21.8,0,12,6.0
2026-09-30,alessandria,1,15,0,0.0,0,0,0.0
2026-09-30,alghero,8,230,14,6.1,4,10,7.0
2026-09-30,altamura,2,20,0,0.0,0,0,0.0
2026-09-30,amalfi,3,115,8,7.0,3,5,4.0
2026-09-30,ancona,5,280,7,2.5,0,7,3.5
2026-09-30,angri,1,50,0,0.0,0,0,0.0
2026-09-30,aosta,6,225,7,3.1,1,6,3.5
2026-09-30,arezzo,6,185,4,2.2,3,1,2.0
2026-09-30,assisi,3,95,1,1.1,0,1,0.5
2026-09-30,asti,2,30,0,0.0,0,0,0.0
2026-09-30,avellino,1,100,0,0.0,0,0,0.0
2026-09-30,avola,1,10,0,0.0,0,0,0.0
2026-09-30,bari,39,2370,45,1.9,4,41,22.5
2026-09-30,bergamo,10,320,13,4.1,7,6,6.5
2026-09-30,bologna,33,1675,57,3.4,10,47,28.5
2026-09-30,bolzano,9,270,30,11.1,11,20,15.5
2026-09-30,boscotrecase,1,100,0,0.0,0,0,0.0
2026-09-30,brescia,6,95,2,2.1,0,2,1.0
2026-09-30,bressanone-brixen,5,110,9,8.2,3,6,4.5
2026-09-30,brindisi,8,565,7,1.2,0,7,3.5
2026-09-30,cagliari,20,500,7,1.4,0,7,3.5
2026-09-30,caltanissetta,4,60,2,3.3,0,2,1.0
2026-09-30,camaiore,1,50,0,0.0,0,0,0.0
2026-09-30,camogli,1,40,5,12.5,0,5,2.5
2026-09-30,caserta,6,230,0,0.0,0,0,0.0
2026-09-30,castellammare-del-golfo,1,20,0,0.0,0,0,0.0
2026-09-30,castellammare-di-stabia,3,510,0,0.0,0,0,0.0
2026-09-30,catania,41,1620,29,1.8,1,28,14.5
2026-09-30,catanzaro,1,10,0,0.0,0,0,0.0
2026-09-30,cecina,1,20,0,0.0,0,0,0.0
2026-09-30,cefalu,5,200,7,3.5,0,7,3.5
2026-09-30,cervia,2,30,1,3.3,1,0,0.5
2026-09-30,chiavari,1,20,0,0.0,0,0,0.0
2026-09-30,chioggia,1,100,0,0.0,0,0,0.0
2026-09-30,civitavecchia,5,115,15,13.0,6,9,7.5
2026-09-30,como,7,230,12,5.2,0,12,6.0
2026-09-30,corigliano-calabro,1,10,0,0.0,0,0,0.0
2026-09-30,cortina-d-ampezzo,1,65,2,3.1,2,0,1.0
2026-09-30,cosenza,4,150,0,0.0,0,0,0.0
2026-09-30,cremona,4,175,0,0.0,0,0,0.0
2026-09-30,desenzano,3,125,2,1.6,0,2,1.0
2026-09-30,donnalucata,3,40,0,0.0,0,0,0.0
2026-09-30,elba,2,40,0,0.0,0,0,0.0
2026-09-30,ferrara,9,410,0,0.0,0,0,0.0
2026-09-30,finale-ligure,2,55,0,0.0,0,0,0.0
2026-09-30,florence,67,3125,214,6.8,42,173,107.5
2026-09-30,forio-ischia,1,15,0,0.0,0,0,0.0
2026-09-30,formia,1,10,0,0.0,0,0,0.0
2026-09-30,gaeta,1,20,0,0.0,0,0,0.0
2026-09-30,gallipoli,6,155,3,1.9,0,3,1.5
2026-09-30,genoa,18,875,2,0.2,1,1,1.0
2026-09-30,giardini-naxos,4,105,0,0.0,0,0,0.0
2026-09-30,gorizia,1,25,2,8.0,0,2,1.0
2026-09-30,gravina-in-puglia,1,50,0,0.0,0,0,0.0
2026-09-30,grosseto,2,50,0,0.0,0,0,0.0
2026-09-30,imola,4,380,4,1.1,4,0,2.0
2026-09-30,ischia,4,160,5,3.1,0,5,2.5
2026-09-30,isola-del-giglio,1,30,0,0.0,0,0,0.0
2026-09-30,jesolo,2,40,0,0.0,0,0,0.0
2026-09-30,la-maddalena,3,75,0,0.0,0,0,0.0
2026-09-30,la-spezia,11,500,15,3.0,2,13,7.5
2026-09-30,lamezia-terme,1,30,0,0.0,0,0,0.0
2026-09-30,lampedusa,1,50,0,0.0,0,0,0.0
2026-09-30,latina,1,200,0,0.0,0,0,0.0
2026-09-30,lecce,14,475,36,7.6,4,32,18.0
2026-09-30,lecco,4,80,1,1.2,0,1,0.5
2026-09-30,livorno,6,195,6,3.1,1,5,3.0
2026-09-30,locorotondo,2,60,0,0.0,0,0,0.0
2026-09-30,lucca,17,1050,2,0.2,2,0,1.0
2026-09-30,maglie,1,10,0,0.0,0,0,0.0
2026-09-30,mantua,1,25,6,24.0,0,6,3.0
2026-09-30,marsala,2,80,0,0.0,0,0,0.0
2026-09-30,martina-franca,1,10,0,0.0,0,0,0.0
2026-09-30,massa,2,40,0,0.0,0,0,0.0
2026-09-30,matera,8,230,4,1.7,0,4,2.0
2026-09-30,mazara-del-vallo,1,10,0,0.0,0,0,0.0
2026-09-30,merano,3,45,1,2.2,1,0,0.5
2026-09-30,messina,8,240,4,1.7,1,3,2.0
2026-09-30,mestre,9,555,27,4.9,12,19,15.5
2026-09-30,milan,152,6506,391,6.0,98,298,198.0
2026-09-30,milazzo,2,220,0,0.0,0,0,0.0
2026-09-30,mira,1,30,0,0.0,0,0,0.0
2026-09-30,modena,8,210,14,6.7,4,10,7.0
2026-09-30,modica,1,10,0,0.0,0,0,0.0
2026-09-30,monopoli,7,210,12,5.7,2,10,6.0
2026-09-30,monza,5,405,0,0.0,0,0,0.0
2026-09-30,naples,114,5728,85,1.5,16,69,42.5
2026-09-30,noto,5,110,2,1.8,0,2,1.0
2026-09-30,novara,2,225,7,3.1,7,0,3.5
2026-09-30,olbia,2,155,14,9.0,5,9,7.0
2026-09-30,ostuni,3,200,14,7.0,4,10,7.0
2026-09-30,otranto,1,100,0,0.0,0,0,0.0
2026-09-30,padua,6,285,16,5.6,2,14,8.0
2026-09-30,palau,1,20,4,20.0,4,0,2.0
2026-09-30,palermo,31,1260,110,8.7,8,102,55.0
2026-09-30,paola,1,10,0,0.0,0,0,0.0
2026-09-30,parma,7,120,0,0.0,0,0,0.0
2026-09-30,pavia,4,85,0,0.0,0,0,0.0
2026-09-30,perugia,10,220,2,0.9,2,0,1.0
2026-09-30,pesaro,3,210,0,0.0,0,0,0.0
2026-09-30,pescara,11,275,2,0.7,0,2,1.0
2026-09-30,peschiera-del-garda,1,35,0,0.0,0,0,0.0
2026-09-30,piacenza,1,25,1,4.0,0,1,0.5
2026-09-30,pisa,27,1355,48,3.5,1,47,24.0
2026-09-30,pistoia,1,25,2,8.0,0,2,1.0
2026-09-30,pizzo-calabro,1,20,3,15.0,0,3,1.5
2026-09-30,polignano-a-mare,7,205,2,1.0,0,2,1.0
2026-09-30,pompei,10,450,33,7.3,16,17,16.5
2026-09-30,ponza,1,20,0,0.0,0,0,0.0
2026-09-30,portici,1,50,0,0.0,0,0,0.0
2026-09-30,porto-torres,4,200,5,2.5,3,2,2.5
2026-09-30,positano,1,20,5,25.0,0,5,2.5
2026-09-30,potenza,2,120,0,0.0,0,0,0.0
2026-09-30,prato,3,70,0,0.0,0,0,0.0
2026-09-30,procida,2,350,2,0.6,0,2,1.0
2026-09-30,ragusa,6,105,0,0.0,0,0,0.0
2026-09-30,rapallo,4,115,10,8.7,0,10,5.0
2026-09-30,ravenna,6,150,2,1.3,0,2,1.0
2026-09-30,reggio-calabria,9,660,0,0.0,0,0,0.0
2026-09-30,reggio-emilia,3,85,2,2.4,0,2,1.0
2026-09-30,rho,1,20,0,0.0,0,0,0.0
2026-09-30,riccione,4,115,0,0.0,0,0,0.0
2026-09-30,rimini,15,612,0,0.0,0,0,0.0
2026-09-30,riomaggiore,1,35,2,5.7,0,2,1.0
2026-09-30,rivoli,1,20,0,0.0,0,0,0.0
2026-09-30,rome,258,14669,450,3.1,126,343,234.5
2026-09-30,rovereto,1,20,0,0.0,0,0,0.0
2026-09-30,rovigo,1,20,0,0.0,0,0,0.0
2026-09-30,salerno,13,475,38,8.0,6,35,20.5
2026-09-30,san-teodoro,1,45,0,0.0,0,0,0.0
2026-09-30,san-vito-lo-capo,1,50,0,0.0,0,0,0.0
2026-09-30,sanremo,2,40,2,5.0,0,2,1.0
2026-09-30,sassari,4,90,0,0.0,0,0,0.0
2026-09-30,savona,6,140,1,0.7,0,1,0.5
2026-09-30,scicli,1,10,0,0.0,0,0,0.0
2026-09-30,sestri-levante,2,55,2,3.6,0,2,1.0
2026-09-30,siena,15,502,2,0.4,0,2,1.0
2026-09-30,sirmione,3,150,11,7.3,4,7,5.5
2026-09-30,sorrento,13,870,23,2.6,1,22,11.5
2026-09-30,stromboli,2,40,0,0.0,0,0,0.0
2026-09-30,syracuse,14,460,12,2.6,5,7,6.0
2026-09-30,taormina,2,70,2,2.9,0,2,1.0
2026-09-30,taranto,5,130,0,0.0,0,0,0.0
2026-09-30,terni,1,300,0,0.0,0,0,0.0
2026-09-30,tirano,2,30,0,0.0,0,0,0.0
2026-09-30,tivoli,1,20,5,25.0,5,0,2.5
2026-09-30,trani,1,50,0,0.0,0,0,0.0
2026-09-30,trapani,10,515,3,0.6,3,0,1.5
2026-09-30,trento,9,295,6,2.0,4,2,3.0
2026-09-30,treviso,5,240,20,8.3,1,19,10.0
2026-09-30,trieste,7,250,1,0.4,0,1,0.5
2026-09-30,tropea,1,30,6,20.0,0,6,3.0
2026-09-30,turin,49,2105,35,1.7,6,29,17.5
2026-09-30,varese,1,20,0,0.0,0,0,0.0
2026-09-30,vasto,1,10,0,0.0,0,0,0.0
2026-09-30,venice,37,2630,131,5.0,24,111,67.5
2026-09-30,ventimiglia,2,150,0,0.0,0,0,0.0
2026-09-30,verona,15,865,5,0.6,2,3,2.5
2026-09-30,viareggio,5,185,0,0.0,0,0,0.0
2026-09-30,vicenza,3,105,14,13.3,0,14,7.0
2026-09-30,vico-del-gargano,1,10,0,0.0,0,0,0.0
2026-09-30,vigevano,1,20,0,0.0,0,0,0.0
2026-09-30,villasimius,1,10,0,0.0,0,0,0.0
2026-10-01,agrigento,6,220,1,0.5,0,1,0.5
2026-10-01,alberobello,2,55,7,12.7,0,7,3.5
2026-10-01,alghero,8,230,4,1.7,4,0,2.0
2026-10-01,altamura,3,40,0,0.0,0,0,0.0
2026-10-01,amalfi,3,115,2,1.7,0,2,1.0
2026-10-01,ancona,5,280,2,0.7,0,2,1.0
2026-10-01,angri,1,50,0,0.0,0,0,0.0
2026-10-01,aosta,5,205,1,0.5,1,0,0.5
2026-10-01,arezzo,6,185,8,4.3,1,7,4.0
2026-10-01,assisi,3,95,8,8.4,0,8,4.0
2026-10-01,asti,2,30,0,0.0,0,0,0.0
2026-10-01,avellino,1,100,0,0.0,0,0,0.0
2026-10-01,avola,1,10,0,0.0,0,0,0.0
2026-10-01,bari,38,2355,52,2.2,10,43,26.5
2026-10-01,bergamo,9,275,11,4.0,3,8,5.5
2026-10-01,bologna,33,1675,41,2.4,11,30,20.5
2026-10-01,bolzano,9,270,23,8.5,6,17,11.5
2026-10-01,boscotrecase,1,100,0,0.0,0,0,0.0
2026-10-01,brescia,6,95,2,2.1,2,0,1.0
2026-10-01,bressanone-brixen,5,110,6,5.5,4,2,3.0
2026-10-01,brindisi,8,565,26,4.6,4,22,13.0
2026-10-01,cagliari,20,500,16,3.2,2,14,8.0
2026-10-01,caltanissetta,4,60,0,0.0,0,0,0.0
2026-10-01,camaiore,1,50,0,0.0,0,0,0.0
2026-10-01,camogli,1,40,0,0.0,0,0,0.0
2026-10-01,caserta,6,230,3,1.3,0,3,1.5
2026-10-01,castellammare-del-golfo,1,20,3,15.0,0,3,1.5
2026-10-01,castellammare-di-stabia,3,510,0,0.0,0,0,0.0
2026-10-01,catania,41,1620,41,2.5,5,36,20.5
2026-10-01,catanzaro,1,10,0,0.0,0,0,0.0
2026-10-01,cecina,1,20,0,0.0,0,0,0.0
2026-10-01,cefalu,5,200,6,3.0,3,3,3.0
2026-10-01,cervia,2,30,1,3.3,1,0,0.5
2026-10-01,chiavari,1,20,0,0.0,0,0,0.0
2026-10-01,chioggia,1,100,0,0.0,0,0,0.0
2026-10-01,civitavecchia,5,115,0,0.0,0,0,0.0
2026-10-01,como,7,230,12,5.2,7,5,6.0
2026-10-01,corigliano-calabro,1,10,0,0.0,0,0,0.0
2026-10-01,cosenza,4,150,0,0.0,0,0,0.0
2026-10-01,cremona,4,175,0,0.0,0,0,0.0
2026-10-01,desenzano,3,125,0,0.0,0,0,0.0
2026-10-01,donnalucata,3,40,0,0.0,0,0,0.0
2026-10-01,elba,2,40,0,0.0,0,0,0.0
2026-10-01,ferrara,9,410,5,1.2,1,4,2.5
2026-10-01,finale-ligure,2,55,0,0.0,0,0,0.0
2026-10-01,florence,67,3080,121,3.9,21,100,60.5
2026-10-01,forio-ischia,1,15,0,0.0,0,0,0.0
2026-10-01,formia,1,10,0,0.0,0,0,0.0
2026-10-01,gaeta,1,20,0,0.0,0,0,0.0
2026-10-01,gallipoli,6,155,0,0.0,0,0,0.0
2026-10-01,genoa,18,875,10,1.1,0,10,5.0
2026-10-01,giardini-naxos,4,105,2,1.9,0,2,1.0
2026-10-01,gorizia,1,25,0,0.0,0,0,0.0
2026-10-01,gravina-in-puglia,1,50,0,0.0,0,0,0.0
2026-10-01,grosseto,2,50,0,0.0,0,0,0.0
2026-10-01,imola,4,380,4,1.1,4,0,2.0
2026-10-01,ischia,4,160,0,0.0,0,0,0.0
2026-10-01,isola-del-giglio,1,30,0,0.0,0,0,0.0
2026-10-01,jesolo,2,40,0,0.0,0,0,0.0
2026-10-01,la-maddalena,3,75,0,0.0,0,0,0.0
2026-10-01,la-spezia,12,540,5,0.9,5,0,2.5
2026-10-01,lamezia-terme,1,30,0,0.0,0,0,0.0
2026-10-01,lampedusa,1,50,0,0.0,0,0,0.0
2026-10-01,latina,1,200,0,0.0,0,0,0.0
2026-10-01,lecce,14,475,19,4.0,4,15,9.5
2026-10-01,lecco,4,80,0,0.0,0,0,0.0
2026-10-01,livorno,6,195,1,0.5,1,0,0.5
2026-10-01,locorotondo,2,60,0,0.0,0,0,0.0
2026-10-01,lucca,16,1025,4,0.4,2,2,2.0
2026-10-01,maglie,1,10,0,0.0,0,0,0.0
2026-10-01,mantua,1,25,2,8.0,0,2,1.0
2026-10-01,marsala,2,80,0,0.0,0,0,0.0
2026-10-01,martina-franca,1,10,0,0.0,0,0,0.0
2026-10-01,massa,2,40,0,0.0,0,0,0.0
2026-10-01,matera,8,230,9,3.9,2,7,4.5
2026-10-01,mazara-del-vallo,1,10,0,0.0,0,0,0.0
2026-10-01,merano,3,45,1,2.2,1,0,0.5
2026-10-01,messina,8,240,3,1.2,0,3,1.5
2026-10-01,mestre,9,555,23,4.1,11,12,11.5
2026-10-01,milan,153,6531,283,4.3,99,184,141.5
2026-10-01,milazzo,2,220,0,0.0,0,0,0.0
2026-10-01,mira,1,30,0,0.0,0,0,0.0
2026-10-01,modena,7,170,6,3.5,6,0,3.0
2026-10-01,modica,1,10,0,0.0,0,0,0.0
2026-10-01,monopoli,9,250,9,3.6,0,9,4.5
2026-10-01,monza,5,405,4,1.0,0,4,2.0
2026-10-01,naples,114,5693,67,1.2,8,63,35.5
2026-10-01,noto,5,110,11,10.0,0,11,5.5
2026-10-01,novara,2,225,7,3.1,7,0,3.5
2026-10-01,olbia,3,255,16,6.3,5,11,8.0
2026-10-01,ostuni,3,200,14,7.0,4,10,7.0
2026-10-01,padua,6,285,15,5.3,6,11,8.5
2026-10-01,palau,1,20,0,0.0,0,0,0.0
2026-10-01,palermo,30,1330,64,4.8,13,51,32.0
2026-10-01,paola,1,10,0,0.0,0,0,0.0
2026-10-01,parma,7,120,7,5.8,3,4,3.5
2026-10-01,pavia,4,85,0,0.0,0,0,0.0
2026-10-01,perugia,10,220,8,3.6,2,6,4.0
2026-10-01,pesaro,3,210,0,0.0,0,0,0.0
2026-10-01,pescara,10,245,0,0.0,0,0,0.0
2026-10-01,peschiera-del-garda,1,35,6,17.1,0,6,3.0
2026-10-01,piacenza,1,25,0,0.0,0,0,0.0
2026-10-01,pisa,26,1325,30,2.3,9,21,15.0
2026-10-01,pistoia,1,25,0,0.0,0,0,0.0
2026-10-01,pizzo-calabro,1,20,0,0.0,0,0,0.0
2026-10-01,polignano-a-mare,7,205,25,12.2,0,26,13.0
2026-10-01,pompei,10,450,13,2.9,4,9,6.5
2026-10-01,ponza,1,20,0,0.0,0,0,0.0
2026-10-01,portici,1,50,0,0.0,0,0,0.0
2026-10-01,porto-torres,4,200,0,0.0,0,0,0.0
2026-10-01,positano,1,20,0,0.0,0,0,0.0
2026-10-01,potenza,2,120,0,0.0,0,0,0.0
2026-10-01,prato,3,70,0,0.0,0,0,0.0
2026-10-01,procida,1,250,0,0.0,0,0,0.0
2026-10-01,ragusa,6,105,0,0.0,0,0,0.0
2026-10-01,rapallo,4,115,0,0.0,0,0,0.0
2026-10-01,ravenna,6,150,3,2.0,0,3,1.5
2026-10-01,reggio-calabria,8,630,3,0.5,0,3,1.5
2026-10-01,reggio-emilia,3,85,2,2.4,0,2,1.0
2026-10-01,rho,1,20,0,0.0,0,0,0.0
2026-10-01,riccione,3,85,0,0.0,0,0,0.0
2026-10-01,rimini,15,612,0,0.0,0,0,0.0
2026-10-01,riomaggiore,1,35,0,0.0,0,0,0.0
2026-10-01,rivoli,1,20,0,0.0,0,0,0.0
2026-10-01,rome,256,14419,492,3.4,132,379,255.5
2026-10-01,rovereto,1,20,0,0.0,0,0,0.0
2026-10-01,rovigo,1,20,0,0.0,0,0,0.0
2026-10-01,salerno,12,455,22,4.8,1,21,11.0
2026-10-01,san-teodoro,1,45,0,0.0,0,0,0.0
2026-10-01,sanremo,2,40,0,0.0,0,0,0.0
2026-10-01,sassari,4,90,0,0.0,0,0,0.0
2026-10-01,savona,6,140,2,1.4,0,2,1.0
2026-10-01,sestri-levante,2,55,4,7.3,0,4,2.0
2026-10-01,siena,15,502,1,0.2,0,1,0.5
2026-10-01,sirmione,3,150,2,1.3,0,2,1.0
2026-10-01,sorrento,13,870,15,1.7,7,8,7.5
2026-10-01,stromboli,2,40,0,0.0,0,0,0.0
2026-10-01,syracuse,14,460,5,1.1,2,3,2.5
2026-10-01,taormina,1,50,2,4.0,0,2,1.0
2026-10-01,taranto,5,130,0,0.0,0,0,0.0
2026-10-01,terni,1,300,0,0.0,0,0,0.0
2026-10-01,tirano,3,70,2,2.9,2,0,1.0
2026-10-01,tivoli,1,20,0,0.0,0,0,0.0
2026-10-01,trani,1,50,0,0.0,0,0,0.0
2026-10-01,trapani,9,485,3,0.6,2,1,1.5
2026-10-01,trento,9,295,3,1.0,0,3,1.5
2026-10-01,treviso,5,240,9,3.8,0,9,4.5
2026-10-01,trieste,7,250,12,4.8,0,12,6.0
2026-10-01,tropea,1,30,0,0.0,0,0,0.0
2026-10-01,turin,49,2100,43,2.0,18,25,21.5
2026-10-01,varese,1,20,0,0.0,0,0,0.0
2026-10-01,vasto,1,10,0,0.0,0,0,0.0
2026-10-01,venice,36,2600,143,5.5,60,87,73.5
2026-10-01,ventimiglia,2,150,0,0.0,0,0,0.0
2026-10-01,verona,15,865,19,2.2,0,19,9.5
2026-10-01,viareggio,5,185,2,1.1,0,2,1.0
2026-10-01,vicenza,3,105,10,9.5,0,10,5.0
2026-10-01,vico-del-gargano,1,10,0,0.0,0,0,0.0
2026-10-01,vigevano,1,20,0,0.0,0,0,0.0
2026-10-01,villasimius,1,10,0,0.0,0,0,0.0
2026-10-05,agrigento,6,220,0,0.0,0,0,0.0
2026-10-05,alberobello,2,55,0,0.0,0,0,0.0
2026-10-05,alessandria,1,15,0,0.0,0,0,0.0
2026-10-05,alghero,7,215,4,1.9,4,0,2.0
2026-10-05,altamura,3,40,0,0.0,0,0,0.0
2026-10-05,amalfi,3,115,4,3.5,4,0,2.0
2026-10-05,ancona,5,280,2,0.7,2,0,1.0
2026-10-05,angri,1,50,0,0.0,0,0,0.0
2026-10-05,aosta,5,205,0,0.0,0,0,0.0
2026-10-05,arezzo,6,185,0,0.0,0,0,0.0
2026-10-05,assisi,3,110,15,13.6,15,0,7.5
2026-10-05,asti,2,30,0,0.0,0,0,0.0
2026-10-05,avellino,1,100,0,0.0,0,0,0.0
2026-10-05,avola,1,10,0,0.0,0,0,0.0
2026-10-05,bari,39,2370,26,1.1,26,0,13.0
2026-10-05,bergamo,7,250,15,6.0,15,0,7.5
2026-10-05,bologna,30,1595,59,3.7,55,4,29.5
2026-10-05,bolzano,7,230,8,3.5,8,0,4.0
2026-10-05,boscotrecase,1,100,0,0.0,0,0,0.0
2026-10-05,brescia,5,85,0,0.0,0,0,0.0
2026-10-05,bressanone-brixen,5,110,2,1.8,2,0,1.0
2026-10-05,brindisi,7,530,8,1.5,5,3,4.0
2026-10-05,cagliari,19,480,8,1.7,8,0,4.0
2026-10-05,caltanissetta,3,50,0,0.0,0,0,0.0
2026-10-05,camaiore,1,50,0,0.0,0,0,0.0
2026-10-05,camogli,1,40,40,100.0,40,0,20.0
2026-10-05,caserta,6,230,0,0.0,0,0,0.0
2026-10-05,castellammare-del-golfo,1,20,0,0.0,0,0,0.0
2026-10-05,castellammare-di-stabia,3,510,0,0.0,0,0,0.0
2026-10-05,catania,40,1600,31,1.9,31,0,15.5
2026-10-05,catanzaro,1,10,0,0.0,0,0,0.0
2026-10-05,cecina,1,20,0,0.0,0,0,0.0
2026-10-05,cefalu,4,170,1,0.6,1,0,0.5
2026-10-05,cervia,2,30,0,0.0,0,0,0.0
2026-10-05,chiavari,1,20,0,0.0,0,0,0.0
2026-10-05,chioggia,1,100,0,0.0,0,0,0.0
2026-10-05,civitavecchia,5,115,0,0.0,0,0,0.0
2026-10-05,como,7,230,3,1.3,3,0,1.5
2026-10-05,corigliano-calabro,1,10,0,0.0,0,0,0.0
2026-10-05,cosenza,4,150,0,0.0,0,0,0.0
2026-10-05,cremona,4,175,0,0.0,0,0,0.0
2026-10-05,crotone,1,20,0,0.0,0,0,0.0
2026-10-05,desenzano,3,125,0,0.0,0,0,0.0
2026-10-05,donnalucata,3,40,0,0.0,0,0,0.0
2026-10-05,elba,2,40,0,0.0,0,0,0.0
2026-10-05,ferrara,9,410,0,0.0,0,0,0.0
2026-10-05,finale-ligure,1,30,0,0.0,0,0,0.0
2026-10-05,florence,62,2920,71,2.4,70,3,36.5
2026-10-05,forio-ischia,1,15,0,0.0,0,0,0.0
2026-10-05,gaeta,1,20,0,0.0,0,0,0.0
2026-10-05,gallipoli,5,125,0,0.0,0,0,0.0
2026-10-05,genoa,15,835,2,0.2,2,1,1.5
2026-10-05,giardini-naxos,2,45,5,11.1,5,0,2.5
2026-10-05,gorizia,1,25,1,4.0,1,0,0.5
2026-10-05,gravina-in-puglia,1,50,0,0.0,0,0,0.0
2026-10-05,grosseto,2,50,0,0.0,0,0,0.0
2026-10-05,imola,3,370,0,0.0,0,0,0.0
2026-10-05,ischia,4,160,2,1.2,2,0,1.0
2026-10-05,isola-del-giglio,1,30,0,0.0,0,0,0.0
2026-10-05,jesolo,2,40,0,0.0,0,0,0.0
2026-10-05,la-maddalena,3,75,0,0.0,0,0,0.0
2026-10-05,la-spezia,12,540,8,1.5,8,0,4.0
2026-10-05,lamezia-terme,1,30,0,0.0,0,0,0.0
2026-10-05,lampedusa,1,50,0,0.0,0,0,0.0
2026-10-05,latina,1,200,0,0.0,0,0,0.0
2026-10-05,lecce,14,475,4,0.8,4,2,3.0
2026-10-05,lecco,4,80,0,0.0,0,0,0.0
2026-10-05,livorno,6,195,3,1.5,3,0,1.5
2026-10-05,locorotondo,1,50,0,0.0,0,0,0.0
2026-10-05,lucca,14,965,5,0.5,5,0,2.5
2026-10-05,maglie,1,10,0,0.0,0,0,0.0
2026-10-05,mantua,1,25,0,0.0,0,0,0.0
2026-10-05,marsala,2,80,0,0.0,0,0,0.0
2026-10-05,martina-franca,1,10,0,0.0,0,0,0.0
2026-10-05,massa,1,20,0,0.0,0,0,0.0
2026-10-05,matera,8,230,2,0.9,2,0,1.0
2026-10-05,mazara-del-vallo,1,10,0,0.0,0,0,0.0
2026-10-05,merano,3,45,0,0.0,0,0,0.0
2026-10-05,messina,8,240,2,0.8,2,0,1.0
2026-10-05,mestre,9,555,5,0.9,5,0,2.5
2026-10-05,milan,145,6246,184,2.9,180,5,92.5
2026-10-05,milazzo,2,220,0,0.0,0,0,0.0
2026-10-05,mira,1,30,0,0.0,0,0,0.0
2026-10-05,modena,8,210,2,1.0,2,0,1.0
2026-10-05,modica,1,10,0,0.0,0,0,0.0
2026-10-05,monopoli,8,230,4,1.7,4,0,2.0
2026-10-05,monza,4,395,0,0.0,0,0,0.0
2026-10-05,naples,114,5708,59,1.0,59,0,29.5
2026-10-05,noto,5,110,3,2.7,3,0,1.5
2026-10-05,novara,2,225,7,3.1,7,0,3.5
2026-10-05,olbia,2,155,2,1.3,2,0,1.0
2026-10-05,ostuni,3,200,4,2.0,4,0,2.0
2026-10-05,otranto,1,100,0,0.0,0,0,0.0
2026-10-05,padua,6,285,1,0.4,1,0,0.5
2026-10-05,palau,1,20,20,100.0,20,0,10.0
2026-10-05,palermo,28,1295,41,3.2,37,4,20.5
2026-10-05,paola,1,10,0,0.0,0,0,0.0
2026-10-05,parma,7,120,0,0.0,0,0,0.0
2026-10-05,pavia,3,60,0,0.0,0,0,0.0
2026-10-05,perugia,10,220,8,3.6,8,0,4.0
2026-10-05,pesaro,3,210,0,0.0,0,0,0.0
2026-10-05,pescara,10,255,3,1.2,3,0,1.5
2026-10-05,peschiera-del-garda,1,35,4,11.4,4,0,2.0
2026-10-05,piacenza,1,25,0,0.0,0,0,0.0
2026-10-05,pisa,25,1255,60,4.8,58,2,30.0
2026-10-05,pistoia,1,25,0,0.0,0,0,0.0
2026-10-05,pizzo-calabro,1,20,0,0.0,0,0,0.0
2026-10-05,polignano-a-mare,7,205,13,6.3,13,0,6.5
2026-10-05,pompei,7,380,10,2.6,8,2,5.0
2026-10-05,ponza,1,20,0,0.0,0,0,0.0
2026-10-05,portici,1,50,0,0.0,0,0,0.0
2026-10-05,porto-torres,3,160,0,0.0,0,0,0.0
2026-10-05,positano,1,20,0,0.0,0,0,0.0
2026-10-05,potenza,2,120,0,0.0,0,0,0.0
2026-10-05,prato,3,70,0,0.0,0,0,0.0
2026-10-05,procida,1,250,0,0.0,0,0,0.0
2026-10-05,ragusa,5,95,0,0.0,0,0,0.0
2026-10-05,rapallo,4,115,0,0.0,0,0,0.0
2026-10-05,ravenna,6,150,5,3.3,5,0,2.5
2026-10-05,reggio-calabria,9,660,2,0.3,2,0,1.0
2026-10-05,reggio-emilia,2,75,0,0.0,0,0,0.0
2026-10-05,rho,1,20,0,0.0,0,0,0.0
2026-10-05,riccione,4,115,0,0.0,0,0,0.0
2026-10-05,rimini,14,562,0,0.0,0,0,0.0
2026-10-05,riomaggiore,1,35,1,2.9,1,0,0.5
2026-10-05,rivoli,1,20,0,0.0,0,0,0.0
2026-10-05,rome,247,13919,265,1.9,255,23,139.0
2026-10-05,rovereto,1,20,0,0.0,0,0,0.0
2026-10-05,rovigo,1,20,0,0.0,0,0,0.0
2026-10-05,salerno,12,455,9,2.0,9,0,4.5
2026-10-05,san-teodoro,1,45,0,0.0,0,0,0.0
2026-10-05,san-vito-lo-capo,1,50,0,0.0,0,0,0.0
2026-10-05,sanremo,1,20,0,0.0,0,0,0.0
2026-10-05,sassari,2,40,0,0.0,0,0,0.0
2026-10-05,savona,6,140,0,0.0,0,0,0.0
2026-10-05,scicli,1,10,0,0.0,0,0,0.0
2026-10-05,sestri-levante,1,20,0,0.0,0,0,0.0
2026-10-05,siena,14,482,3,0.6,3,0,1.5
2026-10-05,sirmione,3,150,0,0.0,0,0,0.0
2026-10-05,sorrento,11,750,38,5.1,38,0,19.0
2026-10-05,stromboli,2,40,0,0.0,0,0,0.0
2026-10-05,syracuse,12,440,5,1.1,5,0,2.5
2026-10-05,taormina,2,70,0,0.0,0,0,0.0
2026-10-05,taranto,4,110,0,0.0,0,0,0.0
2026-10-05,terni,1,300,0,0.0,0,0,0.0
2026-10-05,tirano,2,50,8,16.0,8,0,4.0
2026-10-05,tivoli,1,20,0,0.0,0,0,0.0
2026-10-05,trani,1,50,0,0.0,0,0,0.0
2026-10-05,trapani,10,785,0,0.0,0,0,0.0
2026-10-05,trento,8,255,0,0.0,0,0,0.0
2026-10-05,treviso,4,140,15,10.7,15,0,7.5
2026-10-05,trieste,5,190,16,8.4,16,0,8.0
2026-10-05,tropea,1,30,0,0.0,0,0,0.0
2026-10-05,turin,47,1990,37,1.9,37,0,18.5
2026-10-05,varese,1,20,0,0.0,0,0,0.0
2026-10-05,vasto,1,10,0,0.0,0,0,0.0
2026-10-05,venice,37,2700,85,3.1,85,0,42.5
2026-10-05,ventimiglia,2,150,0,0.0,0,0,0.0
2026-10-05,verona,13,775,5,0.6,5,0,2.5
2026-10-05,viareggio,5,185,0,0.0,0,0,0.0
2026-10-05,vicenza,3,105,6,5.7,6,0,3.0
2026-10-05,vico-del-gargano,1,10,0,0.0,0,0,0.0
2026-10-05,vigevano,1,20,0,0.0,0,0,0.0
2026-10-05,villasimius,1,10,0,0.0,0,0,0.0
2026-10-06,agrigento,6,220,1,0.5,0,1,0.5
2026-10-06,alberobello,2,55,3,5.5,0,3,1.5
2026-10-06,alessandria,1,15,0,0.0,0,0,0.0
2026-10-06,alghero,8,230,4,1.7,4,0,2.0
2026-10-06,altamura,3,40,0,0.0,0,0,0.0
2026-10-06,amalfi,3,115,5,4.3,0,5,2.5
2026-10-06,ancona,5,280,0,0.0,0,0,0.0
2026-10-06,angri,1,50,0,0.0,0,0,0.0
2026-10-06,aosta,6,225,1,0.4,0,1,0.5
2026-10-06,arezzo,6,185,1,0.5,0,1,0.5
2026-10-06,assisi,4,120,25,20.8,25,0,12.5
2026-10-06,asti,2,30,0,0.0,0,0,0.0
2026-10-06,avellino,1,100,0,0.0,0,0,0.0
2026-10-06,avola,1,10,0,0.0,0,0,0.0
2026-10-06,bari,37,2320,44,1.9,9,35,22.0
2026-10-06,bergamo,10,320,17,5.3,2,15,8.5
2026-10-06,bologna,31,1645,72,4.4,18,57,37.5
2026-10-06,bolzano,7,230,11,4.8,11,0,5.5
2026-10-06,boscotrecase,1,100,0,0.0,0,0,0.0
2026-10-06,brescia,6,95,0,0.0,0,0,0.0
2026-10-06,bressanone-brixen,5,110,3,2.7,3,0,1.5
2026-10-06,brindisi,7,530,16,3.0,0,16,8.0
2026-10-06,cagliari,20,500,1,0.2,0,1,0.5
2026-10-06,caltanissetta,4,60,0,0.0,0,0,0.0
2026-10-06,camaiore,1,50,0,0.0,0,0,0.0
2026-10-06,camogli,1,40,0,0.0,0,0,0.0
2026-10-06,caserta,6,230,30,13.0,30,0,15.0
2026-10-06,castellammare-del-golfo,1,20,0,0.0,0,0,0.0
2026-10-06,castellammare-di-stabia,3,510,0,0.0,0,0,0.0
2026-10-06,catania,41,1620,44,2.7,4,40,22.0
2026-10-06,catanzaro,1,10,0,0.0,0,0,0.0
2026-10-06,cecina,1,20,0,0.0,0,0,0.0
2026-10-06,cefalu,5,200,11,5.5,7,4,5.5
2026-10-06,cervia,2,30,0,0.0,0,0,0.0
2026-10-06,chiavari,1,20,0,0.0,0,0,0.0
2026-10-06,chioggia,1,100,0,0.0,0,0,0.0
2026-10-06,civitavecchia,5,115,0,0.0,0,0,0.0
2026-10-06,como,6,200,13,6.5,0,13,6.5
2026-10-06,corigliano-calabro,1,10,0,0.0,0,0,0.0
2026-10-06,cortina-d-ampezzo,1,65,0,0.0,0,0,0.0
2026-10-06,cosenza,4,150,0,0.0,0,0,0.0
2026-10-06,cremona,4,175,0,0.0,0,0,0.0
2026-10-06,crotone,1,20,0,0.0,0,0,0.0
2026-10-06,desenzano,3,125,0,0.0,0,0,0.0
2026-10-06,donnalucata,3,40,0,0.0,0,0,0.0
2026-10-06,elba,2,40,0,0.0,0,0,0.0
2026-10-06,ferrara,9,410,7,1.7,0,7,3.5
2026-10-06,finale-ligure,2,55,0,0.0,0,0,0.0
2026-10-06,florence,64,3010,143,4.8,29,118,73.5
2026-10-06,forio-ischia,1,15,0,0.0,0,0,0.0
2026-10-06,formia,1,10,0,0.0,0,0,0.0
2026-10-06,gaeta,1,20,0,0.0,0,0,0.0
2026-10-06,gallipoli,6,155,0,0.0,0,0,0.0
2026-10-06,genoa,17,775,16,2.1,1,15,8.0
2026-10-06,giardini-naxos,3,75,0,0.0,0,0,0.0
2026-10-06,gorizia,1,25,0,0.0,0,0,0.0
2026-10-06,gravina-in-puglia,1,50,0,0.0,0,0,0.0
2026-10-06,grosseto,2,50,0,0.0,0,0,0.0
2026-10-06,imola,4,380,0,0.0,0,0,0.0
2026-10-06,ischia,4,160,0,0.0,0,0,0.0
2026-10-06,isola-del-giglio,1,30,0,0.0,0,0,0.0
2026-10-06,jesolo,2,40,0,0.0,0,0,0.0
2026-10-06,la-maddalena,3,75,0,0.0,0,0,0.0
2026-10-06,la-spezia,12,540,9,1.7,0,9,4.5
2026-10-06,lamezia-terme,1,30,1,3.3,0,1,0.5
2026-10-06,lampedusa,1,50,0,0.0,0,0,0.0
2026-10-06,latina,1,200,0,0.0,0,0,0.0
2026-10-06,lecce,14,475,7,1.5,3,4,3.5
2026-10-06,lecco,4,80,3,3.8,0,3,1.5
2026-10-06,livorno,6,195,0,0.0,0,0,0.0
2026-10-06,locorotondo,2,60,0,0.0,0,0,0.0
2026-10-06,lucca,16,1025,13,1.3,0,13,6.5
2026-10-06,maglie,1,10,0,0.0,0,0,0.0
2026-10-06,mantua,1,25,0,0.0,0,0,0.0
2026-10-06,marsala,2,80,0,0.0,0,0,0.0
2026-10-06,martina-franca,1,10,0,0.0,0,0,0.0
2026-10-06,massa,2,40,0,0.0,0,0,0.0
2026-10-06,matera,8,230,11,4.8,0,11,5.5
2026-10-06,mazara-del-vallo,1,10,0,0.0,0,0,0.0
2026-10-06,merano,3,45,2,4.4,0,2,1.0
2026-10-06,messina,8,240,2,0.8,2,0,1.0
2026-10-06,mestre,9,280,7,2.5,3,4,3.5
2026-10-06,milan,154,6646,310,4.7,67,248,157.5
2026-10-06,milazzo,2,220,0,0.0,0,0,0.0
2026-10-06,mira,1,30,0,0.0,0,0,0.0
2026-10-06,modena,7,170,9,5.3,0,9,4.5
2026-10-06,modica,1,10,0,0.0,0,0,0.0
2026-10-06,monopoli,8,230,15,6.5,2,15,8.5
2026-10-06,monza,5,405,4,1.0,0,4,2.0
2026-10-06,naples,114,5723,133,2.3,30,103,66.5
2026-10-06,noto,5,110,7,6.4,0,7,3.5
2026-10-06,novara,2,225,7,3.1,7,0,3.5
2026-10-06,olbia,2,155,15,9.7,2,13,7.5
2026-10-06,ostuni,3,200,10,5.0,4,6,5.0
2026-10-06,otranto,1,100,0,0.0,0,0,0.0
2026-10-06,padua,6,285,6,2.1,1,5,3.0
2026-10-06,palau,1,20,0,0.0,0,0,0.0
2026-10-06,palermo,30,1225,71,5.8,11,63,37.0
2026-10-06,paola,1,10,0,0.0,0,0,0.0
2026-10-06,parma,7,120,1,0.8,0,1,0.5
2026-10-06,pavia,4,85,26,30.6,0,26,13.0
2026-10-06,perugia,10,220,4,1.8,0,4,2.0
2026-10-06,pesaro,3,210,1,0.5,0,1,0.5
2026-10-06,pescara,11,275,8,2.9,0,8,4.0
2026-10-06,peschiera-del-garda,1,35,0,0.0,0,0,0.0
2026-10-06,piacenza,1,25,2,8.0,0,2,1.0
2026-10-06,pisa,26,1325,35,2.6,8,34,21.0
2026-10-06,pistoia,1,25,0,0.0,0,0,0.0
2026-10-06,polignano-a-mare,7,205,10,4.9,2,8,5.0
2026-10-06,pompei,10,450,27,6.0,14,13,13.5
2026-10-06,ponza,1,20,0,0.0,0,0,0.0
2026-10-06,portici,1,50,50,100.0,0,50,25.0
2026-10-06,porto-torres,4,200,0,0.0,0,0,0.0
2026-10-06,positano,1,20,3,15.0,0,3,1.5
2026-10-06,potenza,2,120,0,0.0,0,0,0.0
2026-10-06,prato,3,70,0,0.0,0,0,0.0
2026-10-06,procida,1,250,3,1.2,3,0,1.5
2026-10-06,ragusa,5,95,0,0.0,0,0,0.0
2026-10-06,rapallo,4,115,0,0.0,0,0,0.0
2026-10-06,ravenna,6,150,2,1.3,0,2,1.0
2026-10-06,reggio-calabria,9,660,3,0.5,3,0,1.5
2026-10-06,reggio-emilia,3,85,0,0.0,0,0,0.0
2026-10-06,rho,1,20,0,0.0,0,0,0.0
2026-10-06,riccione,4,115,0,0.0,0,0,0.0
2026-10-06,rimini,15,612,0,0.0,0,0,0.0
2026-10-06,riomaggiore,1,35,1,2.9,1,0,0.5
2026-10-06,rivoli,1,20,0,0.0,0,0,0.0
2026-10-06,rome,256,14659,496,3.4,135,394,264.5
2026-10-06,rovereto,1,20,1,5.0,0,1,0.5
2026-10-06,rovigo,1,20,0,0.0,0,0,0.0
2026-10-06,salerno,12,450,19,4.2,3,16,9.5
2026-10-06,san-teodoro,1,45,0,0.0,0,0,0.0
2026-10-06,sanremo,1,20,0,0.0,0,0,0.0
2026-10-06,sassari,4,90,0,0.0,0,0,0.0
2026-10-06,savona,6,140,0,0.0,0,0,0.0
2026-10-06,scicli,1,10,0,0.0,0,0,0.0
2026-10-06,sestri-levante,1,20,0,0.0,0,0,0.0
2026-10-06,siena,15,502,4,0.8,0,4,2.0
2026-10-06,sirmione,3,150,0,0.0,0,0,0.0
2026-10-06,sorrento,13,870,21,2.4,6,15,10.5
2026-10-06,stromboli,2,40,0,0.0,0,0,0.0
2026-10-06,syracuse,14,460,9,2.0,0,9,4.5
2026-10-06,taormina,2,70,3,4.3,0,3,1.5
2026-10-06,taranto,5,130,0,0.0,0,0,0.0
2026-10-06,terni,1,300,0,0.0,0,0,0.0
2026-10-06,tirano,3,70,5,7.1,2,3,2.5
2026-10-06,tivoli,1,20,0,0.0,0,0,0.0
2026-10-06,trani,1,50,0,0.0,0,0,0.0
2026-10-06,trapani,10,785,8,1.0,0,8,4.0
2026-10-06,trento,9,295,0,0.0,0,0,0.0
2026-10-06,treviso,5,240,19,7.9,0,19,9.5
2026-10-06,trieste,6,235,7,3.0,0,7,3.5
2026-10-06,tropea,1,30,0,0.0,0,0,0.0
2026-10-06,turin,49,2080,21,1.0,3,18,10.5
2026-10-06,varese,1,20,0,0.0,0,0,0.0
2026-10-06,vasto,1,10,0,0.0,0,0,0.0
2026-10-06,venice,37,2630,93,3.5,30,68,49.0
2026-10-06,ventimiglia,2,150,0,0.0,0,0,0.0
2026-10-06,verona,15,865,13,1.5,0,13,6.5
2026-10-06,viareggio,5,185,2,1.1,2,0,1.0
2026-10-06,vicenza,3,105,8,7.6,0,8,4.0
2026-10-06,vico-del-gargano,1,10,0,0.0,0,0,0.0
2026-10-06,vigevano,1,20,0,0.0,0,0,0.0
2026-10-06,villasimius,1,10,2,20.0,2,0,1.0
2026-10-07,agrigento,6,220,0,0.0,0,0,0.0
2026-10-07,alberobello,2,55,0,0.0,0,0,0.0
2026-10-07,alessandria,1,15,0,0.0,0,0,0.0
2026-10-07,alghero,8,230,9,3.9,6,3,4.5
2026-10-07,altamura,2,20,0,0.0,0,0,0.0
2026-10-07,amalfi,2,80,3,3.8,0,3,1.5
2026-10-07,ancona,5,280,0,0.0,0,0,0.0
2026-10-07,angri,1,50,0,0.0,0,0,0.0
2026-10-07,aosta,6,225,0,0.0,0,0,0.0
2026-10-07,arezzo,6,185,0,0.0,0,0,0.0
2026-10-07,assisi,3,95,4,4.2,0,4,2.0
2026-10-07,asti,2,30,0,0.0,0,0,0.0
2026-10-07,avellino,1,100,0,0.0,0,0,0.0
2026-10-07,avola,1,10,0,0.0,0,0,0.0
2026-10-07,bari,38,2355,40,1.7,7,33,20.0
2026-10-07,bergamo,10,320,4,1.2,0,4,2.0
2026-10-07,bologna,33,1675,27,1.6,4,23,13.5
2026-10-07,bolzano,7,230,15,6.5,10,7,8.5
2026-10-07,boscotrecase,1,100,0,0.0,0,0,0.0
2026-10-07,brescia,6,95,0,0.0,0,0,0.0
2026-10-07,bressanone-brixen,5,110,2,1.8,2,0,1.0
2026-10-07,brindisi,7,530,6,1.1,0,6,3.0
2026-10-07,cagliari,20,500,1,0.2,0,1,0.5
2026-10-07,caltanissetta,4,60,0,0.0,0,0,0.0
2026-10-07,camaiore,1,50,0,0.0,0,0,0.0
2026-10-07,camogli,1,40,0,0.0,0,0,0.0
2026-10-07,caserta,6,230,4,1.7,0,4,2.0
2026-10-07,castellammare-del-golfo,1,20,0,0.0,0,0,0.0
2026-10-07,castellammare-di-stabia,3,510,0,0.0,0,0,0.0
2026-10-07,catania,41,1620,39,2.4,2,37,19.5
2026-10-07,catanzaro,1,10,0,0.0,0,0,0.0
2026-10-07,cecina,1,20,0,0.0,0,0,0.0
2026-10-07,cefalu,5,200,5,2.5,0,5,2.5
2026-10-07,cervia,2,30,0,0.0,0,0,0.0
2026-10-07,chiavari,1,20,1,5.0,0,1,0.5
2026-10-07,chioggia,1,100,0,0.0,0,0,0.0
2026-10-07,civitavecchia,5,115,3,2.6,3,0,1.5
2026-10-07,como,6,205,12,5.9,0,12,6.0
2026-10-07,corigliano-calabro,1,10,0,0.0,0,0,0.0
2026-10-07,cortina-d-ampezzo,1,65,0,0.0,0,0,0.0
2026-10-07,cosenza,4,150,0,0.0,0,0,0.0
2026-10-07,cremona,4,175,2,1.1,0,2,1.0
2026-10-07,crotone,1,20,0,0.0,0,0,0.0
2026-10-07,desenzano,3,125,0,0.0,0,0,0.0
2026-10-07,donnalucata,3,40,0,0.0,0,0,0.0
2026-10-07,elba,2,40,0,0.0,0,0,0.0
2026-10-07,ferrara,9,410,2,0.5,0,2,1.0
2026-10-07,finale-ligure,2,55,0,0.0,0,0,0.0
2026-10-07,florence,66,3070,110,3.6,17,95,56.0
2026-10-07,forio-ischia,1,15,0,0.0,0,0,0.0
2026-10-07,formia,1,10,0,0.0,0,0,0.0
2026-10-07,gaeta,1,20,0,0.0,0,0,0.0
2026-10-07,gallipoli,5,135,3,2.2,0,3,1.5
2026-10-07,genoa,17,845,2,0.2,0,2,1.0
2026-10-07,giardini-naxos,3,75,2,2.7,0,2,1.0
2026-10-07,gorizia,1,25,4,16.0,0,4,2.0
2026-10-07,gravina-in-puglia,1,50,0,0.0,0,0,0.0
2026-10-07,grosseto,2,50,0,0.0,0,0,0.0
2026-10-07,imola,4,380,0,0.0,0,0,0.0
2026-10-07,ischia,4,160,0,0.0,0,0,0.0
2026-10-07,isola-del-giglio,1,30,0,0.0,0,0,0.0
2026-10-07,jesolo,2,40,0,0.0,0,0,0.0
2026-10-07,la-maddalena,3,75,0,0.0,0,0,0.0
2026-10-07,la-spezia,11,500,7,1.4,2,5,3.5
2026-10-07,lamezia-terme,1,30,0,0.0,0,0,0.0
2026-10-07,lampedusa,1,50,0,0.0,0,0,0.0
2026-10-07,latina,1,200,0,0.0,0,0,0.0
2026-10-07,lecce,14,475,34,7.2,1,33,17.0
2026-10-07,lecco,4,80,4,5.0,1,3,2.0
2026-10-07,livorno,6,195,1,0.5,0,1,0.5
2026-10-07,locorotondo,2,60,0,0.0,0,0,0.0
2026-10-07,lucca,16,1025,8,0.8,2,6,4.0
2026-10-07,maglie,1,10,0,0.0,0,0,0.0
2026-10-07,mantua,1,25,4,16.0,0,4,2.0
2026-10-07,marsala,2,80,0,0.0,0,0,0.0
2026-10-07,martina-franca,1,10,0,0.0,0,0,0.0
2026-10-07,massa,2,40,0,0.0,0,0,0.0
2026-10-07,matera,8,230,26,11.3,3,23,13.0
2026-10-07,mazara-del-vallo,1,10,0,0.0,0,0,0.0
2026-10-07,merano,3,45,2,4.4,0,3,1.5
2026-10-07,messina,8,240,12,5.0,2,13,7.5
2026-10-07,mestre,10,580,5,0.9,2,3,2.5
2026-10-07,milan,153,6491,316,4.9,44,274,159.0
2026-10-07,milazzo,2,220,0,0.0,0,0,0.0
2026-10-07,mira,1,30,0,0.0,0,0,0.0
2026-10-07,modena,8,210,4,1.9,0,4,2.0
2026-10-07,modica,1,10,0,0.0,0,0,0.0
2026-10-07,monopoli,8,230,5,2.2,0,5,2.5
2026-10-07,monza,5,405,0,0.0,0,0,0.0
2026-10-07,naples,115,5738,85,1.5,23,62,42.5
2026-10-07,noto,5,110,6,5.5,0,6,3.0
2026-10-07,novara,2,225,0,0.0,0,0,0.0
2026-10-07,olbia,2,155,12,7.7,1,11,6.0
2026-10-07,ostuni,3,200,5,2.5,0,5,2.5
2026-10-07,padua,6,285,9,3.2,3,6,4.5
2026-10-07,palau,1,20,0,0.0,0,0,0.0
2026-10-07,palermo,29,1180,46,3.9,9,37,23.0
2026-10-07,paola,1,10,0,0.0,0,0,0.0
2026-10-07,parma,7,120,3,2.5,1,2,1.5
2026-10-07,pavia,4,85,2,2.4,0,2,1.0
2026-10-07,perugia,10,220,3,1.4,0,3,1.5
2026-10-07,pesaro,3,210,0,0.0,0,0,0.0
2026-10-07,pescara,11,275,2,0.7,0,2,1.0
2026-10-07,peschiera-del-garda,1,35,3,8.6,0,3,1.5
2026-10-07,piacenza,1,25,3,12.0,1,2,1.5
2026-10-07,pisa,26,1325,39,2.9,10,29,19.5
2026-10-07,pistoia,1,25,0,0.0,0,0,0.0
2026-10-07,pizzo-calabro,1,20,0,0.0,0,0,0.0
2026-10-07,polignano-a-mare,7,205,4,2.0,0,4,2.0
2026-10-07,pompei,10,450,17,3.8,5,14,9.5
2026-10-07,ponza,1,20,0,0.0,0,0,0.0
2026-10-07,portici,1,50,0,0.0,0,0,0.0
2026-10-07,porto-torres,4,200,0,0.0,0,0,0.0
2026-10-07,positano,1,20,0,0.0,0,0,0.0
2026-10-07,potenza,2,120,0,0.0,0,0,0.0
2026-10-07,prato,3,70,4,5.7,0,4,2.0
2026-10-07,procida,1,250,0,0.0,0,0,0.0
2026-10-07,ragusa,6,105,2,1.9,0,2,1.0
2026-10-07,rapallo,4,115,0,0.0,0,0,0.0
2026-10-07,ravenna,6,150,4,2.7,0,4,2.0
2026-10-07,reggio-calabria,9,650,2,0.3,2,0,1.0
2026-10-07,reggio-emilia,3,85,0,0.0,0,0,0.0
2026-10-07,rho,1,20,0,0.0,0,0,0.0
2026-10-07,riccione,4,115,0,0.0,0,0,0.0
2026-10-07,rimini,15,612,0,0.0,0,0,0.0
2026-10-07,riomaggiore,1,35,0,0.0,0,0,0.0
2026-10-07,rivoli,1,20,0,0.0,0,0,0.0
2026-10-07,rome,256,14334,503,3.5,142,381,261.5
2026-10-07,rovereto,1,20,0,0.0,0,0,0.0
2026-10-07,rovigo,1,20,0,0.0,0,0,0.0
2026-10-07,salerno,12,455,17,3.7,3,14,8.5
2026-10-07,san-teodoro,1,45,0,0.0,0,0,0.0
2026-10-07,san-vito-lo-capo,1,50,0,0.0,0,0,0.0
2026-10-07,sanremo,1,20,0,0.0,0,0,0.0
2026-10-07,sassari,4,90,3,3.3,0,3,1.5
2026-10-07,savona,6,140,6,4.3,0,6,3.0
2026-10-07,sestri-levante,2,55,0,0.0,0,0,0.0
2026-10-07,siena,15,502,6,1.2,0,6,3.0
2026-10-07,sirmione,3,150,0,0.0,0,0,0.0
2026-10-07,sorrento,13,870,4,0.5,2,2,2.0
2026-10-07,stromboli,2,40,0,0.0,0,0,0.0
2026-10-07,syracuse,14,460,20,4.3,1,19,10.0
2026-10-07,taormina,1,50,6,12.0,2,4,3.0
2026-10-07,taranto,5,130,0,0.0,0,0,0.0
2026-10-07,terni,1,300,0,0.0,0,0,0.0
2026-10-07,tirano,2,30,0,0.0,0,0,0.0
2026-10-07,tivoli,1,20,0,0.0,0,0,0.0
2026-10-07,trani,1,50,0,0.0,0,0,0.0
2026-10-07,trapani,10,785,5,0.6,0,5,2.5
2026-10-07,trento,9,295,6,2.0,4,2,3.0
2026-10-07,treviso,5,240,8,3.3,0,8,4.0
2026-10-07,trieste,6,235,2,0.9,1,1,1.0
2026-10-07,tropea,1,30,0,0.0,0,0,0.0
2026-10-07,turin,48,2050,32,1.6,5,27,16.0
2026-10-07,varese,1,20,0,0.0,0,0,0.0
2026-10-07,vasto,1,10,0,0.0,0,0,0.0
2026-10-07,venice,36,2600,112,4.3,30,82,56.0
2026-10-07,ventimiglia,2,150,0,0.0,0,0,0.0
2026-10-07,verona,15,865,17,2.0,3,15,9.0
2026-10-07,viareggio,5,185,0,0.0,0,0,0.0
2026-10-07,vicenza,3,105,2,1.9,0,2,1.0
2026-10-07,vico-del-gargano,1,10,0,0.0,0,0,0.0
2026-10-07,vigevano,1,20,0,0.0,0,0,0.0
2026-10-07,villasimius,1,10,0,0.0,0,0,0.0
