day,city,shop_id,name,locker_type,readings,free_min,free_max,peak_seen,busiest_pct
2026-09-23,bari,18,Bari Centrale Train Station,Maxi,1,17,17,19,10.5
2026-09-23,bari,18,Bari Centrale Train Station,Small,1,10,10,13,23.1
2026-09-23,bari,18,Bari Centrale Train Station,Standard,1,17,17,22,22.7
2026-09-23,bologna,32,Bologna Centrale Train Station,Maxi,1,19,19,21,9.5
2026-09-23,bologna,32,Bologna Centrale Train Station,Small,1,16,16,20,20.0
2026-09-23,bologna,32,Bologna Centrale Train Station,Standard,1,25,25,30,16.7
2026-09-23,bologna,48,Sant'Orsola Hospital,Maxi,1,10,10,10,0.0
2026-09-23,bologna,48,Sant'Orsola Hospital,Small,1,29,29,29,0.0
2026-09-23,bologna,48,Sant'Orsola Hospital,Standard,1,10,10,10,0.0
2026-09-23,bologna,56,Piazza Maggiore | City Center,Maxi,1,31,31,31,0.0
2026-09-23,bologna,56,Piazza Maggiore | City Center,Small,1,22,22,22,0.0
2026-09-23,bologna,56,Piazza Maggiore | City Center,Standard,1,36,36,37,2.7
2026-09-23,brescia,40,Brescia Train Station,Maxi,1,13,13,13,0.0
2026-09-23,brescia,40,Brescia Train Station,Small,1,4,4,4,0.0
2026-09-23,brescia,40,Brescia Train Station,Standard,1,16,16,16,0.0
2026-09-23,catania,10,Via Etnea | Bellini Theater,Maxi,1,9,9,9,0.0
2026-09-23,catania,10,Via Etnea | Bellini Theater,Small,1,9,9,9,0.0
2026-09-23,catania,10,Via Etnea | Bellini Theater,Standard,1,14,14,14,0.0
2026-09-23,florence,24,Florence SMN Train Station,Maxi,1,12,12,21,42.9
2026-09-23,florence,24,Florence SMN Train Station,Small,1,14,14,19,26.3
2026-09-23,florence,24,Florence SMN Train Station,Standard,1,27,27,30,10.0
2026-09-23,florence,5,Uffizi District,Maxi,1,17,17,19,10.5
2026-09-23,florence,5,Uffizi District,Small,1,17,17,19,10.5
2026-09-23,florence,5,Uffizi District,Standard,1,9,9,10,10.0
2026-09-23,florence,6,City Center |  Florence Station,Maxi,1,11,11,16,31.2
2026-09-23,florence,6,City Center |  Florence Station,Small,1,11,11,16,31.2
2026-09-23,florence,6,City Center |  Florence Station,Standard,1,8,8,8,0.0
2026-09-23,genoa,25,Genoa Piazza Principe Train Station,Maxi,1,7,7,8,12.5
2026-09-23,genoa,25,Genoa Piazza Principe Train Station,Small,1,7,7,8,12.5
2026-09-23,genoa,25,Genoa Piazza Principe Train Station,Standard,1,10,10,11,9.1
2026-09-23,milan,3,Milano Centrale Train Station,Maxi,1,40,40,46,13.0
2026-09-23,milan,3,Milano Centrale Train Station,Small,1,30,30,35,14.3
2026-09-23,milan,3,Milano Centrale Train Station,Standard,1,54,54,65,16.9
2026-09-23,milan,36,Cadorna Train Station,Maxi,1,17,17,25,32.0
2026-09-23,milan,36,Cadorna Train Station,Small,1,33,33,36,8.3
2026-09-23,milan,36,Cadorna Train Station,Standard,1,36,36,38,5.3
2026-09-23,milan,47,Duomo District,Maxi,1,12,12,17,29.4
2026-09-23,milan,47,Duomo District,Small,1,9,9,11,18.2
2026-09-23,milan,47,Duomo District,Standard,1,15,15,21,28.6
2026-09-23,milan,59,Porta Garibaldi Train Station,Maxi,1,30,30,30,0.0
2026-09-23,milan,59,Porta Garibaldi Train Station,Small,1,13,13,14,7.1
2026-09-23,milan,59,Porta Garibaldi Train Station,Standard,1,31,31,33,6.1
2026-09-23,naples,60,Naples Port - Molo Beverello,Maxi,1,18,18,24,25.0
2026-09-23,naples,60,Naples Port - Molo Beverello,Small,1,11,11,14,21.4
2026-09-23,naples,60,Naples Port - Molo Beverello,Standard,1,32,32,34,5.9
2026-09-23,naples,7,Naples Centrale Train Station,Maxi,1,15,15,17,11.8
2026-09-23,naples,7,Naples Centrale Train Station,Small,1,15,15,17,11.8
2026-09-23,naples,7,Naples Centrale Train Station,Standard,1,1,1,7,85.7
2026-09-23,palermo,26,City Center | Massimo Theater,Maxi,1,12,12,13,7.7
2026-09-23,palermo,26,City Center | Massimo Theater,Small,1,12,12,13,7.7
2026-09-23,palermo,26,City Center | Massimo Theater,Standard,1,16,16,18,11.1
2026-09-23,parma,50,Parma Train Station,Maxi,1,31,31,31,0.0
2026-09-23,parma,50,Parma Train Station,Small,1,31,31,31,0.0
2026-09-23,parma,50,Parma Train Station,Standard,1,31,31,31,0.0
2026-09-23,pisa,13,City Center | Pisa Station,Maxi,1,9,9,12,25.0
2026-09-23,pisa,13,City Center | Pisa Station,Small,1,9,9,12,25.0
2026-09-23,pisa,13,City Center | Pisa Station,Standard,1,10,10,12,16.7
2026-09-23,pisa,39,Pisa Centrale Train Station,Maxi,1,15,15,16,6.2
2026-09-23,pisa,39,Pisa Centrale Train Station,Small,1,13,13,14,7.1
2026-09-23,pisa,39,Pisa Centrale Train Station,Standard,1,26,26,26,0.0
2026-09-23,rome,1,Vatican Museums,Maxi,1,27,27,28,3.6
2026-09-23,rome,1,Vatican Museums,Small,1,27,27,28,3.6
2026-09-23,rome,1,Vatican Museums,Standard,1,0,0,7,100.0
2026-09-23,rome,2,City Center | Termini Station,Maxi,1,9,9,15,40.0
2026-09-23,rome,2,City Center | Termini Station,Small,1,2,2,6,66.7
2026-09-23,rome,2,City Center | Termini Station,Standard,1,10,10,21,52.4
2026-09-23,rome,21,Colosseum,Maxi,1,18,18,23,21.7
2026-09-23,rome,21,Colosseum,Small,1,18,18,23,21.7
2026-09-23,rome,21,Colosseum,Standard,1,10,10,18,44.4
2026-09-23,rome,22,Trastevere,Maxi,1,12,12,15,20.0
2026-09-23,rome,22,Trastevere,Small,1,12,12,15,20.0
2026-09-23,rome,22,Trastevere,Standard,1,5,5,9,44.4
2026-09-23,rome,31,Termini Train Station,Maxi,1,6,6,14,57.1
2026-09-23,rome,31,Termini Train Station,Small,1,7,7,11,36.4
2026-09-23,rome,31,Termini Train Station,Standard,1,15,15,21,28.6
2026-09-23,rome,37,St. Peter's Basilica,Maxi,1,16,16,17,5.9
2026-09-23,rome,37,St. Peter's Basilica,Small,1,5,5,6,16.7
2026-09-23,rome,37,St. Peter's Basilica,Standard,1,21,21,22,4.5
2026-09-23,rome,4,Spanish Steps District,Maxi,1,16,16,17,5.9
2026-09-23,rome,4,Spanish Steps District,Small,1,16,16,17,5.9
2026-09-23,rome,4,Spanish Steps District,Standard,1,2,2,4,50.0
2026-09-23,siena,38,Piazza del Campo,Maxi,1,19,19,21,9.5
2026-09-23,siena,38,Piazza del Campo,Small,1,4,4,6,33.3
2026-09-23,siena,38,Piazza del Campo,Standard,1,28,28,29,3.4
2026-09-23,turin,17,Turin Porta Nuova Train Station,Maxi,1,12,12,14,14.3
2026-09-23,turin,17,Turin Porta Nuova Train Station,Small,1,12,12,14,14.3
2026-09-23,turin,17,Turin Porta Nuova Train Station,Standard,1,9,9,12,25.0
2026-09-23,venice,51,Rialto Bridge,Maxi,1,24,24,25,4.0
2026-09-23,venice,51,Rialto Bridge,Small,1,14,14,14,0.0
2026-09-23,venice,51,Rialto Bridge,Standard,1,30,30,30,0.0
2026-09-23,venice,8,City Center | Rialto District,Maxi,1,17,17,17,0.0
2026-09-23,venice,8,City Center | Rialto District,Small,1,17,17,17,0.0
2026-09-23,venice,8,City Center | Rialto District,Standard,1,17,17,17,0.0
2026-09-23,venice,9,Santa Lucia Train Station,Maxi,1,8,8,16,50.0
2026-09-23,venice,9,Santa Lucia Train Station,Small,1,8,8,16,50.0
2026-09-23,venice,9,Santa Lucia Train Station,Standard,1,4,4,18,77.8
2026-09-23,verona,14,Verona Arena,Maxi,1,10,10,14,28.6
2026-09-23,verona,14,Verona Arena,Small,1,10,10,14,28.6
2026-09-23,verona,14,Verona Arena,Standard,1,12,12,13,7.7
2026-09-24,bari,18,Bari Centrale Train Station,Maxi,14,12,18,19,36.8
2026-09-24,bari,18,Bari Centrale Train Station,Small,14,6,12,13,53.8
2026-09-24,bari,18,Bari Centrale Train Station,Standard,14,6,22,22,72.7
2026-09-24,bologna,32,Bologna Centrale Train Station,Maxi,14,9,20,21,57.1
2026-09-24,bologna,32,Bologna Centrale Train Station,Small,14,2,19,20,90.0
2026-09-24,bologna,32,Bologna Centrale Train Station,Standard,14,8,30,30,73.3
2026-09-24,bologna,48,Sant'Orsola Hospital,Maxi,14,9,10,10,10.0
2026-09-24,bologna,48,Sant'Orsola Hospital,Small,14,29,29,29,0.0
2026-09-24,bologna,48,Sant'Orsola Hospital,Standard,14,9,10,10,10.0
2026-09-24,bologna,56,Piazza Maggiore | City Center,Maxi,14,30,31,31,3.2
2026-09-24,bologna,56,Piazza Maggiore | City Center,Small,14,20,22,22,9.1
2026-09-24,bologna,56,Piazza Maggiore | City Center,Standard,14,35,36,37,5.4
2026-09-24,brescia,40,Brescia Train Station,Maxi,14,9,13,13,30.8
2026-09-24,brescia,40,Brescia Train Station,Small,14,2,4,4,50.0
2026-09-24,brescia,40,Brescia Train Station,Standard,14,11,16,16,31.2
2026-09-24,catania,10,Via Etnea | Bellini Theater,Maxi,14,9,9,9,0.0
2026-09-24,catania,10,Via Etnea | Bellini Theater,Small,14,9,9,9,0.0
2026-09-24,catania,10,Via Etnea | Bellini Theater,Standard,14,11,14,14,21.4
2026-09-24,florence,24,Florence SMN Train Station,Maxi,14,0,20,21,100.0
2026-09-24,florence,24,Florence SMN Train Station,Small,14,4,19,19,78.9
2026-09-24,florence,24,Florence SMN Train Station,Standard,14,6,28,30,80.0
2026-09-24,florence,5,Uffizi District,Maxi,14,7,18,19,63.2
2026-09-24,florence,5,Uffizi District,Small,14,7,18,19,63.2
2026-09-24,florence,5,Uffizi District,Standard,14,0,10,10,100.0
2026-09-24,florence,6,City Center |  Florence Station,Maxi,14,0,15,16,100.0
2026-09-24,florence,6,City Center |  Florence Station,Small,14,0,15,16,100.0
2026-09-24,florence,6,City Center |  Florence Station,Standard,14,0,8,8,100.0
2026-09-24,genoa,25,Genoa Piazza Principe Train Station,Maxi,14,7,8,8,12.5
2026-09-24,genoa,25,Genoa Piazza Principe Train Station,Small,14,7,8,8,12.5
2026-09-24,genoa,25,Genoa Piazza Principe Train Station,Standard,14,4,10,11,63.6
2026-09-24,milan,3,Milano Centrale Train Station,Maxi,14,25,44,46,45.7
2026-09-24,milan,3,Milano Centrale Train Station,Small,14,5,33,35,85.7
2026-09-24,milan,3,Milano Centrale Train Station,Standard,14,30,62,65,53.8
2026-09-24,milan,36,Cadorna Train Station,Maxi,14,1,25,25,96.0
2026-09-24,milan,36,Cadorna Train Station,Small,14,24,36,36,33.3
2026-09-24,milan,36,Cadorna Train Station,Standard,14,9,38,38,76.3
2026-09-24,milan,47,Duomo District,Maxi,14,11,17,17,35.3
2026-09-24,milan,47,Duomo District,Small,14,0,11,11,100.0
2026-09-24,milan,47,Duomo District,Standard,14,3,20,21,85.7
2026-09-24,milan,59,Porta Garibaldi Train Station,Maxi,14,23,30,30,23.3
2026-09-24,milan,59,Porta Garibaldi Train Station,Small,14,11,13,14,21.4
2026-09-24,milan,59,Porta Garibaldi Train Station,Standard,14,30,32,33,9.1
2026-09-24,naples,60,Naples Port - Molo Beverello,Maxi,14,13,23,24,45.8
2026-09-24,naples,60,Naples Port - Molo Beverello,Small,14,10,14,14,28.6
2026-09-24,naples,60,Naples Port - Molo Beverello,Standard,14,25,34,34,26.5
2026-09-24,naples,7,Naples Centrale Train Station,Maxi,14,6,15,17,64.7
2026-09-24,naples,7,Naples Centrale Train Station,Small,14,6,15,17,64.7
2026-09-24,naples,7,Naples Centrale Train Station,Standard,14,0,5,7,100.0
2026-09-24,palermo,26,City Center | Massimo Theater,Maxi,14,11,13,13,15.4
2026-09-24,palermo,26,City Center | Massimo Theater,Small,14,11,13,13,15.4
2026-09-24,palermo,26,City Center | Massimo Theater,Standard,14,9,18,18,50.0
2026-09-24,parma,50,Parma Train Station,Maxi,14,26,31,31,16.1
2026-09-24,parma,50,Parma Train Station,Small,14,26,31,31,16.1
2026-09-24,parma,50,Parma Train Station,Standard,14,26,31,31,16.1
2026-09-24,pisa,13,City Center | Pisa Station,Maxi,14,0,12,12,100.0
2026-09-24,pisa,13,City Center | Pisa Station,Small,14,0,12,12,100.0
2026-09-24,pisa,13,City Center | Pisa Station,Standard,14,1,12,12,91.7
2026-09-24,pisa,39,Pisa Centrale Train Station,Maxi,14,4,15,16,75.0
2026-09-24,pisa,39,Pisa Centrale Train Station,Small,14,10,14,14,28.6
2026-09-24,pisa,39,Pisa Centrale Train Station,Standard,14,23,26,26,11.5
2026-09-24,rome,1,Vatican Museums,Maxi,14,14,28,28,50.0
2026-09-24,rome,1,Vatican Museums,Small,14,14,28,28,50.0
2026-09-24,rome,1,Vatican Museums,Standard,14,0,6,7,100.0
2026-09-24,rome,2,City Center | Termini Station,Maxi,14,0,14,15,100.0
2026-09-24,rome,2,City Center | Termini Station,Small,14,0,5,6,100.0
2026-09-24,rome,2,City Center | Termini Station,Standard,14,0,21,21,100.0
2026-09-24,rome,21,Colosseum,Maxi,14,1,23,23,95.7
2026-09-24,rome,21,Colosseum,Small,14,1,23,23,95.7
2026-09-24,rome,21,Colosseum,Standard,14,2,18,18,88.9
2026-09-24,rome,22,Trastevere,Maxi,14,8,15,15,46.7
2026-09-24,rome,22,Trastevere,Small,14,8,15,15,46.7
2026-09-24,rome,22,Trastevere,Standard,14,0,5,9,100.0
2026-09-24,rome,31,Termini Train Station,Maxi,14,0,12,14,100.0
2026-09-24,rome,31,Termini Train Station,Small,14,0,11,11,100.0
2026-09-24,rome,31,Termini Train Station,Standard,14,0,21,21,100.0
2026-09-24,rome,37,St. Peter's Basilica,Maxi,14,10,17,17,41.2
2026-09-24,rome,37,St. Peter's Basilica,Small,14,0,6,6,100.0
2026-09-24,rome,37,St. Peter's Basilica,Standard,14,18,22,22,18.2
2026-09-24,rome,4,Spanish Steps District,Maxi,14,5,17,17,70.6
2026-09-24,rome,4,Spanish Steps District,Small,14,5,17,17,70.6
2026-09-24,rome,4,Spanish Steps District,Standard,14,0,3,4,100.0
2026-09-24,siena,38,Piazza del Campo,Maxi,14,11,21,21,47.6
2026-09-24,siena,38,Piazza del Campo,Small,14,4,6,6,33.3
2026-09-24,siena,38,Piazza del Campo,Standard,14,27,29,29,6.9
2026-09-24,turin,17,Turin Porta Nuova Train Station,Maxi,14,12,14,14,14.3
2026-09-24,turin,17,Turin Porta Nuova Train Station,Small,14,12,14,14,14.3
2026-09-24,turin,17,Turin Porta Nuova Train Station,Standard,14,1,12,12,91.7
2026-09-24,venice,51,Rialto Bridge,Maxi,14,21,25,25,16.0
2026-09-24,venice,51,Rialto Bridge,Small,14,9,14,14,35.7
2026-09-24,venice,51,Rialto Bridge,Standard,14,26,30,30,13.3
2026-09-24,venice,8,City Center | Rialto District,Maxi,14,10,17,17,41.2
2026-09-24,venice,8,City Center | Rialto District,Small,14,10,17,17,41.2
2026-09-24,venice,8,City Center | Rialto District,Standard,14,10,17,17,41.2
2026-09-24,venice,9,Santa Lucia Train Station,Maxi,14,0,16,16,100.0
2026-09-24,venice,9,Santa Lucia Train Station,Small,14,0,16,16,100.0
2026-09-24,venice,9,Santa Lucia Train Station,Standard,14,0,14,18,100.0
2026-09-24,verona,14,Verona Arena,Maxi,14,6,14,14,57.1
2026-09-24,verona,14,Verona Arena,Small,14,6,14,14,57.1
2026-09-24,verona,14,Verona Arena,Standard,14,1,13,13,92.3
2026-09-25,bari,18,Bari Centrale Train Station,Maxi,16,12,18,19,36.8
2026-09-25,bari,18,Bari Centrale Train Station,Small,16,0,12,13,100.0
2026-09-25,bari,18,Bari Centrale Train Station,Standard,16,0,19,22,100.0
2026-09-25,bologna,32,Bologna Centrale Train Station,Maxi,16,0,21,21,100.0
2026-09-25,bologna,32,Bologna Centrale Train Station,Small,16,7,17,20,65.0
2026-09-25,bologna,32,Bologna Centrale Train Station,Standard,16,10,29,30,66.7
2026-09-25,bologna,48,Sant'Orsola Hospital,Maxi,16,10,10,10,0.0
2026-09-25,bologna,48,Sant'Orsola Hospital,Small,16,29,29,29,0.0
2026-09-25,bologna,48,Sant'Orsola Hospital,Standard,16,10,10,10,0.0
2026-09-25,bologna,56,Piazza Maggiore | City Center,Maxi,16,30,31,31,3.2
2026-09-25,bologna,56,Piazza Maggiore | City Center,Small,16,19,22,22,13.6
2026-09-25,bologna,56,Piazza Maggiore | City Center,Standard,16,36,36,37,2.7
2026-09-25,brescia,40,Brescia Train Station,Maxi,16,11,13,13,15.4
2026-09-25,brescia,40,Brescia Train Station,Small,16,2,4,4,50.0
2026-09-25,brescia,40,Brescia Train Station,Standard,16,15,16,16,6.2
2026-09-25,catania,10,Via Etnea | Bellini Theater,Maxi,16,8,9,9,11.1
2026-09-25,catania,10,Via Etnea | Bellini Theater,Small,16,8,9,9,11.1
2026-09-25,catania,10,Via Etnea | Bellini Theater,Standard,16,13,14,14,7.1
2026-09-25,florence,24,Florence SMN Train Station,Maxi,16,0,18,21,100.0
2026-09-25,florence,24,Florence SMN Train Station,Small,16,0,19,19,100.0
2026-09-25,florence,24,Florence SMN Train Station,Standard,16,0,28,30,100.0
2026-09-25,florence,5,Uffizi District,Maxi,16,2,17,19,89.5
2026-09-25,florence,5,Uffizi District,Small,16,2,17,19,89.5
2026-09-25,florence,5,Uffizi District,Standard,16,1,10,10,90.0
2026-09-25,florence,6,City Center |  Florence Station,Maxi,16,0,13,16,100.0
2026-09-25,florence,6,City Center |  Florence Station,Small,16,0,13,16,100.0
2026-09-25,florence,6,City Center |  Florence Station,Standard,16,0,8,8,100.0
2026-09-25,genoa,25,Genoa Piazza Principe Train Station,Maxi,16,3,8,8,62.5
2026-09-25,genoa,25,Genoa Piazza Principe Train Station,Small,16,3,8,8,62.5
2026-09-25,genoa,25,Genoa Piazza Principe Train Station,Standard,16,6,11,11,45.5
2026-09-25,milan,3,Milano Centrale Train Station,Maxi,16,6,41,46,87.0
2026-09-25,milan,3,Milano Centrale Train Station,Small,16,9,33,35,74.3
2026-09-25,milan,3,Milano Centrale Train Station,Standard,16,25,63,65,61.5
2026-09-25,milan,36,Cadorna Train Station,Maxi,16,0,25,25,100.0
2026-09-25,milan,36,Cadorna Train Station,Small,16,14,36,36,61.1
2026-09-25,milan,36,Cadorna Train Station,Standard,16,1,37,38,97.4
2026-09-25,milan,47,Duomo District,Maxi,16,2,16,17,88.2
2026-09-25,milan,47,Duomo District,Small,16,0,10,11,100.0
2026-09-25,milan,47,Duomo District,Standard,16,9,20,21,57.1
2026-09-25,milan,59,Porta Garibaldi Train Station,Maxi,16,27,30,30,10.0
2026-09-25,milan,59,Porta Garibaldi Train Station,Small,16,9,13,14,35.7
2026-09-25,milan,59,Porta Garibaldi Train Station,Standard,16,30,32,33,9.1
2026-09-25,naples,60,Naples Port - Molo Beverello,Maxi,16,17,22,24,29.2
2026-09-25,naples,60,Naples Port - Molo Beverello,Small,16,8,12,14,42.9
2026-09-25,naples,60,Naples Port - Molo Beverello,Standard,16,26,32,34,23.5
2026-09-25,naples,7,Naples Centrale Train Station,Maxi,16,6,14,17,64.7
2026-09-25,naples,7,Naples Centrale Train Station,Small,16,6,14,17,64.7
2026-09-25,naples,7,Naples Centrale Train Station,Standard,16,0,6,7,100.0
2026-09-25,palermo,26,City Center | Massimo Theater,Maxi,16,4,13,13,69.2
2026-09-25,palermo,26,City Center | Massimo Theater,Small,16,4,13,13,69.2
2026-09-25,palermo,26,City Center | Massimo Theater,Standard,16,11,18,18,38.9
2026-09-25,parma,50,Parma Train Station,Maxi,16,24,31,31,22.6
2026-09-25,parma,50,Parma Train Station,Small,16,24,31,31,22.6
2026-09-25,parma,50,Parma Train Station,Standard,16,24,31,31,22.6
2026-09-25,pisa,13,City Center | Pisa Station,Maxi,16,0,10,12,100.0
2026-09-25,pisa,13,City Center | Pisa Station,Small,16,0,10,12,100.0
2026-09-25,pisa,13,City Center | Pisa Station,Standard,16,0,12,12,100.0
2026-09-25,pisa,39,Pisa Centrale Train Station,Maxi,16,9,15,16,43.8
2026-09-25,pisa,39,Pisa Centrale Train Station,Small,16,6,14,14,57.1
2026-09-25,pisa,39,Pisa Centrale Train Station,Standard,16,17,25,26,34.6
2026-09-25,rome,1,Vatican Museums,Maxi,16,11,27,28,60.7
2026-09-25,rome,1,Vatican Museums,Small,16,11,27,28,60.7
2026-09-25,rome,1,Vatican Museums,Standard,16,0,5,7,100.0
2026-09-25,rome,2,City Center | Termini Station,Maxi,16,0,13,15,100.0
2026-09-25,rome,2,City Center | Termini Station,Small,16,0,5,6,100.0
2026-09-25,rome,2,City Center | Termini Station,Standard,16,1,21,21,95.2
2026-09-25,rome,21,Colosseum,Maxi,16,11,23,23,52.2
2026-09-25,rome,21,Colosseum,Small,16,11,23,23,52.2
2026-09-25,rome,21,Colosseum,Standard,16,0,16,18,100.0
2026-09-25,rome,22,Trastevere,Maxi,16,7,15,15,53.3
2026-09-25,rome,22,Trastevere,Small,16,7,15,15,53.3
2026-09-25,rome,22,Trastevere,Standard,16,2,6,9,77.8
2026-09-25,rome,31,Termini Train Station,Maxi,16,0,13,14,100.0
2026-09-25,rome,31,Termini Train Station,Small,16,0,11,11,100.0
2026-09-25,rome,31,Termini Train Station,Standard,16,0,18,21,100.0
2026-09-25,rome,37,St. Peter's Basilica,Maxi,16,9,17,17,47.1
2026-09-25,rome,37,St. Peter's Basilica,Small,16,0,5,6,100.0
2026-09-25,rome,37,St. Peter's Basilica,Standard,16,17,22,22,22.7
2026-09-25,rome,4,Spanish Steps District,Maxi,16,1,17,17,94.1
2026-09-25,rome,4,Spanish Steps District,Small,16,1,17,17,94.1
2026-09-25,rome,4,Spanish Steps District,Standard,16,0,4,4,100.0
2026-09-25,siena,38,Piazza del Campo,Maxi,16,19,21,21,9.5
2026-09-25,siena,38,Piazza del Campo,Small,16,4,6,6,33.3
2026-09-25,siena,38,Piazza del Campo,Standard,16,26,28,29,10.3
2026-09-25,turin,17,Turin Porta Nuova Train Station,Maxi,16,6,14,14,57.1
2026-09-25,turin,17,Turin Porta Nuova Train Station,Small,16,6,14,14,57.1
2026-09-25,turin,17,Turin Porta Nuova Train Station,Standard,16,0,12,12,100.0
2026-09-25,venice,51,Rialto Bridge,Maxi,16,20,24,25,20.0
2026-09-25,venice,51,Rialto Bridge,Small,16,11,14,14,21.4
2026-09-25,venice,51,Rialto Bridge,Standard,16,24,30,30,20.0
2026-09-25,venice,8,City Center | Rialto District,Maxi,16,8,17,17,52.9
2026-09-25,venice,8,City Center | Rialto District,Small,16,8,17,17,52.9
2026-09-25,venice,8,City Center | Rialto District,Standard,16,8,17,17,52.9
2026-09-25,venice,9,Santa Lucia Train Station,Maxi,16,1,16,16,93.8
2026-09-25,venice,9,Santa Lucia Train Station,Small,16,1,16,16,93.8
2026-09-25,venice,9,Santa Lucia Train Station,Standard,16,0,16,18,100.0
2026-09-25,verona,14,Verona Arena,Maxi,16,6,14,14,57.1
2026-09-25,verona,14,Verona Arena,Small,16,6,14,14,57.1
2026-09-25,verona,14,Verona Arena,Standard,16,0,13,13,100.0
2026-09-26,bari,18,Bari Centrale Train Station,Maxi,29,0,18,19,100.0
2026-09-26,bari,18,Bari Centrale Train Station,Small,29,0,12,13,100.0
2026-09-26,bari,18,Bari Centrale Train Station,Standard,29,0,21,22,100.0
2026-09-26,bologna,32,Bologna Centrale Train Station,Maxi,29,3,21,21,85.7
2026-09-26,bologna,32,Bologna Centrale Train Station,Small,29,7,19,20,65.0
2026-09-26,bologna,32,Bologna Centrale Train Station,Standard,29,8,30,30,73.3
2026-09-26,bologna,48,Sant'Orsola Hospital,Maxi,29,10,10,10,0.0
2026-09-26,bologna,48,Sant'Orsola Hospital,Small,29,29,29,29,0.0
2026-09-26,bologna,48,Sant'Orsola Hospital,Standard,29,10,10,10,0.0
2026-09-26,bologna,56,Piazza Maggiore | City Center,Maxi,29,29,31,31,6.5
2026-09-26,bologna,56,Piazza Maggiore | City Center,Small,29,21,22,22,4.5
2026-09-26,bologna,56,Piazza Maggiore | City Center,Standard,29,32,36,37,13.5
2026-09-26,brescia,40,Brescia Train Station,Maxi,29,12,13,13,7.7
2026-09-26,brescia,40,Brescia Train Station,Small,29,1,4,4,75.0
2026-09-26,brescia,40,Brescia Train Station,Standard,29,11,16,16,31.2
2026-09-26,catania,10,Via Etnea | Bellini Theater,Maxi,29,4,9,9,55.6
2026-09-26,catania,10,Via Etnea | Bellini Theater,Small,29,4,9,9,55.6
2026-09-26,catania,10,Via Etnea | Bellini Theater,Standard,29,7,14,14,50.0
2026-09-26,florence,24,Florence SMN Train Station,Maxi,29,0,19,21,100.0
2026-09-26,florence,24,Florence SMN Train Station,Small,29,0,18,19,100.0
2026-09-26,florence,24,Florence SMN Train Station,Standard,29,0,28,30,100.0
2026-09-26,florence,5,Uffizi District,Maxi,29,0,18,19,100.0
2026-09-26,florence,5,Uffizi District,Small,29,0,18,19,100.0
2026-09-26,florence,5,Uffizi District,Standard,29,0,10,10,100.0
2026-09-26,florence,6,City Center |  Florence Station,Maxi,29,0,15,16,100.0
2026-09-26,florence,6,City Center |  Florence Station,Small,29,0,15,16,100.0
2026-09-26,florence,6,City Center |  Florence Station,Standard,29,0,8,8,100.0
2026-09-26,genoa,25,Genoa Piazza Principe Train Station,Maxi,29,4,8,8,50.0
2026-09-26,genoa,25,Genoa Piazza Principe Train Station,Small,29,4,8,8,50.0
2026-09-26,genoa,25,Genoa Piazza Principe Train Station,Standard,29,2,11,11,81.8
2026-09-26,milan,3,Milano Centrale Train Station,Maxi,29,3,42,46,93.5
2026-09-26,milan,3,Milano Centrale Train Station,Small,29,0,35,35,100.0
2026-09-26,milan,3,Milano Centrale Train Station,Standard,29,18,65,65,72.3
2026-09-26,milan,36,Cadorna Train Station,Maxi,29,0,25,25,100.0
2026-09-26,milan,36,Cadorna Train Station,Small,29,18,36,36,50.0
2026-09-26,milan,36,Cadorna Train Station,Standard,29,3,38,38,92.1
2026-09-26,milan,47,Duomo District,Maxi,29,0,17,17,100.0
2026-09-26,milan,47,Duomo District,Small,29,0,10,11,100.0
2026-09-26,milan,47,Duomo District,Standard,29,0,21,21,100.0
2026-09-26,milan,59,Porta Garibaldi Train Station,Maxi,29,22,30,30,26.7
2026-09-26,milan,59,Porta Garibaldi Train Station,Small,29,11,14,14,21.4
2026-09-26,milan,59,Porta Garibaldi Train Station,Standard,29,25,33,33,24.2
2026-09-26,naples,60,Naples Port - Molo Beverello,Maxi,29,13,24,24,45.8
2026-09-26,naples,60,Naples Port - Molo Beverello,Small,29,8,13,14,42.9
2026-09-26,naples,60,Naples Port - Molo Beverello,Standard,29,26,33,34,23.5
2026-09-26,naples,7,Naples Centrale Train Station,Maxi,29,1,15,17,94.1
2026-09-26,naples,7,Naples Centrale Train Station,Small,29,1,15,17,94.1
2026-09-26,naples,7,Naples Centrale Train Station,Standard,29,0,6,7,100.0
2026-09-26,palermo,26,City Center | Massimo Theater,Maxi,29,8,13,13,38.5
2026-09-26,palermo,26,City Center | Massimo Theater,Small,29,8,13,13,38.5
2026-09-26,palermo,26,City Center | Massimo Theater,Standard,29,1,18,18,94.4
2026-09-26,parma,50,Parma Train Station,Maxi,29,27,31,31,12.9
2026-09-26,parma,50,Parma Train Station,Small,29,27,31,31,12.9
2026-09-26,parma,50,Parma Train Station,Standard,29,27,31,31,12.9
2026-09-26,pisa,13,City Center | Pisa Station,Maxi,29,0,12,12,100.0
2026-09-26,pisa,13,City Center | Pisa Station,Small,29,0,12,12,100.0
2026-09-26,pisa,13,City Center | Pisa Station,Standard,29,0,12,12,100.0
2026-09-26,pisa,39,Pisa Centrale Train Station,Maxi,29,5,16,16,68.8
2026-09-26,pisa,39,Pisa Centrale Train Station,Small,29,6,14,14,57.1
2026-09-26,pisa,39,Pisa Centrale Train Station,Standard,29,9,26,26,65.4
2026-09-26,rome,1,Vatican Museums,Maxi,29,12,28,28,57.1
2026-09-26,rome,1,Vatican Museums,Small,29,12,28,28,57.1
2026-09-26,rome,1,Vatican Museums,Standard,29,0,6,7,100.0
2026-09-26,rome,2,City Center | Termini Station,Maxi,29,0,15,15,100.0
2026-09-26,rome,2,City Center | Termini Station,Small,29,0,6,6,100.0
2026-09-26,rome,2,City Center | Termini Station,Standard,29,0,21,21,100.0
2026-09-26,rome,21,Colosseum,Maxi,29,0,23,23,100.0
2026-09-26,rome,21,Colosseum,Small,29,0,23,23,100.0
2026-09-26,rome,21,Colosseum,Standard,29,0,16,18,100.0
2026-09-26,rome,22,Trastevere,Maxi,29,0,15,15,100.0
2026-09-26,rome,22,Trastevere,Small,29,0,15,15,100.0
2026-09-26,rome,22,Trastevere,Standard,29,0,6,9,100.0
2026-09-26,rome,31,Termini Train Station,Maxi,29,0,13,14,100.0
2026-09-26,rome,31,Termini Train Station,Small,29,0,11,11,100.0
2026-09-26,rome,31,Termini Train Station,Standard,29,0,19,21,100.0
2026-09-26,rome,37,St. Peter's Basilica,Maxi,29,6,16,17,64.7
2026-09-26,rome,37,St. Peter's Basilica,Small,29,2,6,6,66.7
2026-09-26,rome,37,St. Peter's Basilica,Standard,29,15,22,22,31.8
2026-09-26,rome,4,Spanish Steps District,Maxi,29,1,17,17,94.1
2026-09-26,rome,4,Spanish Steps District,Small,29,1,17,17,94.1
2026-09-26,rome,4,Spanish Steps District,Standard,29,0,4,4,100.0
2026-09-26,siena,38,Piazza del Campo,Maxi,29,18,21,21,14.3
2026-09-26,siena,38,Piazza del Campo,Small,29,1,6,6,83.3
2026-09-26,siena,38,Piazza del Campo,Standard,29,27,29,29,6.9
2026-09-26,turin,17,Turin Porta Nuova Train Station,Maxi,29,6,14,14,57.1
2026-09-26,turin,17,Turin Porta Nuova Train Station,Small,29,6,14,14,57.1
2026-09-26,turin,17,Turin Porta Nuova Train Station,Standard,29,0,12,12,100.0
2026-09-26,venice,51,Rialto Bridge,Maxi,29,21,24,25,16.0
2026-09-26,venice,51,Rialto Bridge,Small,29,7,14,14,50.0
2026-09-26,venice,51,Rialto Bridge,Standard,29,26,30,30,13.3
2026-09-26,venice,8,City Center | Rialto District,Maxi,29,3,17,17,82.4
2026-09-26,venice,8,City Center | Rialto District,Small,29,3,17,17,82.4
2026-09-26,venice,8,City Center | Rialto District,Standard,29,3,17,17,82.4
2026-09-26,venice,9,Santa Lucia Train Station,Maxi,29,0,16,16,100.0
2026-09-26,venice,9,Santa Lucia Train Station,Small,29,0,16,16,100.0
2026-09-26,venice,9,Santa Lucia Train Station,Standard,29,0,17,18,100.0
2026-09-26,verona,14,Verona Arena,Maxi,29,5,14,14,64.3
2026-09-26,verona,14,Verona Arena,Small,29,5,14,14,64.3
2026-09-26,verona,14,Verona Arena,Standard,29,0,13,13,100.0
2026-09-27,bari,18,Bari Centrale Train Station,Maxi,31,7,19,19,63.2
2026-09-27,bari,18,Bari Centrale Train Station,Small,31,0,12,13,100.0
2026-09-27,bari,18,Bari Centrale Train Station,Standard,31,2,20,22,90.9
2026-09-27,bologna,32,Bologna Centrale Train Station,Maxi,31,0,21,21,100.0
2026-09-27,bologna,32,Bologna Centrale Train Station,Small,31,0,18,20,100.0
2026-09-27,bologna,32,Bologna Centrale Train Station,Standard,31,0,30,30,100.0
2026-09-27,bologna,48,Sant'Orsola Hospital,Maxi,31,10,10,10,0.0
2026-09-27,bologna,48,Sant'Orsola Hospital,Small,31,29,29,29,0.0
2026-09-27,bologna,48,Sant'Orsola Hospital,Standard,31,10,10,10,0.0
2026-09-27,bologna,56,Piazza Maggiore | City Center,Maxi,31,23,31,31,25.8
2026-09-27,bologna,56,Piazza Maggiore | City Center,Small,31,18,22,22,18.2
2026-09-27,bologna,56,Piazza Maggiore | City Center,Standard,31,32,37,37,13.5
2026-09-27,brescia,40,Brescia Train Station,Maxi,31,11,13,13,15.4
2026-09-27,brescia,40,Brescia Train Station,Small,31,0,4,4,100.0
2026-09-27,brescia,40,Brescia Train Station,Standard,31,12,15,16,25.0
2026-09-27,catania,10,Via Etnea | Bellini Theater,Maxi,31,5,9,9,44.4
2026-09-27,catania,10,Via Etnea | Bellini Theater,Small,31,5,9,9,44.4
2026-09-27,catania,10,Via Etnea | Bellini Theater,Standard,31,11,14,14,21.4
2026-09-27,florence,24,Florence SMN Train Station,Maxi,31,0,21,21,100.0
2026-09-27,florence,24,Florence SMN Train Station,Small,31,0,19,19,100.0
2026-09-27,florence,24,Florence SMN Train Station,Standard,31,0,28,30,100.0
2026-09-27,florence,5,Uffizi District,Maxi,31,0,18,19,100.0
2026-09-27,florence,5,Uffizi District,Small,31,0,18,19,100.0
2026-09-27,florence,5,Uffizi District,Standard,31,0,10,10,100.0
2026-09-27,florence,6,City Center |  Florence Station,Maxi,31,0,15,16,100.0
2026-09-27,florence,6,City Center |  Florence Station,Small,31,0,15,16,100.0
2026-09-27,florence,6,City Center |  Florence Station,Standard,31,0,7,8,100.0
2026-09-27,genoa,25,Genoa Piazza Principe Train Station,Maxi,31,5,8,8,37.5
2026-09-27,genoa,25,Genoa Piazza Principe Train Station,Small,31,5,8,8,37.5
2026-09-27,genoa,25,Genoa Piazza Principe Train Station,Standard,31,0,11,11,100.0
2026-09-27,milan,3,Milano Centrale Train Station,Maxi,31,0,46,46,100.0
2026-09-27,milan,3,Milano Centrale Train Station,Small,31,0,34,35,100.0
2026-09-27,milan,3,Milano Centrale Train Station,Standard,31,0,64,65,100.0
2026-09-27,milan,36,Cadorna Train Station,Maxi,31,0,25,25,100.0
2026-09-27,milan,36,Cadorna Train Station,Small,31,0,36,36,100.0
2026-09-27,milan,36,Cadorna Train Station,Standard,31,0,38,38,100.0
2026-09-27,milan,47,Duomo District,Maxi,31,0,16,17,100.0
2026-09-27,milan,47,Duomo District,Small,31,0,10,11,100.0
2026-09-27,milan,47,Duomo District,Standard,31,0,21,21,100.0
2026-09-27,milan,59,Porta Garibaldi Train Station,Maxi,31,27,30,30,10.0
2026-09-27,milan,59,Porta Garibaldi Train Station,Small,31,11,14,14,21.4
2026-09-27,milan,59,Porta Garibaldi Train Station,Standard,31,25,33,33,24.2
2026-09-27,naples,60,Naples Port - Molo Beverello,Maxi,31,10,24,24,58.3
2026-09-27,naples,60,Naples Port - Molo Beverello,Small,31,10,14,14,28.6
2026-09-27,naples,60,Naples Port - Molo Beverello,Standard,31,26,33,34,23.5
2026-09-27,naples,7,Naples Centrale Train Station,Maxi,31,0,16,17,100.0
2026-09-27,naples,7,Naples Centrale Train Station,Small,31,0,16,17,100.0
2026-09-27,naples,7,Naples Centrale Train Station,Standard,31,0,7,7,100.0
2026-09-27,palermo,26,City Center | Massimo Theater,Maxi,31,6,13,13,53.8
2026-09-27,palermo,26,City Center | Massimo Theater,Small,31,6,13,13,53.8
2026-09-27,palermo,26,City Center | Massimo Theater,Standard,31,9,18,18,50.0
2026-09-27,parma,50,Parma Train Station,Maxi,31,28,31,31,9.7
2026-09-27,parma,50,Parma Train Station,Small,31,28,31,31,9.7
2026-09-27,parma,50,Parma Train Station,Standard,31,28,31,31,9.7
2026-09-27,pisa,13,City Center | Pisa Station,Maxi,31,0,12,12,100.0
2026-09-27,pisa,13,City Center | Pisa Station,Small,31,0,12,12,100.0
2026-09-27,pisa,13,City Center | Pisa Station,Standard,31,0,12,12,100.0
2026-09-27,pisa,39,Pisa Centrale Train Station,Maxi,31,7,16,16,56.2
2026-09-27,pisa,39,Pisa Centrale Train Station,Small,31,9,14,14,35.7
2026-09-27,pisa,39,Pisa Centrale Train Station,Standard,31,14,26,26,46.2
2026-09-27,rome,1,Vatican Museums,Maxi,31,2,27,28,92.9
2026-09-27,rome,1,Vatican Museums,Small,31,2,27,28,92.9
2026-09-27,rome,1,Vatican Museums,Standard,31,0,7,7,100.0
2026-09-27,rome,2,City Center | Termini Station,Maxi,31,0,15,15,100.0
2026-09-27,rome,2,City Center | Termini Station,Small,31,0,6,6,100.0
2026-09-27,rome,2,City Center | Termini Station,Standard,31,0,21,21,100.0
2026-09-27,rome,21,Colosseum,Maxi,31,0,21,23,100.0
2026-09-27,rome,21,Colosseum,Small,31,0,21,23,100.0
2026-09-27,rome,21,Colosseum,Standard,31,0,16,18,100.0
2026-09-27,rome,22,Trastevere,Maxi,31,0,15,15,100.0
2026-09-27,rome,22,Trastevere,Small,31,0,15,15,100.0
2026-09-27,rome,22,Trastevere,Standard,31,0,8,9,100.0
2026-09-27,rome,31,Termini Train Station,Maxi,31,0,10,14,100.0
2026-09-27,rome,31,Termini Train Station,Small,31,0,10,11,100.0
2026-09-27,rome,31,Termini Train Station,Standard,31,0,19,21,100.0
2026-09-27,rome,37,St. Peter's Basilica,Maxi,31,2,16,17,88.2
2026-09-27,rome,37,St. Peter's Basilica,Small,31,0,6,6,100.0
2026-09-27,rome,37,St. Peter's Basilica,Standard,31,10,22,22,54.5
2026-09-27,rome,4,Spanish Steps District,Maxi,31,0,17,17,100.0
2026-09-27,rome,4,Spanish Steps District,Small,31,0,17,17,100.0
2026-09-27,rome,4,Spanish Steps District,Standard,31,0,4,4,100.0
2026-09-27,siena,38,Piazza del Campo,Maxi,31,20,21,21,4.8
2026-09-27,siena,38,Piazza del Campo,Small,31,3,5,6,50.0
2026-09-27,siena,38,Piazza del Campo,Standard,31,28,29,29,3.4
2026-09-27,turin,17,Turin Porta Nuova Train Station,Maxi,31,0,14,14,100.0
2026-09-27,turin,17,Turin Porta Nuova Train Station,Small,31,0,14,14,100.0
2026-09-27,turin,17,Turin Porta Nuova Train Station,Standard,31,0,12,12,100.0
2026-09-27,venice,51,Rialto Bridge,Maxi,31,21,25,25,16.0
2026-09-27,venice,51,Rialto Bridge,Small,31,9,14,14,35.7
2026-09-27,venice,51,Rialto Bridge,Standard,31,26,30,30,13.3
2026-09-27,venice,8,City Center | Rialto District,Maxi,31,1,17,17,94.1
2026-09-27,venice,8,City Center | Rialto District,Small,31,1,17,17,94.1
2026-09-27,venice,8,City Center | Rialto District,Standard,31,1,17,17,94.1
2026-09-27,venice,9,Santa Lucia Train Station,Maxi,31,0,16,16,100.0
2026-09-27,venice,9,Santa Lucia Train Station,Small,31,0,16,16,100.0
2026-09-27,venice,9,Santa Lucia Train Station,Standard,31,0,18,18,100.0
2026-09-27,verona,14,Verona Arena,Maxi,31,0,14,14,100.0
2026-09-27,verona,14,Verona Arena,Small,31,0,14,14,100.0
2026-09-27,verona,14,Verona Arena,Standard,31,0,13,13,100.0
2026-09-28,bari,18,Bari Centrale Train Station,Maxi,29,0,19,19,100.0
2026-09-28,bari,18,Bari Centrale Train Station,Small,29,0,12,13,100.0
2026-09-28,bari,18,Bari Centrale Train Station,Standard,29,0,20,22,100.0
2026-09-28,bologna,32,Bologna Centrale Train Station,Maxi,29,0,20,21,100.0
2026-09-28,bologna,32,Bologna Centrale Train Station,Small,29,9,19,20,55.0
2026-09-28,bologna,32,Bologna Centrale Train Station,Standard,29,6,30,30,80.0
2026-09-28,bologna,48,Sant'Orsola Hospital,Maxi,29,10,10,10,0.0
2026-09-28,bologna,48,Sant'Orsola Hospital,Small,29,29,29,29,0.0
2026-09-28,bologna,48,Sant'Orsola Hospital,Standard,29,10,10,10,0.0
2026-09-28,bologna,56,Piazza Maggiore | City Center,Maxi,29,28,31,31,9.7
2026-09-28,bologna,56,Piazza Maggiore | City Center,Small,29,19,22,22,13.6
2026-09-28,bologna,56,Piazza Maggiore | City Center,Standard,29,32,36,37,13.5
2026-09-28,brescia,40,Brescia Train Station,Maxi,29,9,12,13,30.8
2026-09-28,brescia,40,Brescia Train Station,Small,29,3,4,4,25.0
2026-09-28,brescia,40,Brescia Train Station,Standard,29,12,16,16,25.0
2026-09-28,catania,10,Via Etnea | Bellini Theater,Maxi,29,7,9,9,22.2
2026-09-28,catania,10,Via Etnea | Bellini Theater,Small,29,7,9,9,22.2
2026-09-28,catania,10,Via Etnea | Bellini Theater,Standard,29,12,14,14,14.3
2026-09-28,florence,24,Florence SMN Train Station,Maxi,29,0,21,21,100.0
2026-09-28,florence,24,Florence SMN Train Station,Small,29,2,19,19,89.5
2026-09-28,florence,24,Florence SMN Train Station,Standard,29,0,29,30,100.0
2026-09-28,florence,5,Uffizi District,Maxi,29,1,19,19,94.7
2026-09-28,florence,5,Uffizi District,Small,29,1,19,19,94.7
2026-09-28,florence,5,Uffizi District,Standard,29,0,10,10,100.0
2026-09-28,florence,6,City Center |  Florence Station,Maxi,29,0,16,16,100.0
2026-09-28,florence,6,City Center |  Florence Station,Small,29,0,16,16,100.0
2026-09-28,florence,6,City Center |  Florence Station,Standard,29,0,8,8,100.0
2026-09-28,genoa,25,Genoa Piazza Principe Train Station,Maxi,29,6,8,8,25.0
2026-09-28,genoa,25,Genoa Piazza Principe Train Station,Small,29,6,8,8,25.0
2026-09-28,genoa,25,Genoa Piazza Principe Train Station,Standard,29,6,11,11,45.5
2026-09-28,milan,3,Milano Centrale Train Station,Maxi,29,0,42,46,100.0
2026-09-28,milan,3,Milano Centrale Train Station,Small,29,16,34,35,54.3
2026-09-28,milan,3,Milano Centrale Train Station,Standard,29,22,61,65,66.2
2026-09-28,milan,36,Cadorna Train Station,Maxi,29,0,25,25,100.0
2026-09-28,milan,36,Cadorna Train Station,Small,29,0,36,36,100.0
2026-09-28,milan,36,Cadorna Train Station,Standard,29,0,38,38,100.0
2026-09-28,milan,47,Duomo District,Maxi,29,0,17,17,100.0
2026-09-28,milan,47,Duomo District,Small,29,0,10,11,100.0
2026-09-28,milan,47,Duomo District,Standard,29,0,21,21,100.0
2026-09-28,milan,59,Porta Garibaldi Train Station,Maxi,29,28,30,30,6.7
2026-09-28,milan,59,Porta Garibaldi Train Station,Small,29,11,14,14,21.4
2026-09-28,milan,59,Porta Garibaldi Train Station,Standard,29,26,33,33,21.2
2026-09-28,naples,60,Naples Port - Molo Beverello,Maxi,29,12,23,24,50.0
2026-09-28,naples,60,Naples Port - Molo Beverello,Small,29,9,14,14,35.7
2026-09-28,naples,60,Naples Port - Molo Beverello,Standard,29,25,33,34,26.5
2026-09-28,naples,7,Naples Centrale Train Station,Maxi,29,6,16,17,64.7
2026-09-28,naples,7,Naples Centrale Train Station,Small,29,6,16,17,64.7
2026-09-28,naples,7,Naples Centrale Train Station,Standard,29,0,7,7,100.0
2026-09-28,palermo,26,City Center | Massimo Theater,Maxi,29,10,13,13,23.1
2026-09-28,palermo,26,City Center | Massimo Theater,Small,29,10,13,13,23.1
2026-09-28,palermo,26,City Center | Massimo Theater,Standard,29,8,18,18,55.6
2026-09-28,parma,50,Parma Train Station,Maxi,29,22,31,31,29.0
2026-09-28,parma,50,Parma Train Station,Small,29,22,31,31,29.0
2026-09-28,parma,50,Parma Train Station,Standard,29,22,31,31,29.0
2026-09-28,pisa,13,City Center | Pisa Station,Maxi,29,3,12,12,75.0
2026-09-28,pisa,13,City Center | Pisa Station,Small,29,3,12,12,75.0
2026-09-28,pisa,13,City Center | Pisa Station,Standard,29,0,12,12,100.0
2026-09-28,pisa,39,Pisa Centrale Train Station,Maxi,29,8,16,16,50.0
2026-09-28,pisa,39,Pisa Centrale Train Station,Small,29,9,14,14,35.7
2026-09-28,pisa,39,Pisa Centrale Train Station,Standard,29,19,26,26,26.9
2026-09-28,rome,1,Vatican Museums,Maxi,29,2,27,28,92.9
2026-09-28,rome,1,Vatican Museums,Small,29,2,27,28,92.9
2026-09-28,rome,1,Vatican Museums,Standard,29,0,7,7,100.0
2026-09-28,rome,2,City Center | Termini Station,Maxi,29,0,15,15,100.0
2026-09-28,rome,2,City Center | Termini Station,Small,29,0,6,6,100.0
2026-09-28,rome,2,City Center | Termini Station,Standard,29,0,21,21,100.0
2026-09-28,rome,21,Colosseum,Maxi,29,0,21,23,100.0
2026-09-28,rome,21,Colosseum,Small,29,0,21,23,100.0
2026-09-28,rome,21,Colosseum,Standard,29,0,16,18,100.0
2026-09-28,rome,22,Trastevere,Maxi,29,0,14,15,100.0
2026-09-28,rome,22,Trastevere,Small,29,0,14,15,100.0
2026-09-28,rome,22,Trastevere,Standard,29,0,8,9,100.0
2026-09-28,rome,31,Termini Train Station,Maxi,29,0,8,14,100.0
2026-09-28,rome,31,Termini Train Station,Small,29,0,11,11,100.0
2026-09-28,rome,31,Termini Train Station,Standard,29,0,20,21,100.0
2026-09-28,rome,37,St. Peter's Basilica,Maxi,29,11,16,17,35.3
2026-09-28,rome,37,St. Peter's Basilica,Small,29,0,6,6,100.0
2026-09-28,rome,37,St. Peter's Basilica,Standard,29,11,22,22,50.0
2026-09-28,rome,4,Spanish Steps District,Maxi,29,0,16,17,100.0
2026-09-28,rome,4,Spanish Steps District,Small,29,0,16,17,100.0
2026-09-28,rome,4,Spanish Steps District,Standard,29,0,3,4,100.0
2026-09-28,siena,38,Piazza del Campo,Maxi,29,17,21,21,19.0
2026-09-28,siena,38,Piazza del Campo,Small,29,3,5,6,50.0
2026-09-28,siena,38,Piazza del Campo,Standard,29,27,29,29,6.9
2026-09-28,turin,17,Turin Porta Nuova Train Station,Maxi,29,10,14,14,28.6
2026-09-28,turin,17,Turin Porta Nuova Train Station,Small,29,10,14,14,28.6
2026-09-28,turin,17,Turin Porta Nuova Train Station,Standard,29,4,12,12,66.7
2026-09-28,venice,51,Rialto Bridge,Maxi,29,25,25,25,0.0
2026-09-28,venice,51,Rialto Bridge,Small,29,13,14,14,7.1
2026-09-28,venice,51,Rialto Bridge,Standard,29,28,30,30,6.7
2026-09-28,venice,8,City Center | Rialto District,Maxi,29,0,17,17,100.0
2026-09-28,venice,8,City Center | Rialto District,Small,29,0,17,17,100.0
2026-09-28,venice,8,City Center | Rialto District,Standard,29,0,17,17,100.0
2026-09-28,venice,9,Santa Lucia Train Station,Maxi,29,0,13,16,100.0
2026-09-28,venice,9,Santa Lucia Train Station,Small,29,0,13,16,100.0
2026-09-28,venice,9,Santa Lucia Train Station,Standard,29,0,18,18,100.0
2026-09-28,verona,14,Verona Arena,Maxi,29,12,14,14,14.3
2026-09-28,verona,14,Verona Arena,Small,29,12,14,14,14.3
2026-09-28,verona,14,Verona Arena,Standard,29,2,13,13,84.6
2026-09-29,bari,18,Bari Centrale Train Station,Maxi,30,11,19,19,42.1
2026-09-29,bari,18,Bari Centrale Train Station,Small,30,5,13,13,61.5
2026-09-29,bari,18,Bari Centrale Train Station,Standard,30,6,21,22,72.7
2026-09-29,bologna,32,Bologna Centrale Train Station,Maxi,30,3,19,21,85.7
2026-09-29,bologna,32,Bologna Centrale Train Station,Small,30,7,20,20,65.0
2026-09-29,bologna,32,Bologna Centrale Train Station,Standard,30,10,29,30,66.7
2026-09-29,bologna,48,Sant'Orsola Hospital,Maxi,30,10,10,10,0.0
2026-09-29,bologna,48,Sant'Orsola Hospital,Small,30,29,29,29,0.0
2026-09-29,bologna,48,Sant'Orsola Hospital,Standard,30,10,10,10,0.0
2026-09-29,bologna,56,Piazza Maggiore | City Center,Maxi,30,29,31,31,6.5
2026-09-29,bologna,56,Piazza Maggiore | City Center,Small,30,15,22,22,31.8
2026-09-29,bologna,56,Piazza Maggiore | City Center,Standard,30,28,36,37,24.3
2026-09-29,brescia,40,Brescia Train Station,Maxi,30,8,12,13,38.5
2026-09-29,brescia,40,Brescia Train Station,Small,30,1,4,4,75.0
2026-09-29,brescia,40,Brescia Train Station,Standard,30,10,16,16,37.5
2026-09-29,catania,10,Via Etnea | Bellini Theater,Maxi,30,6,9,9,33.3
2026-09-29,catania,10,Via Etnea | Bellini Theater,Small,30,6,9,9,33.3
2026-09-29,catania,10,Via Etnea | Bellini Theater,Standard,30,10,14,14,28.6
2026-09-29,florence,24,Florence SMN Train Station,Maxi,30,0,21,21,100.0
2026-09-29,florence,24,Florence SMN Train Station,Small,30,6,19,19,68.4
2026-09-29,florence,24,Florence SMN Train Station,Standard,30,1,30,30,96.7
2026-09-29,florence,5,Uffizi District,Maxi,30,10,19,19,47.4
2026-09-29,florence,5,Uffizi District,Small,30,10,19,19,47.4
2026-09-29,florence,5,Uffizi District,Standard,30,0,10,10,100.0
2026-09-29,florence,6,City Center |  Florence Station,Maxi,30,8,15,16,50.0
2026-09-29,florence,6,City Center |  Florence Station,Small,30,8,15,16,50.0
2026-09-29,florence,6,City Center |  Florence Station,Standard,30,0,7,8,100.0
2026-09-29,genoa,25,Genoa Piazza Principe Train Station,Maxi,30,7,8,8,12.5
2026-09-29,genoa,25,Genoa Piazza Principe Train Station,Small,30,7,8,8,12.5
2026-09-29,genoa,25,Genoa Piazza Principe Train Station,Standard,30,3,11,11,72.7
2026-09-29,milan,3,Milano Centrale Train Station,Maxi,30,13,43,46,71.7
2026-09-29,milan,3,Milano Centrale Train Station,Small,30,7,35,35,80.0
2026-09-29,milan,3,Milano Centrale Train Station,Standard,30,33,60,65,49.2
2026-09-29,milan,36,Cadorna Train Station,Maxi,30,4,25,25,84.0
2026-09-29,milan,36,Cadorna Train Station,Small,30,24,36,36,33.3
2026-09-29,milan,36,Cadorna Train Station,Standard,30,6,37,38,84.2
2026-09-29,milan,47,Duomo District,Maxi,30,0,17,17,100.0
2026-09-29,milan,47,Duomo District,Small,30,0,10,11,100.0
2026-09-29,milan,47,Duomo District,Standard,30,3,21,21,85.7
2026-09-29,milan,59,Porta Garibaldi Train Station,Maxi,30,29,30,30,3.3
2026-09-29,milan,59,Porta Garibaldi Train Station,Small,30,14,14,14,0.0
2026-09-29,milan,59,Porta Garibaldi Train Station,Standard,30,31,33,33,6.1
2026-09-29,naples,60,Naples Port - Molo Beverello,Maxi,30,18,22,24,25.0
2026-09-29,naples,60,Naples Port - Molo Beverello,Small,30,12,14,14,14.3
2026-09-29,naples,60,Naples Port - Molo Beverello,Standard,30,32,33,34,5.9
2026-09-29,naples,7,Naples Centrale Train Station,Maxi,30,2,16,17,88.2
2026-09-29,naples,7,Naples Centrale Train Station,Small,30,2,16,17,88.2
2026-09-29,naples,7,Naples Centrale Train Station,Standard,30,0,7,7,100.0
2026-09-29,palermo,26,City Center | Massimo Theater,Maxi,30,9,13,13,30.8
2026-09-29,palermo,26,City Center | Massimo Theater,Small,30,9,13,13,30.8
2026-09-29,palermo,26,City Center | Massimo Theater,Standard,30,12,18,18,33.3
2026-09-29,parma,50,Parma Train Station,Maxi,30,25,31,31,19.4
2026-09-29,parma,50,Parma Train Station,Small,30,25,31,31,19.4
2026-09-29,parma,50,Parma Train Station,Standard,30,25,31,31,19.4
2026-09-29,pisa,13,City Center | Pisa Station,Maxi,30,0,12,12,100.0
2026-09-29,pisa,13,City Center | Pisa Station,Small,30,0,12,12,100.0
2026-09-29,pisa,13,City Center | Pisa Station,Standard,30,0,12,12,100.0
2026-09-29,pisa,39,Pisa Centrale Train Station,Maxi,30,0,16,16,100.0
2026-09-29,pisa,39,Pisa Centrale Train Station,Small,30,10,13,14,28.6
2026-09-29,pisa,39,Pisa Centrale Train Station,Standard,30,20,26,26,23.1
2026-09-29,rome,1,Vatican Museums,Maxi,30,7,28,28,75.0
2026-09-29,rome,1,Vatican Museums,Small,30,7,28,28,75.0
2026-09-29,rome,1,Vatican Museums,Standard,30,0,6,7,100.0
2026-09-29,rome,2,City Center | Termini Station,Maxi,30,0,15,15,100.0
2026-09-29,rome,2,City Center | Termini Station,Small,30,0,6,6,100.0
2026-09-29,rome,2,City Center | Termini Station,Standard,30,0,20,21,100.0
2026-09-29,rome,21,Colosseum,Maxi,30,12,21,23,47.8
2026-09-29,rome,21,Colosseum,Small,30,12,21,23,47.8
2026-09-29,rome,21,Colosseum,Standard,30,0,17,18,100.0
2026-09-29,rome,22,Trastevere,Maxi,30,3,15,15,80.0
2026-09-29,rome,22,Trastevere,Small,30,3,15,15,80.0
2026-09-29,rome,22,Trastevere,Standard,30,0,9,9,100.0
2026-09-29,rome,31,Termini Train Station,Maxi,30,2,13,14,85.7
2026-09-29,rome,31,Termini Train Station,Small,30,0,11,11,100.0
2026-09-29,rome,31,Termini Train Station,Standard,30,0,19,21,100.0
2026-09-29,rome,37,St. Peter's Basilica,Maxi,30,7,16,17,58.8
2026-09-29,rome,37,St. Peter's Basilica,Small,30,3,6,6,50.0
2026-09-29,rome,37,St. Peter's Basilica,Standard,30,17,22,22,22.7
2026-09-29,rome,4,Spanish Steps District,Maxi,30,4,17,17,76.5
2026-09-29,rome,4,Spanish Steps District,Small,30,4,17,17,76.5
2026-09-29,rome,4,Spanish Steps District,Standard,30,0,4,4,100.0
2026-09-29,siena,38,Piazza del Campo,Maxi,30,20,21,21,4.8
2026-09-29,siena,38,Piazza del Campo,Small,30,3,5,6,50.0
2026-09-29,siena,38,Piazza del Campo,Standard,30,25,29,29,13.8
2026-09-29,turin,17,Turin Porta Nuova Train Station,Maxi,30,10,14,14,28.6
2026-09-29,turin,17,Turin Porta Nuova Train Station,Small,30,10,14,14,28.6
2026-09-29,turin,17,Turin Porta Nuova Train Station,Standard,30,5,12,12,58.3
2026-09-29,venice,51,Rialto Bridge,Maxi,30,21,25,25,16.0
2026-09-29,venice,51,Rialto Bridge,Small,30,12,14,14,14.3
2026-09-29,venice,51,Rialto Bridge,Standard,30,27,30,30,10.0
2026-09-29,venice,8,City Center | Rialto District,Maxi,30,11,17,17,35.3
2026-09-29,venice,8,City Center | Rialto District,Small,30,11,17,17,35.3
2026-09-29,venice,8,City Center | Rialto District,Standard,30,11,17,17,35.3
2026-09-29,venice,9,Santa Lucia Train Station,Maxi,30,0,16,16,100.0
2026-09-29,venice,9,Santa Lucia Train Station,Small,30,0,16,16,100.0
2026-09-29,venice,9,Santa Lucia Train Station,Standard,30,0,18,18,100.0
2026-09-29,verona,14,Verona Arena,Maxi,30,5,14,14,64.3
2026-09-29,verona,14,Verona Arena,Small,30,5,14,14,64.3
2026-09-29,verona,14,Verona Arena,Standard,30,0,13,13,100.0
2026-09-30,bari,18,Bari Centrale Train Station,Maxi,22,3,19,19,84.2
2026-09-30,bari,18,Bari Centrale Train Station,Small,22,5,13,13,61.5
2026-09-30,bari,18,Bari Centrale Train Station,Standard,22,3,21,22,86.4
2026-09-30,bologna,32,Bologna Centrale Train Station,Maxi,22,10,18,21,52.4
2026-09-30,bologna,32,Bologna Centrale Train Station,Small,22,6,20,20,70.0
2026-09-30,bologna,32,Bologna Centrale Train Station,Standard,22,18,29,30,40.0
2026-09-30,bologna,48,Sant'Orsola Hospital,Maxi,22,10,10,10,0.0
2026-09-30,bologna,48,Sant'Orsola Hospital,Small,22,29,29,29,0.0
2026-09-30,bologna,48,Sant'Orsola Hospital,Standard,22,10,10,10,0.0
2026-09-30,bologna,56,Piazza Maggiore | City Center,Maxi,22,29,31,31,6.5
2026-09-30,bologna,56,Piazza Maggiore | City Center,Small,22,20,22,22,9.1
2026-09-30,bologna,56,Piazza Maggiore | City Center,Standard,22,36,36,37,2.7
2026-09-30,brescia,40,Brescia Train Station,Maxi,22,12,12,13,7.7
2026-09-30,brescia,40,Brescia Train Station,Small,22,2,4,4,50.0
2026-09-30,brescia,40,Brescia Train Station,Standard,22,15,16,16,6.2
2026-09-30,catania,10,Via Etnea | Bellini Theater,Maxi,22,5,9,9,44.4
2026-09-30,catania,10,Via Etnea | Bellini Theater,Small,22,5,9,9,44.4
2026-09-30,catania,10,Via Etnea | Bellini Theater,Standard,22,10,14,14,28.6
2026-09-30,florence,24,Florence SMN Train Station,Maxi,22,0,18,21,100.0
2026-09-30,florence,24,Florence SMN Train Station,Small,22,0,18,19,100.0
2026-09-30,florence,24,Florence SMN Train Station,Standard,22,0,30,30,100.0
2026-09-30,florence,5,Uffizi District,Maxi,22,3,19,19,84.2
2026-09-30,florence,5,Uffizi District,Small,22,3,19,19,84.2
2026-09-30,florence,5,Uffizi District,Standard,22,0,10,10,100.0
2026-09-30,florence,6,City Center |  Florence Station,Maxi,22,0,15,16,100.0
2026-09-30,florence,6,City Center |  Florence Station,Small,22,0,15,16,100.0
2026-09-30,florence,6,City Center |  Florence Station,Standard,22,0,6,8,100.0
2026-09-30,genoa,25,Genoa Piazza Principe Train Station,Maxi,22,6,8,8,25.0
2026-09-30,genoa,25,Genoa Piazza Principe Train Station,Small,22,6,8,8,25.0
2026-09-30,genoa,25,Genoa Piazza Principe Train Station,Standard,22,8,11,11,27.3
2026-09-30,milan,3,Milano Centrale Train Station,Maxi,22,0,42,46,100.0
2026-09-30,milan,3,Milano Centrale Train Station,Small,22,0,35,35,100.0
2026-09-30,milan,3,Milano Centrale Train Station,Standard,22,17,60,65,73.8
2026-09-30,milan,36,Cadorna Train Station,Maxi,22,0,25,25,100.0
2026-09-30,milan,36,Cadorna Train Station,Small,22,25,36,36,30.6
2026-09-30,milan,36,Cadorna Train Station,Standard,22,7,35,38,81.6
2026-09-30,milan,47,Duomo District,Maxi,22,0,17,17,100.0
2026-09-30,milan,47,Duomo District,Small,22,0,10,11,100.0
2026-09-30,milan,47,Duomo District,Standard,22,1,20,21,95.2
2026-09-30,milan,59,Porta Garibaldi Train Station,Maxi,22,27,30,30,10.0
2026-09-30,milan,59,Porta Garibaldi Train Station,Small,22,12,14,14,14.3
2026-09-30,milan,59,Porta Garibaldi Train Station,Standard,22,30,33,33,9.1
2026-09-30,naples,60,Naples Port - Molo Beverello,Maxi,22,15,22,24,37.5
2026-09-30,naples,60,Naples Port - Molo Beverello,Small,22,12,14,14,14.3
2026-09-30,naples,60,Naples Port - Molo Beverello,Standard,22,28,33,34,17.6
2026-09-30,naples,7,Naples Centrale Train Station,Maxi,22,9,17,17,47.1
2026-09-30,naples,7,Naples Centrale Train Station,Small,22,9,17,17,47.1
2026-09-30,naples,7,Naples Centrale Train Station,Standard,22,0,6,7,100.0
2026-09-30,palermo,26,City Center | Massimo Theater,Maxi,22,7,13,13,46.2
2026-09-30,palermo,26,City Center | Massimo Theater,Small,22,7,13,13,46.2
2026-09-30,palermo,26,City Center | Massimo Theater,Standard,22,11,18,18,38.9
2026-09-30,parma,50,Parma Train Station,Maxi,22,22,31,31,29.0
2026-09-30,parma,50,Parma Train Station,Small,22,22,31,31,29.0
2026-09-30,parma,50,Parma Train Station,Standard,22,22,31,31,29.0
2026-09-30,pisa,13,City Center | Pisa Station,Maxi,22,0,12,12,100.0
2026-09-30,pisa,13,City Center | Pisa Station,Small,22,0,12,12,100.0
2026-09-30,pisa,13,City Center | Pisa Station,Standard,22,1,12,12,91.7
2026-09-30,pisa,39,Pisa Centrale Train Station,Maxi,22,2,16,16,87.5
2026-09-30,pisa,39,Pisa Centrale Train Station,Small,22,10,13,14,28.6
2026-09-30,pisa,39,Pisa Centrale Train Station,Standard,22,21,26,26,19.2
2026-09-30,rome,1,Vatican Museums,Maxi,22,7,28,28,75.0
2026-09-30,rome,1,Vatican Museums,Small,22,7,28,28,75.0
2026-09-30,rome,1,Vatican Museums,Standard,22,0,6,7,100.0
2026-09-30,rome,2,City Center | Termini Station,Maxi,22,4,14,15,73.3
2026-09-30,rome,2,City Center | Termini Station,Small,22,0,5,6,100.0
2026-09-30,rome,2,City Center | Termini Station,Standard,22,6,21,21,71.4
2026-09-30,rome,21,Colosseum,Maxi,22,3,21,23,87.0
2026-09-30,rome,21,Colosseum,Small,22,3,21,23,87.0
2026-09-30,rome,21,Colosseum,Standard,22,0,17,18,100.0
2026-09-30,rome,22,Trastevere,Maxi,22,10,15,15,33.3
2026-09-30,rome,22,Trastevere,Small,22,10,15,15,33.3
2026-09-30,rome,22,Trastevere,Standard,22,2,9,9,77.8
2026-09-30,rome,31,Termini Train Station,Maxi,22,6,14,14,57.1
2026-09-30,rome,31,Termini Train Station,Small,22,2,11,11,81.8
2026-09-30,rome,31,Termini Train Station,Standard,22,6,19,21,71.4
2026-09-30,rome,37,St. Peter's Basilica,Maxi,22,2,16,17,88.2
2026-09-30,rome,37,St. Peter's Basilica,Small,22,4,6,6,33.3
2026-09-30,rome,37,St. Peter's Basilica,Standard,22,15,22,22,31.8
2026-09-30,rome,4,Spanish Steps District,Maxi,22,7,17,17,58.8
2026-09-30,rome,4,Spanish Steps District,Small,22,7,17,17,58.8
2026-09-30,rome,4,Spanish Steps District,Standard,22,0,4,4,100.0
2026-09-30,siena,38,Piazza del Campo,Maxi,22,17,21,21,19.0
2026-09-30,siena,38,Piazza del Campo,Small,22,3,5,6,50.0
2026-09-30,siena,38,Piazza del Campo,Standard,22,25,29,29,13.8
2026-09-30,turin,17,Turin Porta Nuova Train Station,Maxi,22,11,14,14,21.4
2026-09-30,turin,17,Turin Porta Nuova Train Station,Small,22,11,14,14,21.4
2026-09-30,turin,17,Turin Porta Nuova Train Station,Standard,22,1,12,12,91.7
2026-09-30,venice,51,Rialto Bridge,Maxi,22,23,25,25,8.0
2026-09-30,venice,51,Rialto Bridge,Small,22,9,14,14,35.7
2026-09-30,venice,51,Rialto Bridge,Standard,22,22,30,30,26.7
2026-09-30,venice,8,City Center | Rialto District,Maxi,22,12,17,17,29.4
2026-09-30,venice,8,City Center | Rialto District,Small,22,12,17,17,29.4
2026-09-30,venice,8,City Center | Rialto District,Standard,22,12,17,17,29.4
2026-09-30,venice,9,Santa Lucia Train Station,Maxi,22,0,15,16,100.0
2026-09-30,venice,9,Santa Lucia Train Station,Small,22,0,15,16,100.0
2026-09-30,venice,9,Santa Lucia Train Station,Standard,22,0,17,18,100.0
2026-09-30,verona,14,Verona Arena,Maxi,22,10,14,14,28.6
2026-09-30,verona,14,Verona Arena,Small,22,10,14,14,28.6
2026-09-30,verona,14,Verona Arena,Standard,22,2,13,13,84.6
