day,shop_id,name,city,locker_type,capacity,min_free,max_occupied,readings
2026-09-29,mestre,Mestre Central Station,Mestre,large,4,4,0,18
2026-09-29,mestre,Mestre Central Station,Mestre,medium,8,8,0,18
2026-09-29,mestre,Mestre Central Station,Mestre,small,12,12,0,18
2026-09-29,venice-old-town,Venice Old Town,Venice,large,4,4,0,18
2026-09-29,venice-old-town,Venice Old Town,Venice,medium,8,8,0,18
2026-09-29,venice-old-town,Venice Old Town,Venice,small,12,12,0,18
2026-09-30,mestre,Mestre Central Station,Mestre,large,4,4,0,26
2026-09-30,mestre,Mestre Central Station,Mestre,medium,8,8,0,26
2026-09-30,mestre,Mestre Central Station,Mestre,small,12,12,0,26
2026-09-30,venice-old-town,Venice Old Town,Venice,large,4,1,3,26
2026-09-30,venice-old-town,Venice Old Town,Venice,medium,8,7,1,26
2026-09-30,venice-old-town,Venice Old Town,Venice,small,12,12,0,26
2026-10-01,mestre,Mestre Central Station,Mestre,large,4,3,1,3
2026-10-01,mestre,Mestre Central Station,Mestre,medium,8,8,0,3
2026-10-01,mestre,Mestre Central Station,Mestre,small,12,12,0,3
2026-10-01,venice-old-town,Venice Old Town,Venice,large,4,4,0,3
2026-10-01,venice-old-town,Venice Old Town,Venice,medium,8,8,0,3
2026-10-01,venice-old-town,Venice Old Town,Venice,small,12,12,0,3
