read_at,city,shop_id,name,day,hour,weekday,locker_type,free,capacity,status
2026-09-29 10:50,Venice,venice-old-town,Venice Old Town,2026-09-29,10,Tue,small,12,12,read
2026-09-29 10:50,Venice,venice-old-town,Venice Old Town,2026-09-29,10,Tue,medium,8,8,read
2026-09-29 10:50,Venice,venice-old-town,Venice Old Town,2026-09-29,10,Tue,large,4,4,read
2026-09-29 10:50,Mestre,mestre,Mestre Central Station,2026-09-29,10,Tue,small,12,12,read
2026-09-29 10:50,Mestre,mestre,Mestre Central Station,2026-09-29,10,Tue,medium,8,8,read
2026-09-29 10:50,Mestre,mestre,Mestre Central Station,2026-09-29,10,Tue,large,4,4,read
2026-09-29 11:01,Venice,venice-old-town,Venice Old Town,2026-09-29,11,Tue,small,12,12,read
2026-09-29 11:01,Venice,venice-old-town,Venice Old Town,2026-09-29,11,Tue,medium,8,8,read
2026-09-29 11:01,Venice,venice-old-town,Venice Old Town,2026-09-29,11,Tue,large,4,4,read
2026-09-29 11:01,Mestre,mestre,Mestre Central Station,2026-09-29,11,Tue,small,12,12,read
2026-09-29 11:01,Mestre,mestre,Mestre Central Station,2026-09-29,11,Tue,medium,8,8,read
2026-09-29 11:01,Mestre,mestre,Mestre Central Station,2026-09-29,11,Tue,large,4,4,read
2026-09-29 11:22,Venice,venice-old-town,Venice Old Town,2026-09-29,11,Tue,small,12,12,read
2026-09-29 11:22,Venice,venice-old-town,Venice Old Town,2026-09-29,11,Tue,medium,8,8,read
2026-09-29 11:22,Venice,venice-old-town,Venice Old Town,2026-09-29,11,Tue,large,4,4,read
2026-09-29 11:22,Mestre,mestre,Mestre Central Station,2026-09-29,11,Tue,small,12,12,read
2026-09-29 11:22,Mestre,mestre,Mestre Central Station,2026-09-29,11,Tue,medium,8,8,read
2026-09-29 11:22,Mestre,mestre,Mestre Central Station,2026-09-29,11,Tue,large,4,4,read
